trial,outer_trial,inner_trial,method,budget,theta_true,theta_hat,bias,sq_error,covered,theta_pool,bias_pool,sq_error_pool,covered_pool,ci_low,ci_high,ci_width,var_hat,actual_cost,budget_left,algo_compute_time_sec,n_pilot,num_strata,epsilon_gap,covariance_method
0,0,0,Classical,200.0,0.23202291529163466,0.2846639549436796,0.05264103965204492,0.0027710790556481654,1.0,0.2329832371874245,0.051680717756255073,0.0026708965878016982,1.0,0.22592480494547262,0.34340310494188653,0.11747829999641388,0.000898171216602658,197.0,3.0,0.007170600816607475,800,5,0.0001,ledoitwolf
0,0,0,MultiPPI,200.0,0.23202291529163466,0.26410893710632294,0.03208602181468828,0.0010295127958926524,1.0,0.2329832371874245,0.031125699918898436,0.0009688091954413141,1.0,0.21250497183139322,0.31571290238125266,0.10320793054985941,0.0006932182164105487,199.95797526723956,0.04202473276043861,0.2036037128418684,800,5,0.0001,ledoitwolf
0,0,0,OMPPI(DAG),200.0,0.23202291529163466,0.2531986747123555,0.021175759420720863,0.0004484127870442484,1.0,0.2329832371874245,0.020215437524931018,0.0004086639143243891,1.0,0.2034770682723579,0.30292028115235314,0.09944321287999527,0.0006435675253515533,197.15740934814505,2.842590651854948,0.008991597220301628,800,5,0.0001,ledoitwolf
0,0,0,OMPPI(Exhaustive),200.0,0.23202291529163466,0.2346370753225407,0.002614160030906032,6.8338326671866265e-06,1.0,0.2329832371874245,0.0016538381351161868,2.735180577164587e-06,1.0,0.18589371722880707,0.28338043341627434,0.09748671618746725,0.0006184928875079378,197.15740934814505,2.842590651854948,0.008817339316010475,800,5,0.0001,ledoitwolf
0,0,0,VectorPPI++,200.0,0.23202291529163466,0.225145548496941,-0.006877366794693668,4.729817402875506e-05,1.0,0.2329832371874245,-0.007837688690483513,6.142936400893317e-05,1.0,0.16826624646039123,0.28202485053349075,0.11375860407309953,0.0008421943722880949,198.42297212324462,1.5770278767553805,0.007642457261681557,800,5,0.0001,ledoitwolf
0,0,0,Classical,511.1111111111111,0.23202291529163466,0.20884004364370565,-0.02318287164792901,0.0005374455378443508,1.0,0.2329832371874245,-0.024143193543718855,0.0005828937944894678,1.0,0.17479493742213342,0.24288514986527787,0.06809021244314445,0.00030172632630972733,509.0,2.111111111111086,0.004506606608629227,800,5,0.0001,ledoitwolf
0,0,0,MultiPPI,511.1111111111111,0.23202291529163466,0.22756173362653187,-0.004461181665102787,1.9902141849049275e-05,1.0,0.2329832371874245,-0.005421503560892632,2.939270086077149e-05,1.0,0.1984766789055459,0.2566467883475178,0.058170109441971915,0.00022021332197175338,511.0678054915113,0.043305619599777856,0.010349847376346588,800,5,0.0001,ledoitwolf
0,0,0,OMPPI(DAG),511.1111111111111,0.23202291529163466,0.23554349322723075,0.0035205779355960976,1.239446900060608e-05,1.0,0.2329832371874245,0.0025602560398062524,6.554910989364395e-06,1.0,0.20573567354951305,0.26535131290494846,0.0596156393554354,0.000231293931657658,508.69817648291763,2.4129346281934545,0.00892944261431694,800,5,0.0001,ledoitwolf
0,0,0,OMPPI(Exhaustive),511.1111111111111,0.23202291529163466,0.2565770889793914,0.024554173687756753,0.000602907445488526,1.0,0.2329832371874245,0.023593851791966908,0.0005566698423813001,1.0,0.2251397504411525,0.2880144275176303,0.0628746770764778,0.00025727368182206905,508.69817648291763,2.4129346281934545,0.00847545638680458,800,5,0.0001,ledoitwolf
0,0,0,VectorPPI++,511.1111111111111,0.23202291529163466,0.24427142044843878,0.012248505156804118,0.00015002587857625708,1.0,0.2329832371874245,0.011288183261014273,0.00012742308133424282,1.0,0.20961350652227553,0.278929334374602,0.06931582785232648,0.0003126861574677238,509.5522951163278,1.5588159947832878,0.00482122041285038,800,5,0.0001,ledoitwolf
0,0,0,Classical,822.2222222222222,0.23202291529163466,0.23771231773221396,0.005689402440579305,3.236930013086976e-05,1.0,0.2329832371874245,0.00472908054478946,2.2364202799106177e-05,1.0,0.20922586516986674,0.2661987702945612,0.05697290512469442,0.00021124213937043568,819.0,3.2222222222221717,0.004524067044258118,800,5,0.0001,ledoitwolf
0,0,0,MultiPPI,822.2222222222222,0.23202291529163466,0.23446716486903657,0.0024442495774019135,5.974355996629433e-06,1.0,0.2329832371874245,0.0014839276816120683,2.202041364254568e-06,1.0,0.2098505608471158,0.2590837688909573,0.0492332080438415,0.0001577466326874614,822.1829805072312,0.03924171499102158,0.010171420872211456,800,5,0.0001,ledoitwolf
0,0,0,OMPPI(DAG),822.2222222222222,0.23202291529163466,0.23877331358642337,0.006750398294788712,4.556787713828635e-05,1.0,0.2329832371874245,0.005790076398998867,3.352498470624368e-05,1.0,0.21417883799247273,0.263367789180374,0.0491889511879013,0.00015746315604969445,819.1284845944247,3.093737627797509,0.009034581482410431,800,5,0.0001,ledoitwolf
0,0,0,OMPPI(Exhaustive),822.2222222222222,0.23202291529163466,0.22525323502617062,-0.00676968026546404,4.582857089661327e-05,1.0,0.2329832371874245,-0.007730002161253885,5.975293341298973e-05,1.0,0.20137660687791337,0.24912986317442787,0.0477532562965145,0.000148405436148119,819.1284845944247,3.093737627797509,0.00849350355565548,800,5,0.0001,ledoitwolf
0,0,0,VectorPPI++,822.2222222222222,0.23202291529163466,0.2389885987393706,0.006965683447735932,4.852074589406234e-05,1.0,0.2329832371874245,0.006005361551946087,3.606436736959231e-05,1.0,0.21012196914257977,0.26785522833616143,0.05773325919358164,0.00021691819258594873,820.264095577447,1.9581266447751204,0.004840891808271408,800,5,0.0001,ledoitwolf
0,0,0,Classical,1133.3333333333333,0.23202291529163466,0.22158050646699562,-0.010442408824639038,0.00010904390206089925,1.0,0.2329832371874245,-0.011402730720428883,0.0001300222678826126,1.0,0.1985564005805704,0.24460461235342085,0.04604821177285043,0.00013799691122903484,1131.0,2.3333333333332575,0.004453115165233612,800,5,0.0001,ledoitwolf
0,0,0,MultiPPI,1133.3333333333333,0.23202291529163466,0.21325707211155343,-0.018765843180081232,0.0003521568702594013,1.0,0.2329832371874245,-0.019726165075871077,0.0003891215886005158,1.0,0.19343196174855296,0.2330821824745539,0.03965022072600094,0.00010231399560704645,1133.3040243135613,0.02930901977197209,0.010319171473383904,800,5,0.0001,ledoitwolf
0,0,0,OMPPI(DAG),1133.3333333333333,0.23202291529163466,0.232514915567781,0.0004920002761463482,2.420642717280829e-07,1.0,0.2329832371874245,-0.00046832161964349694,2.1932513942550823e-07,1.0,0.21276201779356993,0.25226781334199205,0.03950579554842214,0.0001015699994951216,1131.4703416474533,1.8629916858799334,0.00916987657546997,800,5,0.0001,ledoitwolf
0,0,0,OMPPI(Exhaustive),1133.3333333333333,0.23202291529163466,0.24347236341411363,0.011449448122478972,0.00013108986230933728,1.0,0.2329832371874245,0.010489126226689127,0.00011002176899941769,1.0,0.22342199559000125,0.263522731238226,0.04010073564822473,0.00010465223464495155,1131.4703416474533,1.8629916858799334,0.00850992277264595,800,5,0.0001,ledoitwolf
0,0,0,VectorPPI++,1133.3333333333333,0.23202291529163466,0.25583353591511043,0.023810620623475776,0.0005669456544750899,1.0,0.2329832371874245,0.02285029872768593,0.0005221361519444853,1.0,0.2316619190828274,0.28000515274739346,0.04834323366456606,0.0001520950991688973,1131.5583735066025,1.7749598267307647,0.004779711365699768,800,5,0.0001,ledoitwolf
0,0,0,Classical,1444.4444444444443,0.23202291529163466,0.23590074814634193,0.003877832854707275,1.5037587649047172e-05,1.0,0.2329832371874245,0.0029175109589174297,8.5118701954033e-06,1.0,0.21535196761991426,0.2564495286727696,0.041097561052855364,0.0001099197989182129,1443.0,1.4444444444443434,0.004652392119169235,800,5,0.0001,ledoitwolf
0,0,0,MultiPPI,1444.4444444444443,0.23202291529163466,0.23037505104434672,-0.001647864247287939,2.715456577489846e-06,1.0,0.2329832371874245,-0.002608186143077784,6.802634956942968e-06,1.0,0.21212926818662697,0.24862083390206646,0.036491565715439496,8.66620228486285e-05,1444.408090547055,0.03635389738929007,0.01038317196071148,800,5,0.0001,ledoitwolf
0,0,0,OMPPI(DAG),1444.4444444444443,0.23202291529163466,0.2292393586580747,-0.002783556633559947,7.748187532235586e-06,1.0,0.2329832371874245,-0.0037438785293497923,1.4016626442526363e-05,1.0,0.21165280614919754,0.24682591116695188,0.03517310501775435,8.05128581572581e-05,1441.7361140222174,2.708330422226936,0.009238127619028091,800,5,0.0001,ledoitwolf
0,0,0,OMPPI(Exhaustive),1444.4444444444443,0.23202291529163466,0.2229826982061855,-0.009040217085449165,8.1725524952047e-05,1.0,0.2329832371874245,-0.01000053898123901,0.00010001077991528097,1.0,0.2053182408965167,0.24064715551585428,0.035328914619337556,8.122774878235672e-05,1441.7361140222174,2.708330422226936,0.008663034066557884,800,5,0.0001,ledoitwolf
0,0,0,VectorPPI++,1444.4444444444443,0.23202291529163466,0.23334512157445886,0.001322206282824201,1.7482294543397908e-06,1.0,0.2329832371874245,0.00036188438703435577,1.309603095792314e-07,1.0,0.2127333572671505,0.2539568858817672,0.04122352861461669,0.00011059465887578193,1443.1052190316495,1.3392254127948036,0.005048856139183044,800,5,0.0001,ledoitwolf
0,0,0,Classical,1755.5555555555554,0.23202291529163466,0.23137731908420017,-0.0006455962074344845,4.1679446305379e-07,1.0,0.2329832371874245,-0.0016059181032243297,2.578972954263629e-06,1.0,0.212452688503055,0.25030194966534536,0.037849261162290385,9.323063433701004e-05,1752.0,3.5555555555554292,0.00456082820892334,800,5,0.0001,ledoitwolf
0,0,0,MultiPPI,1755.5555555555554,0.23202291529163466,0.2253116715067116,-0.006711243784923049,4.504079314066825e-05,1.0,0.2329832371874245,-0.007671565680712894,5.885291999349189e-05,1.0,0.20944031455074416,0.24118302846267906,0.0317427139119349,6.557403928599703e-05,1755.5117375812201,0.04381797433529755,0.017943141981959343,800,5,0.0001,ledoitwolf
0,0,0,OMPPI(DAG),1755.5555555555554,0.23202291529163466,0.2423309741911971,0.010308058899562433,0.00010625607827684828,1.0,0.2329832371874245,0.009347737003772588,8.738018709169933e-05,1.0,0.22575748401128048,0.2589044643711137,0.033146980359833204,7.150423564716469e-05,1752.605952630476,2.949602925079489,0.01422831229865551,800,5,0.0001,ledoitwolf
0,0,0,OMPPI(Exhaustive),1755.5555555555554,0.23202291529163466,0.23827288831854887,0.006249973026914213,3.906216283715521e-05,1.0,0.2329832371874245,0.005289651131124368,2.7980409089005302e-05,1.0,0.22152126424642019,0.2550245123906775,0.03350324814425735,7.304956844577482e-05,1752.605952630476,2.949602925079489,0.013802330940961838,800,5,0.0001,ledoitwolf
0,0,0,VectorPPI++,1755.5555555555554,0.23202291529163466,0.22368518040749635,-0.008337734884138304,6.951782299817678e-05,1.0,0.2329832371874245,-0.009298056779928149,8.645385988276782e-05,1.0,0.2049052654338962,0.2424650953810965,0.037559829947200286,9.181022701993278e-05,1753.729406832949,1.8261487226063764,0.006146179512143135,800,5,0.0001,ledoitwolf
0,0,0,Classical,2066.6666666666665,0.23202291529163466,0.23080953938010104,-0.0012133759115336151,1.4722811026900315e-06,1.0,0.2329832371874245,-0.0021736978073234603,4.724962157562819e-06,1.0,0.21333931529400502,0.24827976346619707,0.03494044817219204,7.945125637537366e-05,2063.0,3.666666666666515,0.007360730320215225,800,5,0.0001,ledoitwolf
0,0,0,MultiPPI,2066.6666666666665,0.23202291529163466,0.22752451872898669,-0.004498396562647972,2.0235571634843087e-05,1.0,0.2329832371874245,-0.005458718458437817,2.9797607208489737e-05,1.0,0.21244490190848783,0.24260413554948554,0.03015923364099769,5.919491892717543e-05,2066.6336197862083,0.033046880458186934,0.018570294603705406,800,5,0.0001,ledoitwolf
0,0,0,OMPPI(DAG),2066.6666666666665,0.23202291529163466,0.2321230523683656,0.00010013707673095507,1.0027434136221182e-08,1.0,0.2329832371874245,-0.0008601848190588901,7.399179229393755e-07,1.0,0.2178094901984867,0.24643661453824453,0.028627124339757816,5.333340055275369e-05,2064.6095158247745,2.057150841892053,0.01585361920297146,800,5,0.0001,ledoitwolf
0,0,0,OMPPI(Exhaustive),2066.6666666666665,0.23202291529163466,0.2269240493207237,-0.005098865970910971,2.5998434189313878e-05,1.0,0.2329832371874245,-0.006059187866700816,3.6713757603974386e-05,1.0,0.21182553820555897,0.2420225604358884,0.030197022230329443,5.934335067362793e-05,2064.6095158247745,2.057150841892053,0.014799928292632103,800,5,0.0001,ledoitwolf
0,0,0,VectorPPI++,2066.6666666666665,0.23202291529163466,0.21569454432069235,-0.016328370970942307,0.00026661569856471144,1.0,0.2329832371874245,-0.017288692866732153,0.0002988989010401952,0.0,0.19903105364738008,0.23235803499400462,0.033326981346624554,7.228293582733027e-05,2064.4412072940686,2.225459372597925,0.007345648482441902,800,5,0.0001,ledoitwolf
0,0,0,Classical,2377.7777777777774,0.23202291529163466,0.2281242090574196,-0.003898706234215066,1.5199910300707419e-05,1.0,0.2329832371874245,-0.004859028130004911,2.3610154368179022e-05,1.0,0.2120169900659739,0.24423142804886527,0.032214437982891336,6.753749441247648e-05,2376.0,1.7777777777773736,0.00693894736468792,800,5,0.0001,ledoitwolf
0,0,0,MultiPPI,2377.7777777777774,0.23202291529163466,0.2353199767369668,0.00329706144533215,1.0870614174295727e-05,1.0,0.2329832371874245,0.002336739549542305,5.460351722395174e-06,1.0,0.22108137307004894,0.24955858040388468,0.028477207333835765,5.2776261271215204e-05,2377.7241668413335,0.05361093644387438,0.019130228087306023,800,5,0.0001,ledoitwolf
0,0,0,OMPPI(DAG),2377.7777777777774,0.23202291529163466,0.23319512579386292,0.0011722105022282658,1.3740774615342431e-06,1.0,0.2329832371874245,0.00021188860643842067,4.4896781538415925e-08,1.0,0.2196772505731702,0.24671300101455565,0.027035750441385453,4.756863447235908e-05,2374.6438901697757,3.1338876080017144,0.014615718275308609,800,5,0.0001,ledoitwolf
0,0,0,OMPPI(Exhaustive),2377.7777777777774,0.23202291529163466,0.23592835328253745,0.003905437990902788,1.5252445900786806e-05,1.0,0.2329832371874245,0.002945116095112943,8.673708813693308e-06,1.0,0.22173816347544395,0.25011854308963094,0.028380379614187018,5.241797352521298e-05,2374.6438901697757,3.1338876080017144,0.015292363241314888,800,5,0.0001,ledoitwolf
0,0,0,VectorPPI++,2377.7777777777774,0.23202291529163466,0.24190792724308421,0.009885011951449557,9.771346128030058e-05,1.0,0.2329832371874245,0.008924690055659712,7.965009258959135e-05,1.0,0.22558399404706103,0.2582318604391074,0.03264786639204634,6.936708355501198e-05,2375.9004401592956,1.8773376184817607,0.007914511486887932,800,5,0.0001,ledoitwolf
0,0,0,Classical,2688.8888888888887,0.23202291529163466,0.2360080863190796,0.003985171027444945,1.5881588117986598e-05,1.0,0.2329832371874245,0.0030248491316550996,9.14971226927461e-06,1.0,0.22064482572452415,0.25137134691363505,0.030726521189110893,6.144274535098913e-05,2686.0,2.888888888888687,0.006243927404284477,800,5,0.0001,ledoitwolf
0,0,0,MultiPPI,2688.8888888888887,0.23202291529163466,0.22772597339677922,-0.004296941894855438,1.8463709647763844e-05,1.0,0.2329832371874245,-0.0052572637906452835,2.7638822564430014e-05,1.0,0.21461799228098016,0.24083395451257827,0.026215962231598097,4.47275831792199e-05,2688.84101865437,0.04787023451854111,0.01527121476829052,800,5,0.0001,ledoitwolf
0,0,0,OMPPI(DAG),2688.8888888888887,0.23202291529163466,0.2236183094910726,-0.00840460580056207,7.06373986628416e-05,1.0,0.2329832371874245,-0.009364927696351916,8.77018707578992e-05,1.0,0.2110647608138187,0.23617185816832648,0.025107097354507762,4.10238900761422e-05,2686.563403898553,2.3254849903355534,0.013108624145388603,800,5,0.0001,ledoitwolf
0,0,0,OMPPI(Exhaustive),2688.8888888888887,0.23202291529163466,0.23743390599995992,0.005410990708325264,2.9278820445582342e-05,1.0,0.2329832371874245,0.004450668812535419,1.9808452878875434e-05,1.0,0.22393948429765667,0.2509283277022632,0.026988843404606513,4.7403714468736384e-05,2686.563403898553,2.3254849903355534,0.012661773711442947,800,5,0.0001,ledoitwolf
0,0,0,VectorPPI++,2688.8888888888887,0.23202291529163466,0.22160550434245416,-0.0104174109491805,0.00010852245088410577,1.0,0.2329832371874245,-0.011377732844970345,0.00012945280469151699,1.0,0.20667831420671723,0.23653269447819109,0.029854380271473864,5.800426758399554e-05,2687.4472856843427,1.441603204546027,0.006826603785157204,800,5,0.0001,ledoitwolf
0,0,0,Classical,3000.0,0.23202291529163466,0.23304774266454997,0.0010248273729153157,1.0502711442765074e-06,1.0,0.2329832371874245,6.45054771254705e-05,4.160956579184598e-09,1.0,0.21853080010753437,0.24756468522156558,0.029033885114031235,5.485978922080742e-05,2997.0,3.0,0.006119430065155029,800,5,0.0001,ledoitwolf
0,0,0,MultiPPI,3000.0,0.23202291529163466,0.23656933834896898,0.004546423057334326,2.0669962616261196e-05,1.0,0.2329832371874245,0.0035861011615444804,1.2860121540830672e-05,1.0,0.22402430452612115,0.2491143721718168,0.025090067645695654,4.0968257363216735e-05,2999.9772584363864,0.022741563613635662,0.016021640971302986,800,5,0.0001,ledoitwolf
0,0,0,OMPPI(DAG),3000.0,0.23202291529163466,0.2395785378368293,0.007555622545194651,5.70874320454537e-05,1.0,0.2329832371874245,0.006595300649404806,4.3497990656039454e-05,1.0,0.226986808363551,0.2521702673101076,0.025183458946556627,4.1273812509482156e-05,2997.4332425068123,2.5667574931876516,0.01265832781791687,800,5,0.0001,ledoitwolf
0,0,0,OMPPI(Exhaustive),3000.0,0.23202291529163466,0.2229093222431012,-0.009113593048533458,8.305757825427738e-05,1.0,0.2329832371874245,-0.010073914944323303,0.00010148376230546039,1.0,0.21055830562047323,0.23526033886572917,0.024702033245255946,3.971085432197036e-05,2997.4332425068123,2.5667574931876516,0.011989418417215347,800,5,0.0001,ledoitwolf
0,0,0,VectorPPI++,3000.0,0.23202291529163466,0.22574168879567444,-0.006281226495960218,3.945380629355268e-05,1.0,0.2329832371874245,-0.007241548391750063,5.244002311005793e-05,1.0,0.2115952688556596,0.23988810873568928,0.02829283988002967,5.209510408941174e-05,2999.1590861454624,0.8409138545375754,0.0066263433545827866,800,5,0.0001,ledoitwolf
1,0,1,Classical,200.0,0.23202291529163466,0.21213764315062508,-0.019885272141009575,0.0003954240481220115,1.0,0.2351347585000612,-0.022997115349436104,0.0005288673143952696,1.0,0.1614393074752495,0.2628359788260006,0.10139667135075114,0.0006691002976282381,197.0,3.0,0.007304253056645393,800,5,0.0001,ledoitwolf
1,0,1,MultiPPI,200.0,0.23202291529163466,0.2497284558002976,0.017705540508662937,0.0003134861647039042,1.0,0.2351347585000612,0.014593697300236408,0.00021297600089092742,1.0,0.20187977567944654,0.29757713592114865,0.09569736024170208,0.0005959965461490563,199.95430727310838,0.045692726891616076,0.33182655833661556,800,5,0.0001,ledoitwolf
1,0,1,OMPPI(DAG),200.0,0.23202291529163466,0.27589161285240416,0.0438686975607695,0.0019244626256782638,1.0,0.2351347585000612,0.04075685435234297,0.001661121176698098,1.0,0.22653800853581643,0.3252452171689919,0.09870720863317546,0.0006340763685703597,197.84133305386712,2.1586669461328825,0.014696381986141205,800,5,0.0001,ledoitwolf
1,0,1,OMPPI(Exhaustive),200.0,0.23202291529163466,0.2136594686253343,-0.018363446666300354,0.0003372161734660576,1.0,0.2351347585000612,-0.021475289874726883,0.00046118807520354697,1.0,0.1659857247636663,0.2613332124870023,0.095347487723336,0.0005916465488434548,197.84133305386712,2.1586669461328825,0.014693183824419975,800,5,0.0001,ledoitwolf
1,0,1,VectorPPI++,200.0,0.23202291529163466,0.2136073282511768,-0.01841558704045787,0.0003391338460446799,1.0,0.2351347585000612,-0.0215274302488844,0.00046343025312058306,1.0,0.15812037739515838,0.2690942791071952,0.11097390171203678,0.0008014668018078302,197.35590023055963,2.6440997694403734,0.008199591189622879,800,5,0.0001,ledoitwolf
1,0,1,Classical,511.1111111111111,0.23202291529163466,0.24508225037410108,0.013059335082466428,0.00017054623279613842,1.0,0.2351347585000612,0.009947491874039899,9.895259458408982e-05,1.0,0.20883121000304838,0.2813332907451538,0.07250208074210542,0.0003420934570232455,507.0,4.111111111111086,0.0068045929074287415,800,5,0.0001,ledoitwolf
1,0,1,MultiPPI,511.1111111111111,0.23202291529163466,0.21309574010653975,-0.018927175185094902,0.00035823796048727226,1.0,0.2351347585000612,-0.02203901839352143,0.00048571833174997596,1.0,0.18238658720089876,0.24380489301218075,0.06141830581128197,0.00024549321395865836,511.05313351498637,0.05797759612471509,0.0167548730969429,800,5,0.0001,ledoitwolf
1,0,1,OMPPI(DAG),511.1111111111111,0.23202291529163466,0.22263250486278602,-0.009390410428848639,8.817980802222928e-05,1.0,0.2351347585000612,-0.012502253637275168,0.00015630634601076018,1.0,0.1927909285112633,0.2524740812143087,0.05968315270304542,0.00023181809846469956,509.19052609515825,1.9205850159528381,0.012527750805020332,800,5,0.0001,ledoitwolf
1,0,1,OMPPI(Exhaustive),511.1111111111111,0.23202291529163466,0.24246170128133832,0.010438785989703658,0.00010896825293883339,1.0,0.2351347585000612,0.007326942781277129,5.368409052010904e-05,1.0,0.21027984338532252,0.2746435591773541,0.0643637157920316,0.0002696038213556108,509.19052609515825,1.9205850159528381,0.013230878859758377,800,5,0.0001,ledoitwolf
1,0,1,VectorPPI++,511.1111111111111,0.23202291529163466,0.2258976216469274,-0.006125293644707264,3.751922223389119e-05,1.0,0.2351347585000612,-0.009237136853133793,8.532469724352247e-05,1.0,0.19025463398962933,0.26154060930422546,0.07128597531459613,0.00033071357222273843,510.3408090547056,0.7703020564055123,0.007512126117944717,800,5,0.0001,ledoitwolf
1,0,1,Classical,822.2222222222222,0.23202291529163466,0.2226802694742202,-0.009342645817414452,8.728503086965175e-05,1.0,0.2351347585000612,-0.012454489025840981,0.00015511429689479342,1.0,0.19497799608909383,0.2503825428593466,0.055404546770252756,0.00019977201019835857,820.0,2.2222222222221717,0.006484052166342735,800,5,0.0001,ledoitwolf
1,0,1,MultiPPI,822.2222222222222,0.23202291529163466,0.22056844507628554,-0.011454470215349122,0.00013120488791432017,1.0,0.2351347585000612,-0.01456631342377565,0.00021217748675966672,1.0,0.1966487985507961,0.24448809160177498,0.04783929305097891,0.0001489406802494309,822.1753301194718,0.046892102750348386,0.018478428944945335,800,5,0.0001,ledoitwolf
1,0,1,OMPPI(DAG),822.2222222222222,0.23202291529163466,0.23775288778873427,0.005729972497099611,3.283258481751795e-05,1.0,0.2351347585000612,0.0026181292886730823,6.85460097220782e-06,1.0,0.2135072203946578,0.26199855518281073,0.04849133478815294,0.00015302842352946582,818.7872563403898,3.4349658818323405,0.01501534879207611,800,5,0.0001,ledoitwolf
1,0,1,OMPPI(Exhaustive),822.2222222222222,0.23202291529163466,0.24109682834601256,0.009073913054377908,8.233589811840982e-05,1.0,0.2351347585000612,0.005962069845951379,3.5546276848002695e-05,1.0,0.21742283918529975,0.2647708175067254,0.04734797832142564,0.00014589711589834962,818.7872563403898,3.4349658818323405,0.013829153031110764,800,5,0.0001,ledoitwolf
1,0,1,VectorPPI++,822.2222222222222,0.23202291529163466,0.23230045632434074,0.0002775410327060801,7.702902483555743e-08,1.0,0.2351347585000612,-0.002834302175720449,8.03326882329367e-06,1.0,0.20573349380120026,0.2588674188474812,0.05313392504628098,0.00018373319372935965,820.7432404108152,1.4789818114069249,0.007700836285948753,800,5,0.0001,ledoitwolf
1,0,1,Classical,1133.3333333333333,0.23202291529163466,0.24362211327771272,0.011599197986078058,0.0001345413939202373,1.0,0.2351347585000612,0.008487354777651529,7.203519112172424e-05,1.0,0.22009165872478204,0.2671525678306434,0.04706090910586139,0.0001441333403041635,1130.0,3.3333333333332575,0.008006587624549866,800,5,0.0001,ledoitwolf
1,0,1,MultiPPI,1133.3333333333333,0.23202291529163466,0.23920806008553613,0.007185144793901477,5.16263057093295e-05,1.0,0.2351347585000612,0.004073301585474948,1.6591785806232724e-05,1.0,0.21841176775172497,0.26000435241934733,0.04159258466762235,0.0001125837331649923,1133.299413120939,0.03392021239415044,0.02129240706562996,800,5,0.0001,ledoitwolf
1,0,1,OMPPI(DAG),1133.3333333333333,0.23202291529163466,0.21976483521568574,-0.012258080075948918,0.00015026052714837583,1.0,0.2351347585000612,-0.015369923284375447,0.00023623454176758654,1.0,0.199742456518846,0.23978721391252547,0.04004475739367947,0.00010436026191925248,1131.2837979459232,2.04953538741006,0.016332479193806648,800,5,0.0001,ledoitwolf
1,0,1,OMPPI(Exhaustive),1133.3333333333333,0.23202291529163466,0.22871796613549192,-0.003304949156142739,1.0922688924688603e-05,1.0,0.2351347585000612,-0.006416792364569268,4.117522424999446e-05,1.0,0.20886196058359394,0.2485739716873899,0.03971201110379597,0.00010263313362962546,1131.2837979459232,2.04953538741006,0.014449313282966614,800,5,0.0001,ledoitwolf
1,0,1,VectorPPI++,1133.3333333333333,0.23202291529163466,0.22954950944539765,-0.002473405846237009,6.1177364801994145e-06,1.0,0.2351347585000612,-0.005585249054663538,3.119500700261995e-05,1.0,0.20712337151365984,0.25197564737713546,0.04485227586347563,0.0001309220496713416,1131.145671766925,2.1876615664082237,0.009250611066818237,800,5,0.0001,ledoitwolf
1,0,1,Classical,1444.4444444444443,0.23202291529163466,0.2520554987162836,0.02003258342464892,0.0004013043986655186,1.0,0.2351347585000612,0.01692074021622239,0.00028631144946488575,1.0,0.23064362213348263,0.2734673752990845,0.04282375316560188,0.00011934748755532854,1442.0,2.4444444444443434,0.006902026012539864,800,5,0.0001,ledoitwolf
1,0,1,MultiPPI,1444.4444444444443,0.23202291529163466,0.2357552480919919,0.00373233280035723,1.3930308132622442e-05,1.0,0.2351347585000612,0.0006204895919307007,3.850073336943275e-07,1.0,0.21745713402777583,0.25405336215620794,0.036596228128432086,8.715985096686813e-05,1444.4053657514146,0.039078693029750866,0.01604972407221794,800,5,0.0001,ledoitwolf
1,0,1,OMPPI(DAG),1444.4444444444443,0.23202291529163466,0.2208662366849993,-0.011156678606635356,0.00012447147753175505,1.0,0.2351347585000612,-0.014268521815061885,0.00020359071478689693,1.0,0.20293058701824165,0.23880188635175695,0.03587129933351531,8.374098070132044e-05,1442.4502200796478,1.994224364796537,0.01547522097826004,800,5,0.0001,ledoitwolf
1,0,1,OMPPI(Exhaustive),1444.4444444444443,0.23202291529163466,0.24438214400582448,0.012359228714189818,0.00015275053440965412,1.0,0.2351347585000612,0.00924738550576329,8.551413869220096e-05,1.0,0.22600554278436974,0.2627587452272792,0.036753202442909465,8.790917414841676e-05,1442.4502200796478,1.994224364796537,0.013878248631954193,800,5,0.0001,ledoitwolf
1,0,1,VectorPPI++,1444.4444444444443,0.23202291529163466,0.2454336010129823,0.013410685721347654,0.00017984649151675785,1.0,0.2351347585000612,0.010298842512921125,0.00010606615710595151,1.0,0.22482211056601714,0.2660450914599475,0.04122298089393033,0.00011059172004050582,1443.2181932508906,1.2262511935537077,0.007471662014722824,800,5,0.0001,ledoitwolf
1,0,1,Classical,1755.5555555555554,0.23202291529163466,0.24715321999247356,0.015130304700838898,0.00022892612034022765,1.0,0.2351347585000612,0.012018461492412369,0.00014444341664459893,1.0,0.2281876540504463,0.2661187859345008,0.037931131884054496,9.363439992216025e-05,1752.0,3.5555555555554292,0.006567701697349548,800,5,0.0001,ledoitwolf
1,0,1,MultiPPI,1755.5555555555554,0.23202291529163466,0.24802819362698938,0.016005278335354728,0.0002561689345921754,1.0,0.2351347585000612,0.012893435126928199,0.000166240669372306,1.0,0.2310876681188887,0.26496871913509007,0.03388105101620136,7.470635971538393e-05,1755.5020959966464,0.05345955890902587,0.018321363255381584,800,5,0.0001,ledoitwolf
1,0,1,OMPPI(DAG),1755.5555555555554,0.23202291529163466,0.2409682518557015,0.008945336564066847,8.001904624443127e-05,1.0,0.2351347585000612,0.005833493355640318,3.4029644730299736e-05,1.0,0.2248542949989087,0.2570822087124943,0.03222791371358563,6.759400990680449e-05,1753.1284845944247,2.4270709611307666,0.015157407149672508,800,5,0.0001,ledoitwolf
1,0,1,OMPPI(Exhaustive),1755.5555555555554,0.23202291529163466,0.22710069537268016,-0.004922219918954501,2.4228248930552457e-05,1.0,0.2351347585000612,-0.00803406312738103,6.454617033474346e-05,1.0,0.21163698963801236,0.24256440110734795,0.030927411469335562,6.224879823264348e-05,1753.1284845944247,2.4270709611307666,0.012817487120628357,800,5,0.0001,ledoitwolf
1,0,1,VectorPPI++,1755.5555555555554,0.23202291529163466,0.24020398613686345,0.008181070845228788,6.692992017465248e-05,1.0,0.2351347585000612,0.005069227636802259,2.569706883371982e-05,1.0,0.22162382142961112,0.25878415084411577,0.03716032941450463,8.986755726467611e-05,1753.6206246070005,1.934930948554893,0.00852477177977562,800,5,0.0001,ledoitwolf
1,0,1,Classical,2066.6666666666665,0.23202291529163466,0.22916218787867165,-0.0028607274129630045,8.183761331278004e-06,1.0,0.2351347585000612,-0.0059725706213895335,3.567159982748536e-05,1.0,0.21184871137684946,0.24647566438049384,0.034626953003644385,7.803193593130469e-05,2064.0,2.666666666666515,0.006986850872635841,800,5,0.0001,ledoitwolf
1,0,1,MultiPPI,2066.6666666666665,0.23202291529163466,0.23265971873006885,0.000636803438434197,4.055186192016161e-07,1.0,0.2351347585000612,-0.002475039769992332,6.125821863043696e-06,1.0,0.21755272778842286,0.24776670967171485,0.03021398188329197,5.941002779504894e-05,2066.623244602809,0.043422063857633475,0.01877676509320736,800,5,0.0001,ledoitwolf
1,0,1,OMPPI(DAG),2066.6666666666665,0.23202291529163466,0.22882747584689817,-0.003195439444736492,1.021083324497786e-05,1.0,0.2351347585000612,-0.006307282653163021,3.978181446689116e-05,1.0,0.21384718240952175,0.24380776928427458,0.02996058687475284,5.841770065606322e-05,2064.101446237686,2.5652204289804104,0.015804225578904152,800,5,0.0001,ledoitwolf
1,0,1,OMPPI(Exhaustive),2066.6666666666665,0.23202291529163466,0.23704989726325285,0.0050269819716181885,2.527054774297429e-05,1.0,0.2351347585000612,0.0019151387631916594,3.667756482279279e-06,1.0,0.22213666666856938,0.25196312785793634,0.029826461189366948,5.7895829983156314e-05,2064.101446237686,2.5652204289804104,0.014827540144324303,800,5,0.0001,ledoitwolf
1,0,1,VectorPPI++,2066.6666666666665,0.23202291529163466,0.24362105994786093,0.011598144656226272,0.00013451695946675005,1.0,0.2351347585000612,0.008486301447799743,7.201731226292802e-05,1.0,0.22615371474818763,0.26108840514753423,0.034934690399346595,7.942507327708875e-05,2064.6055334311463,2.061133235520174,0.007725603878498077,800,5,0.0001,ledoitwolf
1,0,1,Classical,2377.7777777777774,0.23202291529163466,0.21762815722768483,-0.014394758063949825,0.00020720905971964853,1.0,0.2351347585000612,-0.017506601272376354,0.0003064810881099694,0.0,0.20193093395990638,0.23332538049546328,0.03139444653555691,6.414303258728203e-05,2376.0,1.7777777777773736,0.007140561938285828,800,5,0.0001,ledoitwolf
1,0,1,MultiPPI,2377.7777777777774,0.23202291529163466,0.22160815205518497,-0.010414763236449687,0.00010846729327130395,1.0,0.2351347585000612,-0.013526606444876216,0.00018296908191456677,1.0,0.2077445878338817,0.23547171627648825,0.027727128442606563,5.0032662561113055e-05,2377.7190316495494,0.05874612822799463,0.018740087747573853,800,5,0.0001,ledoitwolf
1,0,1,OMPPI(DAG),2377.7777777777774,0.23202291529163466,0.23376621042488932,0.0017432951332546631,3.0390779216293934e-06,1.0,0.2351347585000612,-0.001368548075171866,1.8729238340566192e-06,1.0,0.22011836942837298,0.24741405142140566,0.02729568199303269,4.848771588095164e-05,2375.0744078809475,2.7033698968298268,0.01593729853630066,800,5,0.0001,ledoitwolf
1,0,1,OMPPI(Exhaustive),2377.7777777777774,0.23202291529163466,0.22613497246246783,-0.005887942829166826,3.4667870759537044e-05,1.0,0.2351347585000612,-0.008999786037593355,8.09961487224603e-05,1.0,0.21252668138772302,0.23974326353721265,0.027216582149489604,4.820709907844782e-05,2375.0744078809475,2.7033698968298268,0.015059959143400192,800,5,0.0001,ledoitwolf
1,0,1,VectorPPI++,2377.7777777777774,0.23202291529163466,0.22650817898386144,-0.005514736307773216,3.041231654427216e-05,1.0,0.2351347585000612,-0.008626579516199745,7.441787414931702e-05,1.0,0.210572780945312,0.24244357702241087,0.031870796077098834,6.61042907134743e-05,2375.590442255292,2.1873355224852276,0.007864667102694511,800,5,0.0001,ledoitwolf
1,0,1,Classical,2688.8888888888887,0.23202291529163466,0.2281916756534828,-0.003831239638151851,1.4678397164945926e-05,1.0,0.2351347585000612,-0.00694308284657838,4.820639941445094e-05,1.0,0.21322426997498722,0.2431590813319784,0.029934811356991164,5.831722874076841e-05,2687.0,1.8888888888886868,0.0072332583367824554,800,5,0.0001,ledoitwolf
1,0,1,MultiPPI,2688.8888888888887,0.23202291529163466,0.24208224538239057,0.010059330090755908,0.00010119012187478727,1.0,0.2351347585000612,0.006947486882329379,4.826757398013879e-05,1.0,0.22870911970094207,0.25545537106383903,0.026746251362896968,4.655535796151051e-05,2688.830538671138,0.05835021775055793,0.01807093434035778,800,5,0.0001,ledoitwolf
1,0,1,OMPPI(DAG),2688.8888888888887,0.23202291529163466,0.23939213829640912,0.007369223004774467,5.430544769409722e-05,1.0,0.2351347585000612,0.004257379796347938,1.8125282730351606e-05,1.0,0.22630472803913557,0.25247954855368265,0.02617482051454711,4.4587307904875545e-05,2686.995808006707,1.8930808821814935,0.01502872072160244,800,5,0.0001,ledoitwolf
1,0,1,OMPPI(Exhaustive),2688.8888888888887,0.23202291529163466,0.246290728248499,0.014267812956864356,0.00020357048657206642,0.0,0.2351347585000612,0.011155969748437827,0.00012445566102805997,1.0,0.23290495314102544,0.2596765033559726,0.02677155021494715,4.6643471553726765e-05,2686.995808006707,1.8930808821814935,0.015016559511423111,800,5,0.0001,ledoitwolf
1,0,1,VectorPPI++,2688.8888888888887,0.23202291529163466,0.22810935651727704,-0.003913558774357617,1.5315942280351495e-05,1.0,0.2351347585000612,-0.007025401982784146,4.9356273019707414e-05,1.0,0.21294037222366966,0.24327834081088442,0.030337968587214794,5.9898620612606426e-05,2686.2454412072943,2.6434476815943526,0.007875578477978706,800,5,0.0001,ledoitwolf
1,0,1,Classical,3000.0,0.23202291529163466,0.24066282745521594,0.008639912163581287,7.464808219439988e-05,1.0,0.2351347585000612,0.005528068955154758,3.055954637294582e-05,1.0,0.2260830532033718,0.2552426017070601,0.02915954850368827,5.533570113770667e-05,2997.0,3.0,0.006706364452838898,800,5,0.0001,ledoitwolf
1,0,1,MultiPPI,3000.0,0.23202291529163466,0.24137787306098457,0.009354957769349914,8.751523486632033e-05,1.0,0.2351347585000612,0.006243114560923385,3.897647942081359e-05,1.0,0.22911324912727996,0.2536424969946892,0.024529247867409242,3.9157259587132624e-05,2999.95619367009,0.043806329909784836,0.018755024299025536,800,5,0.0001,ledoitwolf
1,0,1,OMPPI(DAG),3000.0,0.23202291529163466,0.23534192227722595,0.0033190069855912885,1.1015807370403772e-05,1.0,0.2351347585000612,0.00020716377716475942,4.29168305691701e-08,1.0,0.2230397031384192,0.2476441414160327,0.024604438277613508,3.9397687910624605e-05,2997.00314399497,2.9968560050301676,0.01650421693921089,800,5,0.0001,ledoitwolf
1,0,1,OMPPI(Exhaustive),3000.0,0.23202291529163466,0.2328776156041169,0.0008547003124822483,7.305126241572529e-07,1.0,0.2351347585000612,-0.0022571428959442807,5.094694052711734e-06,1.0,0.220622638005597,0.2451325932026368,0.02450995519703979,3.909568810972888e-05,2997.00314399497,2.9968560050301676,0.014868268743157387,800,5,0.0001,ledoitwolf
1,0,1,VectorPPI++,3000.0,0.23202291529163466,0.2300419284462319,-0.0019809868454027657,3.924308881658801e-06,1.0,0.2351347585000612,-0.005092830053829295,2.5936917957186897e-05,1.0,0.21571225905716232,0.24437159783530146,0.02865933877813912,5.3453501491116786e-05,2997.647872563404,2.35212743659622,0.007333569228649139,800,5,0.0001,ledoitwolf
2,0,2,Classical,200.0,0.23202291529163466,0.2168676896199202,-0.015155225671714456,0.0002296808651605929,1.0,0.23049228353150691,-0.013624593911586713,0.00018562955925564573,1.0,0.158798313545451,0.2749370656943894,0.11613875214893846,0.0008778051763857859,198.0,2.0,0.007722426205873489,800,5,0.0001,ledoitwolf
2,0,2,MultiPPI,200.0,0.23202291529163466,0.23036631742610636,-0.0016565978655282976,2.7443164880729116e-06,1.0,0.23049228353150691,-0.00012596610540055453,1.5867459709783613e-08,1.0,0.18388292587454408,0.27684970897766864,0.09296678310312458,0.0005624700903979566,199.9558792705932,0.04412072940681355,0.34811198711395264,800,5,0.0001,ledoitwolf
2,0,2,OMPPI(DAG),200.0,0.23202291529163466,0.2817984966142184,0.04977558132258375,0.002477608496001148,0.0,0.23049228353150691,0.051306213082711494,0.002632327500888596,0.0,0.23937823209056736,0.32421876113786946,0.08484052904730213,0.0004684363223061637,198.04024313561098,1.9597568643890213,0.01668301597237587,800,5,0.0001,ledoitwolf
2,0,2,OMPPI(Exhaustive),200.0,0.23202291529163466,0.24685328397181158,0.014830368680176925,0.00021993983518997268,1.0,0.23049228353150691,0.01636100044030467,0.00026768233540764956,1.0,0.19860141505504053,0.29510515288858263,0.09650373783354209,0.0006060829915496942,198.04024313561098,1.9597568643890213,0.01543930359184742,800,5,0.0001,ledoitwolf
2,0,2,VectorPPI++,200.0,0.23202291529163466,0.25550532727670516,0.023482411985070506,0.0005514236726365829,1.0,0.23049228353150691,0.02501304374519825,0.0006256523573992013,1.0,0.19466806175498008,0.31634259279843024,0.12167453104345013,0.0009634810755285153,197.83022427164116,2.169775728358843,0.007994310930371284,800,5,0.0001,ledoitwolf
2,0,2,Classical,511.1111111111111,0.23202291529163466,0.21833894618534946,-0.013683969106285193,0.0001872510105017676,1.0,0.23049228353150691,-0.01215333734615745,0.00014770360864950542,1.0,0.18375538930074414,0.2529225030699548,0.06916711376921061,0.0003113458877517312,508.0,3.111111111111086,0.00758817233145237,800,5,0.0001,ledoitwolf
2,0,2,MultiPPI,511.1111111111111,0.23202291529163466,0.25741972289497167,0.025396807603337013,0.0006449978364409167,1.0,0.23049228353150691,0.026927439363464756,0.0007250869906730712,1.0,0.22575007655459162,0.2890893692353517,0.0633392926807601,0.0002610900041207571,511.069063089499,0.04204802161206089,0.01805182918906212,800,5,0.0001,ledoitwolf
2,0,2,OMPPI(DAG),511.1111111111111,0.23202291529163466,0.20946719752242354,-0.022555717769211114,0.000508760404084306,1.0,0.23049228353150691,-0.02102508600908337,0.0004420542416893533,1.0,0.1829765659230584,0.2359578291217887,0.05298126319873029,0.00018267892362997686,508.38063299098724,2.7304781201238484,0.016477026045322418,800,5,0.0001,ledoitwolf
2,0,2,OMPPI(Exhaustive),511.1111111111111,0.23202291529163466,0.21901600825891984,-0.013006907032714815,0.0001691796305576861,1.0,0.23049228353150691,-0.011476275272587072,0.00013170489413219348,1.0,0.19162951216438506,0.24640250435345462,0.05477299218906956,0.00019524357889653105,508.38063299098724,2.7304781201238484,0.015351349487900734,800,5,0.0001,ledoitwolf
2,0,2,VectorPPI++,511.1111111111111,0.23202291529163466,0.2337243460402585,0.0017014307486238334,2.894866592362658e-06,1.0,0.23049228353150691,0.0032320625087515764,1.0446228060477534e-05,1.0,0.19722451165319874,0.2702241804273182,0.0729996687741195,0.00034680520408183444,508.6967092852651,2.414401825845971,0.00733368843793869,800,5,0.0001,ledoitwolf
2,0,2,Classical,822.2222222222222,0.23202291529163466,0.2551602813715206,0.023137366079885924,0.0005353377091146558,1.0,0.23049228353150691,0.024667997840013667,0.0006085101174349189,1.0,0.22688142753002122,0.28343913521301994,0.056557707682998754,0.000208174449321413,819.0,3.2222222222221717,0.006826004013419151,800,5,0.0001,ledoitwolf
2,0,2,MultiPPI,822.2222222222222,0.23202291529163466,0.23966810538061162,0.007645190088976961,5.844893149659155e-05,1.0,0.23049228353150691,0.009175821849104704,8.419570660650726e-05,1.0,0.21575401281630294,0.26358219794492027,0.047828185128617355,0.0001488715224782725,822.1536365541815,0.06858566804066868,0.018256889656186104,800,5,0.0001,ledoitwolf
2,0,2,OMPPI(DAG),822.2222222222222,0.23202291529163466,0.22980134755574147,-0.0022215677358931873,4.935363205161583e-06,1.0,0.23049228353150691,-0.0006909359757654443,4.773925226069466e-07,1.0,0.2063980967016857,0.25320459840979725,0.04680650170811153,0.0001425792065210513,820.3562146300566,1.8660075921656016,0.015956174582242966,800,5,0.0001,ledoitwolf
2,0,2,OMPPI(Exhaustive),822.2222222222222,0.23202291529163466,0.23624839552076846,0.004225480229133799,1.7854683166800622e-05,1.0,0.23049228353150691,0.005756111989261542,3.3132825232920465e-05,1.0,0.21324190565646145,0.25925488538507546,0.04601297972861401,0.00013778582579750795,820.3562146300566,1.8660075921656016,0.01559167355298996,800,5,0.0001,ledoitwolf
2,0,2,VectorPPI++,822.2222222222222,0.23202291529163466,0.24276219436162785,0.010739279069993196,0.00011533211494319393,1.0,0.23049228353150691,0.01226991083012094,0.00015055071177911912,1.0,0.21574315094264687,0.2697812377806088,0.05403808683796194,0.00019003944630203477,820.9807168308531,1.24150539136906,0.008170917630195618,800,5,0.0001,ledoitwolf
2,0,2,Classical,1133.3333333333333,0.23202291529163466,0.23670763798203565,0.004684722690400989,2.1946626685957878e-05,1.0,0.23049228353150691,0.006215354450528732,3.863063094570731e-05,1.0,0.21291674189847207,0.2604985340655992,0.04758179216712714,0.00014734161236086007,1130.0,3.3333333333332575,0.007923450320959091,800,5,0.0001,ledoitwolf
2,0,2,MultiPPI,1133.3333333333333,0.23202291529163466,0.22243579341369077,-0.009587121877943888,9.191290590255035e-05,1.0,0.23049228353150691,-0.008056490117816145,6.49070330184692e-05,1.0,0.20204758261386221,0.24282400421351932,0.04077642159965713,0.0001082086673372528,1133.2901907356948,0.04314259763850714,0.01816653646528721,800,5,0.0001,ledoitwolf
2,0,2,OMPPI(DAG),1133.3333333333333,0.23202291529163466,0.2355984804965262,0.003575565204891551,1.2784666534431159e-05,1.0,0.23049228353150691,0.005106196965019294,2.6073247445572248e-05,1.0,0.21543181961786995,0.25576514137518247,0.04033332175731255,0.00010586973073975026,1131.3675330119472,1.965800321386041,0.016891343519091606,800,5,0.0001,ledoitwolf
2,0,2,OMPPI(Exhaustive),1133.3333333333333,0.23202291529163466,0.2228410655642203,-0.00918184972741437,8.430636441681935e-05,1.0,0.23049228353150691,-0.007651217967286628,5.854113638292972e-05,1.0,0.20262735420856984,0.24305477691987074,0.04042742271130089,0.00010636431258053201,1131.3675330119472,1.965800321386041,0.01709168404340744,800,5,0.0001,ledoitwolf
2,0,2,VectorPPI++,1133.3333333333333,0.23202291529163466,0.23239827412613007,0.0003753588344954095,1.4089425463375223e-07,1.0,0.23049228353150691,0.0019059905946231526,3.6328001467919187e-06,1.0,0.20989295727671253,0.2549035909755476,0.04501063369883509,0.00013184816241272582,1132.012156780549,1.321176552784209,0.007759088650345802,800,5,0.0001,ledoitwolf
2,0,2,Classical,1444.4444444444443,0.23202291529163466,0.2126198267997033,-0.01940308849193137,0.00037647984302571953,1.0,0.23049228353150691,-0.017872456731803626,0.0003194247096301928,1.0,0.1920573823652944,0.23318227123411217,0.041124888868817794,0.00011006602982190857,1441.0,3.4444444444443434,0.006442133337259293,800,5,0.0001,ledoitwolf
2,0,2,MultiPPI,1444.4444444444443,0.23202291529163466,0.22609753767737523,-0.0059253776142594305,3.511009987156678e-05,1.0,0.23049228353150691,-0.0043947458541316875,1.9313791122407655e-05,1.0,0.2076860762300949,0.24450899912465554,0.036822922894560614,8.824301611631941e-05,1444.388702578076,0.0557418663684075,0.0161748006939888,800,5,0.0001,ledoitwolf
2,0,2,OMPPI(DAG),1444.4444444444443,0.23202291529163466,0.2318114741191111,-0.00021144117252355765,4.470736943813687e-08,1.0,0.23049228353150691,0.0013191905876041854,1.740263806423476e-06,1.0,0.21442060430643956,0.24920234393178264,0.03478173962534309,7.873111933727333e-05,1441.725110039824,2.71933440462044,0.014182476326823235,800,5,0.0001,ledoitwolf
2,0,2,OMPPI(Exhaustive),1444.4444444444443,0.23202291529163466,0.22399416480105624,-0.008028750490578412,6.446083443996309e-05,1.0,0.23049228353150691,-0.006498118730450669,4.222554703503382e-05,1.0,0.20583562030204688,0.2421527093000656,0.036317088998018734,8.583529167258467e-05,1441.725110039824,2.71933440462044,0.013802856206893921,800,5,0.0001,ledoitwolf
2,0,2,VectorPPI++,1444.4444444444443,0.23202291529163466,0.2378114357341117,0.0057885204424770464,3.350696891297466e-05,1.0,0.23049228353150691,0.0073191522026047895,5.3569988964894544e-05,1.0,0.21728035500713247,0.25834251646109097,0.04106216145395847,0.00010973052048533256,1442.6260741982812,1.8183702461631128,0.006838025525212288,800,5,0.0001,ledoitwolf
2,0,2,Classical,1755.5555555555554,0.23202291529163466,0.235376662337446,0.003353747045811345,1.1247619247288324e-05,1.0,0.23049228353150691,0.004884378805939088,2.3857156319906952e-05,1.0,0.21637222326032607,0.25438110141456594,0.03800887815423989,9.401863237224625e-05,1754.0,1.5555555555554292,0.006209934130311012,800,5,0.0001,ledoitwolf
2,0,2,MultiPPI,1755.5555555555554,0.23202291529163466,0.2262732817881151,-0.005749633503519563,3.305828542479465e-05,1.0,0.23049228353150691,-0.00421900174339182,1.779997571074322e-05,1.0,0.20974115189790654,0.24280541167832365,0.033064259780417105,7.114779344617354e-05,1755.5168727730036,0.03868278255185942,0.017176013439893723,800,5,0.0001,ledoitwolf
2,0,2,OMPPI(DAG),1755.5555555555554,0.23202291529163466,0.23333718173091653,0.0013142664392818693,1.7272962734226433e-06,1.0,0.23049228353150691,0.0028448981994096123,8.093445765004055e-06,1.0,0.21700799256508999,0.24966637089674307,0.03265837833165306,6.941176028672515e-05,1752.9320897086566,2.6234658468988528,0.013902904465794563,800,5,0.0001,ledoitwolf
2,0,2,OMPPI(Exhaustive),1755.5555555555554,0.23202291529163466,0.22604325721278998,-0.00597965807884468,3.5756310739892444e-05,1.0,0.23049228353150691,-0.0044490263187169365,1.9793835184635977e-05,1.0,0.2100809408123833,0.24200557361319666,0.03192463280081335,6.6327808460186e-05,1752.9320897086566,2.6234658468988528,0.01325659453868866,800,5,0.0001,ledoitwolf
2,0,2,VectorPPI++,1755.5555555555554,0.23202291529163466,0.22851335078763801,-0.0035095645039966428,1.23170430077132e-05,1.0,0.23049228353150691,-0.0019789327438688997,3.916174804756492e-06,1.0,0.20998309191044026,0.24704360966483577,0.0370605177543955,8.938544185511306e-05,1754.3276042758334,1.2279512797219923,0.006684985011816025,800,5,0.0001,ledoitwolf
2,0,2,Classical,2066.6666666666665,0.23202291529163466,0.23455923253548377,0.0025363172438491177,6.432905161446385e-06,1.0,0.23049228353150691,0.004066949003976861,1.654007420094838e-05,1.0,0.21707539940066092,0.25204306567030665,0.03496766626964571,7.957508731828458e-05,2065.0,1.666666666666515,0.00542374886572361,800,5,0.0001,ledoitwolf
2,0,2,MultiPPI,2066.6666666666665,0.23202291529163466,0.23293415824473532,0.0009112429531006605,8.303637195756126e-07,1.0,0.23049228353150691,0.0024418747132284035,5.962752115104298e-06,1.0,0.2179026894482267,0.24796562704124395,0.03006293759301725,5.881751301438805e-05,2066.628903793754,0.037762872912480816,0.016302164644002914,800,5,0.0001,ledoitwolf
2,0,2,OMPPI(DAG),2066.6666666666665,0.23202291529163466,0.23197078179238886,-5.213349924579336e-05,2.7179017436111366e-09,1.0,0.23049228353150691,0.0014784982608819497,2.18595710743095e-06,1.0,0.21678085918481596,0.24716070439996177,0.03037984521514581,6.006409533302311e-05,2064.1919932928104,2.474673373856149,0.01525137573480606,800,5,0.0001,ledoitwolf
2,0,2,OMPPI(Exhaustive),2066.6666666666665,0.23202291529163466,0.22893945586215603,-0.00308345942947863,9.507722053240678e-06,1.0,0.23049228353150691,-0.001552827669350887,2.411273770701707e-06,1.0,0.2140673946504571,0.24381151707385496,0.029744122423397853,5.7576617375935936e-05,2064.1919932928104,2.474673373856149,0.014562016353011131,800,5,0.0001,ledoitwolf
2,0,2,VectorPPI++,2066.6666666666665,0.23202291529163466,0.23283359501532058,0.0008106797236859253,6.572016143954882e-07,1.0,0.23049228353150691,0.0023413114838136684,5.481739464237762e-06,1.0,0.2154839675355906,0.25018322249505054,0.034699254959459955,7.835814146017872e-05,2064.9415216935654,1.7251449731011235,0.005839567631483078,800,5,0.0001,ledoitwolf
2,0,2,Classical,2377.7777777777774,0.23202291529163466,0.22382738817090983,-0.008195527120724827,6.716666478653618e-05,1.0,0.23049228353150691,-0.006664895360597084,4.4420830167708534e-05,1.0,0.20760550685903092,0.24004926948278874,0.032443762623757824,6.850247408070277e-05,2376.0,1.7777777777773736,0.006642034277319908,800,5,0.0001,ledoitwolf
2,0,2,MultiPPI,2377.7777777777774,0.23202291529163466,0.23592367589808186,0.003900760606447201,1.5215933308810337e-05,1.0,0.23049228353150691,0.005431392366574944,2.9500023039688574e-05,1.0,0.2217513722172213,0.2500959795789424,0.02834460736172114,5.2285915585121674e-05,2377.7383148186964,0.03946295908099273,0.018342722207307816,800,5,0.0001,ledoitwolf
2,0,2,OMPPI(DAG),2377.7777777777774,0.23202291529163466,0.23477438194147796,0.0027514666498432983,7.570568725199903e-06,1.0,0.23049228353150691,0.004282098409971041,1.833636679267652e-05,1.0,0.22096863370203645,0.24858013018091946,0.02761149647888301,4.9616224811282065e-05,2375.1042758331587,2.6735019446186925,0.01596129685640335,800,5,0.0001,ledoitwolf
2,0,2,OMPPI(Exhaustive),2377.7777777777774,0.23202291529163466,0.23328282529633104,0.0012599100046963851,1.5873732199340452e-06,1.0,0.23049228353150691,0.002790541764824128,7.78712334122776e-06,1.0,0.21949721296579267,0.24706843762686942,0.02757122466107673,4.947159821266858e-05,2375.1042758331587,2.6735019446186925,0.015416108071804047,800,5,0.0001,ledoitwolf
2,0,2,VectorPPI++,2377.7777777777774,0.23202291529163466,0.21664280569239075,-0.015380109599243907,0.00023654777128475458,1.0,0.23049228353150691,-0.013849477839116164,0.00019180803641616974,1.0,0.20102026545299725,0.23226534593178425,0.031245080478786987,6.353413505741244e-05,2375.6430517711174,2.134726006660003,0.007696676999330521,800,5,0.0001,ledoitwolf
2,0,2,Classical,2688.8888888888887,0.23202291529163466,0.2250699835201734,-0.0069529317714612515,4.8343260218595296e-05,1.0,0.23049228353150691,-0.0054223000113335085,2.9401337412907366e-05,1.0,0.21022902606515873,0.2399109409751881,0.02968191491002937,5.7336035204916654e-05,2686.0,2.888888888888687,0.007299782708287239,800,5,0.0001,ledoitwolf
2,0,2,MultiPPI,2688.8888888888887,0.23202291529163466,0.23341072922453482,0.0013878139329001615,1.926027512351814e-06,1.0,0.23049228353150691,0.0029184456930279046,8.517325263153127e-06,1.0,0.22020602556677876,0.24661543288229087,0.02640940731551214,4.539009965428971e-05,2688.858520226367,0.03036866252159598,0.02050354704260826,800,5,0.0001,ledoitwolf
2,0,2,OMPPI(DAG),2688.8888888888887,0.23202291529163466,0.22611753263305334,-0.005905382658581315,3.487354434427292e-05,1.0,0.23049228353150691,-0.004374750898453572,1.9138445423520335e-05,1.0,0.2134230277612539,0.23881203750485278,0.025389009743598877,4.195032706637759e-05,2685.4618528610354,3.427036027853319,0.018243402242660522,800,5,0.0001,ledoitwolf
2,0,2,OMPPI(Exhaustive),2688.8888888888887,0.23202291529163466,0.2159196882183352,-0.016103227073299448,0.0002593139221742443,0.0,0.23049228353150691,-0.014572595313171705,0.00021236053416147393,0.0,0.2031759635002356,0.22866341293643483,0.025487449436199225,4.227626203249473e-05,2685.4618528610354,3.427036027853319,0.017075615003705025,800,5,0.0001,ledoitwolf
2,0,2,VectorPPI++,2688.8888888888887,0.23202291529163466,0.23575229426268168,0.003729378971047026,1.3908267509687775e-05,1.0,0.23049228353150691,0.005260010731174769,2.7667712892073727e-05,1.0,0.22018982890927513,0.25131475961608823,0.031124930706813093,6.304644646228879e-05,2686.8394466568857,2.0494422320030026,0.007894061505794525,800,5,0.0001,ledoitwolf
2,0,2,Classical,3000.0,0.23202291529163466,0.22478225640873728,-0.007240658882897377,5.24271410584807e-05,1.0,0.23049228353150691,-0.005710027122769634,3.2604409742764866e-05,1.0,0.21063816907617552,0.23892634374129904,0.028288174665123494,5.207792555094605e-05,2997.0,3.0,0.0077454205602407455,800,5,0.0001,ledoitwolf
2,0,2,MultiPPI,3000.0,0.23202291529163466,0.2293624219007626,-0.0026604933908720707,7.078225082873969e-06,1.0,0.23049228353150691,-0.0011298616307443277,1.2765873046282315e-06,1.0,0.21690935353092544,0.24181549027059973,0.024906136739674296,4.036979675232253e-05,2999.971180046112,0.028819953888159944,0.02119538187980652,800,5,0.0001,ledoitwolf
2,0,2,OMPPI(DAG),3000.0,0.23202291529163466,0.2244382536838631,-0.007584661607771548,5.752709170440368e-05,1.0,0.23049228353150691,-0.006054029847643805,3.665127739616207e-05,1.0,0.21203809843421131,0.2368384089335149,0.02480031049930359,4.0027462844879036e-05,2998.255711590861,1.7442884091387896,0.018623024225234985,800,5,0.0001,ledoitwolf
2,0,2,OMPPI(Exhaustive),3000.0,0.23202291529163466,0.2258768942052918,-0.006146021086342851,3.777357519377096e-05,1.0,0.23049228353150691,-0.004615389326215108,2.130181863254035e-05,1.0,0.21355789851283793,0.23819588989774568,0.02463799138490772,3.950521454327999e-05,2998.255711590861,1.7442884091387896,0.0172998309135437,800,5,0.0001,ledoitwolf
2,0,2,VectorPPI++,3000.0,0.23202291529163466,0.23001080497877124,-0.0020121103128634132,4.048587911131302e-06,1.0,0.23049228353150691,-0.0004814785527356702,2.3182159674443554e-07,1.0,0.21575110954626314,0.24427050041127935,0.02851939086501621,5.293273293273272e-05,2998.123454202473,1.8765457975268873,0.008558787405490875,800,5,0.0001,ledoitwolf
3,0,3,Classical,200.0,0.23202291529163466,0.24919215440313242,0.01716923911149776,0.00029478277166778436,1.0,0.2356552565172652,0.013536897885867205,0.000183247604372396,1.0,0.1903554175314588,0.30802889127480604,0.11767347374334722,0.0009011580671014561,197.0,3.0,0.009320797398686409,800,5,0.0001,ledoitwolf
3,0,3,MultiPPI,200.0,0.23202291529163466,0.2214705565784037,-0.010552358713230958,0.00011135227441270133,1.0,0.2356552565172652,-0.014184699938861511,0.00020120571235553777,1.0,0.17229870538792635,0.27064240776888104,0.09834370238095466,0.0006294147776551082,199.97495284007545,0.025047159924554308,0.3974314946681261,800,5,0.0001,ledoitwolf
3,0,3,OMPPI(DAG),200.0,0.23202291529163466,0.1995118865395299,-0.032511028752104765,0.0010569669905201827,1.0,0.2356552565172652,-0.03614336997773532,0.0013063431933474587,1.0,0.15408692937927518,0.2449368436997846,0.09084991432050944,0.00053714664905301,197.05722070844686,2.942779291553137,0.017551487311720848,800,5,0.0001,ledoitwolf
3,0,3,OMPPI(Exhaustive),200.0,0.23202291529163466,0.27345748944121173,0.041434574149577075,0.0017168239349568007,1.0,0.2356552565172652,0.03780223292394652,0.0014290088140363063,1.0,0.21999813942618482,0.3269168394562387,0.10691870003005384,0.0007439627072490016,197.05722070844686,2.942779291553137,0.016971366479992867,800,5,0.0001,ledoitwolf
3,0,3,VectorPPI++,200.0,0.23202291529163466,0.24226800218259711,0.010245086890962457,0.00010496180540337079,1.0,0.2356552565172652,0.006612745665331904,4.3728405234365885e-05,1.0,0.18223646808181393,0.3022995362833803,0.12006306820156638,0.0009381293031386227,198.42297212324462,1.5770278767553805,0.008759617805480957,800,5,0.0001,ledoitwolf
3,0,3,Classical,511.1111111111111,0.23202291529163466,0.25684097991178084,0.024818064620146185,0.0006159363314897519,1.0,0.2356552565172652,0.021185723394515632,0.00044883487574892694,1.0,0.2196799424437857,0.294002017379776,0.07432207493599033,0.0003594839278918037,508.0,3.111111111111086,0.007495105266571045,800,5,0.0001,ledoitwolf
3,0,3,MultiPPI,511.1111111111111,0.23202291529163466,0.2071272408886519,-0.024895674402982765,0.0006197946039793313,1.0,0.2356552565172652,-0.028528015628613318,0.0008138476757064057,1.0,0.17787881335506153,0.23637566842224225,0.0584968550671807,0.00022269417768562945,511.0759798784321,0.0351312326789639,0.020815880969166756,800,5,0.0001,ledoitwolf
3,0,3,OMPPI(DAG),511.1111111111111,0.23202291529163466,0.2534366429524443,0.021413727660809623,0.00045854773233132315,1.0,0.2356552565172652,0.01778138643517907,0.0003161777035571702,1.0,0.22098570771152543,0.28588757819336313,0.0649018704818377,0.00027413106508845193,508.68895409767345,2.4221570134376407,0.01754702813923359,800,5,0.0001,ledoitwolf
3,0,3,OMPPI(Exhaustive),511.1111111111111,0.23202291529163466,0.21459970180338697,-0.017423213488247685,0.0003035683682570561,1.0,0.2356552565172652,-0.02105555471387824,0.00044333638430912013,1.0,0.1856667462202666,0.24353265738650734,0.057865911166240756,0.0002179161505689538,508.68895409767345,2.4221570134376407,0.01645749993622303,800,5,0.0001,ledoitwolf
3,0,3,VectorPPI++,511.1111111111111,0.23202291529163466,0.2701850817271324,0.038162166435497746,0.0014563509470506308,0.0,0.2356552565172652,0.03452982520986719,0.0011923088290239799,1.0,0.23244539822751906,0.3079247652267458,0.07547936699922671,0.00037076636172130825,509.3873401802557,1.7237709308553804,0.008141864091157913,800,5,0.0001,ledoitwolf
3,0,3,Classical,822.2222222222222,0.23202291529163466,0.23253165262357853,0.0005087373319438704,2.5881367291336776e-07,1.0,0.2356552565172652,-0.003123603893686683,9.756901284654606e-06,1.0,0.20472890139406602,0.26033440385309103,0.05560550245902499,0.00020122380897746655,820.0,2.2222222222221717,0.0074876416474580765,800,5,0.0001,ledoitwolf
3,0,3,MultiPPI,822.2222222222222,0.23202291529163466,0.2224906694945702,-0.009532245797064465,9.086370993565315e-05,1.0,0.2356552565172652,-0.013164587022695018,0.00017330635147811007,1.0,0.19853373446715603,0.24644760452198436,0.04791387005482833,0.00014940541151083785,822.1711381261791,0.05108409604304143,0.017288459464907646,800,5,0.0001,ledoitwolf
3,0,3,OMPPI(DAG),822.2222222222222,0.23202291529163466,0.2368815543824807,0.004858639090846051,2.360637381509734e-05,1.0,0.2356552565172652,0.0012262978652154977,1.5038064542320868e-06,1.0,0.21256440952159736,0.26119869924336403,0.048634289721766685,0.00015393202472969295,819.9916160134144,2.230606208807785,0.01764548383653164,800,5,0.0001,ledoitwolf
3,0,3,OMPPI(Exhaustive),822.2222222222222,0.23202291529163466,0.2724371348002219,0.04041421950858726,0.0016333091384882748,0.0,0.2356552565172652,0.036781878282956704,0.001352906570022242,0.0,0.24825246086996738,0.29662180873047644,0.04836934786050905,0.0001522594619423893,819.9916160134144,2.230606208807785,0.01651429571211338,800,5,0.0001,ledoitwolf
3,0,3,VectorPPI++,822.2222222222222,0.23202291529163466,0.23468123402330512,0.002658318731670467,7.066658479150081e-06,1.0,0.2356552565172652,-0.0009740224939600861,9.48719818740226e-07,1.0,0.20767556202397686,0.2616869060226334,0.05401134399865655,0.0001898513960911138,821.1867533011948,1.035468921027359,0.008180376142263412,800,5,0.0001,ledoitwolf
3,0,3,Classical,1133.3333333333333,0.23202291529163466,0.2374525959398952,0.005429680648260549,2.9481431942095093e-05,1.0,0.2356552565172652,0.0017973394226299955,3.2304290001399254e-06,1.0,0.21334977899704524,0.2615554128827452,0.048205633885699935,0.00015123051207810748,1130.0,3.3333333333332575,0.007683491334319115,800,5,0.0001,ledoitwolf
3,0,3,MultiPPI,1133.3333333333333,0.23202291529163466,0.22065287750957746,-0.011370037782057196,0.00012927775916540813,1.0,0.2356552565172652,-0.01500237900768775,0.00022507137589031006,1.0,0.20024840231796595,0.24105735270118897,0.040808950383223005,0.00010838137990760997,1133.2887235380422,0.044609795291080445,0.02127285860478878,800,5,0.0001,ledoitwolf
3,0,3,OMPPI(DAG),1133.3333333333333,0.23202291529163466,0.25315842476842587,0.021135509476791214,0.00044670976084353124,0.0,0.2356552565172652,0.01750316825116066,0.0003063608988284386,1.0,0.23254068658913885,0.2737761629477129,0.041235476358574046,0.0001106587750829563,1131.7914483336826,1.5418849996506196,0.017645737156271935,800,5,0.0001,ledoitwolf
3,0,3,OMPPI(Exhaustive),1133.3333333333333,0.23202291529163466,0.2429306206733653,0.010907705381730637,0.0001189780366946355,1.0,0.2356552565172652,0.007275364156100084,5.293092360386588e-05,1.0,0.22258496546427473,0.26327627588245583,0.040691310418181116,0.00010775741852476676,1131.7914483336826,1.5418849996506196,0.01644938252866268,800,5,0.0001,ledoitwolf
3,0,3,VectorPPI++,1133.3333333333333,0.23202291529163466,0.24908852141056959,0.01706560611893493,0.00029123491220662927,1.0,0.2356552565172652,0.013433264893304375,0.00018045260569368382,1.0,0.22473859119167916,0.27343845162946,0.04869986043778086,0.00015434737930047546,1130.8985537623141,2.434779571019135,0.00839940458536148,800,5,0.0001,ledoitwolf
3,0,3,Classical,1444.4444444444443,0.23202291529163466,0.23424844544773044,0.0022255301560957785,4.9529844756917e-06,1.0,0.2356552565172652,-0.0014068110695347746,1.9791173853655766e-06,1.0,0.21321986162447404,0.25527702927098683,0.042057167646512815,0.00011511286681756445,1443.0,1.4444444444443434,0.007663575932383537,800,5,0.0001,ledoitwolf
3,0,3,MultiPPI,1444.4444444444443,0.23202291529163466,0.2212423381609075,-0.010780577130727165,0.00011622084327155754,1.0,0.2356552565172652,-0.014412918356357718,0.00020773221554703326,1.0,0.2032908126689486,0.23919386365286638,0.035903050983917766,8.388929376320111e-05,1444.3941521693566,0.05029227508771328,0.02091130241751671,800,5,0.0001,ledoitwolf
3,0,3,OMPPI(DAG),1444.4444444444443,0.23202291529163466,0.2299425634908811,-0.002080351800753555,4.327863614898558e-06,1.0,0.2356552565172652,-0.005712693026384108,3.263486161369762e-05,1.0,0.21264197493373077,0.24724315204803143,0.03460117711430065,7.791580709167083e-05,1441.4231817229092,3.021262721535095,0.017794478684663773,800,5,0.0001,ledoitwolf
3,0,3,OMPPI(Exhaustive),1444.4444444444443,0.23202291529163466,0.23114428498662998,-0.0008786303050046795,7.719912128726162e-07,1.0,0.2356552565172652,-0.004510971530635233,2.0348864150201573e-05,1.0,0.21422245062028705,0.2480661193529729,0.03384366873268585,7.454159778555252e-05,1441.4231817229092,3.021262721535095,0.016687043011188507,800,5,0.0001,ledoitwolf
3,0,3,VectorPPI++,1444.4444444444443,0.23202291529163466,0.22194000005840558,-0.010082915233229073,0.00010166517960048289,1.0,0.2356552565172652,-0.013715256458859626,0.0001881082597322907,1.0,0.20122814162438762,0.24265185849242354,0.04142371686803591,0.00011167139876128801,1442.6103542234332,1.834090221011138,0.008435383439064026,800,5,0.0001,ledoitwolf
3,0,3,Classical,1755.5555555555554,0.23202291529163466,0.22773797516641256,-0.0042849401252220976,1.8360711876738364e-05,1.0,0.2356552565172652,-0.00791728135085265,6.268334398855918e-05,1.0,0.20880942679971926,0.24666652353310586,0.037857096733386636,9.326923962847734e-05,1753.0,2.5555555555554292,0.0077658966183662415,800,5,0.0001,ledoitwolf
3,0,3,MultiPPI,1755.5555555555554,0.23202291529163466,0.2385257351380122,0.006502819846377544,4.228666595444167e-05,1.0,0.2356552565172652,0.0028704786207469912,8.23964751216555e-06,1.0,0.2221604656819155,0.2548910045941089,0.03273053891219341,6.971883778315711e-05,1755.4992664011738,0.0562891543816022,0.02308165840804577,800,5,0.0001,ledoitwolf
3,0,3,OMPPI(DAG),1755.5555555555554,0.23202291529163466,0.2460093411024808,0.013986425810846137,0.00019562010696230303,1.0,0.2356552565172652,0.010354084585215584,0.00010720706759779897,1.0,0.2293901763347651,0.2626285058701965,0.033238329535431384,7.189889322478164e-05,1751.9744288409138,3.5811267146416412,0.017854180186986923,800,5,0.0001,ledoitwolf
3,0,3,OMPPI(Exhaustive),1755.5555555555554,0.23202291529163466,0.23069401142063206,-0.0013289038710025958,1.7659854983656836e-06,1.0,0.2356552565172652,-0.004961245096633149,2.4613952908866465e-05,1.0,0.2149063494405401,0.24648167340072402,0.03157532396018389,6.488427507146956e-05,1751.9744288409138,3.5811267146416412,0.01661967672407627,800,5,0.0001,ledoitwolf
3,0,3,VectorPPI++,1755.5555555555554,0.23202291529163466,0.24100013374642262,0.008977218454787966,8.059045118498564e-05,1.0,0.2356552565172652,0.005344877229157413,2.8567712594765428e-05,1.0,0.22120666282992446,0.2607936046629208,0.039586941832996325,0.00010198768468158833,1753.409767344372,2.145788211183344,0.008492609485983849,800,5,0.0001,ledoitwolf
3,0,3,Classical,2066.6666666666665,0.23202291529163466,0.22605888766239168,-0.005964027629242974,3.556962556237357e-05,1.0,0.2356552565172652,-0.009596368854873527,9.209029519878665e-05,1.0,0.20871946082317522,0.24339831450160815,0.034678853678432944,7.826602786756257e-05,2064.0,2.666666666666515,0.007749360054731369,800,5,0.0001,ledoitwolf
3,0,3,MultiPPI,2066.6666666666665,0.23202291529163466,0.23811695651289755,0.006094041221262891,3.713733840645131e-05,1.0,0.2356552565172652,0.002461699995632338,6.059966868496254e-06,1.0,0.22293112600214482,0.2533027870236503,0.030371661021505434,6.0031737697929715e-05,2066.604066233494,0.06260043317251984,0.022151371464133263,800,5,0.0001,ledoitwolf
3,0,3,OMPPI(DAG),2066.6666666666665,0.23202291529163466,0.2397223442352213,0.007699428943586634,5.9281206057339584e-05,1.0,0.2356552565172652,0.0040670877179560805,1.6541202505549198e-05,1.0,0.22478581201825346,0.2546588764521891,0.029873064433935663,5.807689346210546e-05,2064.062879899392,2.603786767274414,0.017844736576080322,800,5,0.0001,ledoitwolf
3,0,3,OMPPI(Exhaustive),2066.6666666666665,0.23202291529163466,0.23206825556999616,4.534027836150534e-05,2.055740841898789e-09,1.0,0.2356552565172652,-0.003587000947269048,1.2866575795709047e-05,1.0,0.2171239820504108,0.24701252908958152,0.029888547039170717,5.813710922139358e-05,2064.062879899392,2.603786767274414,0.016814054921269417,800,5,0.0001,ledoitwolf
3,0,3,VectorPPI++,2066.6666666666665,0.23202291529163466,0.21220317336738617,-0.019819741924248485,0.00039282216994381306,0.0,0.2356552565172652,-0.02345208314987904,0.0005500002040688403,0.0,0.19532873168086057,0.22907761505391178,0.03374888337305119,7.412464782858221e-05,2064.7916579333473,1.8750087333191914,0.008582763373851776,800,5,0.0001,ledoitwolf
3,0,3,Classical,2377.7777777777774,0.23202291529163466,0.24461268538899827,0.012589770097363617,0.0001585023111044711,1.0,0.2356552565172652,0.008957428871733064,8.023553199215708e-05,1.0,0.22802420178016683,0.2612011689978297,0.033176967217662875,7.163366868807058e-05,2375.0,2.7777777777773736,0.007781399413943291,800,5,0.0001,ledoitwolf
3,0,3,MultiPPI,2377.7777777777774,0.23202291529163466,0.23030760717951404,-0.001715308112120617,2.9422819195067954e-06,1.0,0.2356552565172652,-0.00534764933775117,2.859735343955053e-05,1.0,0.2162696242085062,0.24434559015052187,0.02807596594201565,5.1299512787357537e-05,2377.735904422553,0.04187335522419744,0.022716473788022995,800,5,0.0001,ledoitwolf
3,0,3,OMPPI(DAG),2377.7777777777774,0.23202291529163466,0.23149540639034757,-0.0005275089012870826,2.782656409371051e-07,1.0,0.2356552565172652,-0.004159850126917636,1.7304353078416672e-05,1.0,0.21745650402115338,0.24553430875954177,0.028077804738388404,5.13062325880025e-05,2374.926011318382,2.8517664593955487,0.0173730980604887,800,5,0.0001,ledoitwolf
3,0,3,OMPPI(Exhaustive),2377.7777777777774,0.23202291529163466,0.23491807193584874,0.002895156644214081,8.381931994536938e-06,1.0,0.2356552565172652,-0.0007371845814164724,5.434411070781795e-07,1.0,0.22086785263998826,0.24896829123170922,0.02810043859172098,5.138898305985226e-05,2374.926011318382,2.8517664593955487,0.016153981909155846,800,5,0.0001,ledoitwolf
3,0,3,VectorPPI++,2377.7777777777774,0.23202291529163466,0.21923159112971255,-0.012791324161922107,0.0001636179738153723,1.0,0.2356552565172652,-0.01642366538755266,0.00026973678476229526,0.0,0.2033771087158189,0.2350860735436062,0.03170896482778729,6.543467582116186e-05,2376.085935862503,1.6918419152743809,0.008620792999863625,800,5,0.0001,ledoitwolf
3,0,3,Classical,2688.8888888888887,0.23202291529163466,0.22361243444432272,-0.00841048084731194,7.073618808300098e-05,1.0,0.2356552565172652,-0.012042822072942494,0.00014502956348055095,1.0,0.20859068982114132,0.23863417906750412,0.030043489246362805,5.874143705731706e-05,2687.0,1.8888888888886868,0.007757551968097687,800,5,0.0001,ledoitwolf
3,0,3,MultiPPI,2688.8888888888887,0.23202291529163466,0.24828494796851103,0.01626203267687637,0.00026445370678379484,0.0,0.2356552565172652,0.012629691451245817,0.00015950910615367166,1.0,0.23489237304278637,0.2616775228942357,0.026785149851449325,4.669087227355456e-05,2688.8681618109413,0.02072707794741291,0.02130821906030178,800,5,0.0001,ledoitwolf
3,0,3,OMPPI(DAG),2688.8888888888887,0.23202291529163466,0.23803570741891325,0.006012792127278593,3.615366916586343e-05,1.0,0.2356552565172652,0.00238045090164804,5.6665464951569676e-06,1.0,0.2247506407501933,0.2513207740876332,0.02657013333743993,4.59442635286256e-05,2686.3932089708655,2.495679918023143,0.01706825941801071,800,5,0.0001,ledoitwolf
3,0,3,OMPPI(Exhaustive),2688.8888888888887,0.23202291529163466,0.2338858097922682,0.0018628945006335385,3.4703759204906804e-06,1.0,0.2356552565172652,-0.0017694467249970147,3.130941712602661e-06,1.0,0.22086772807147625,0.24690389151306014,0.026036163441583906,4.411617034035925e-05,2686.3932089708655,2.495679918023143,0.016050422564148903,800,5,0.0001,ledoitwolf
3,0,3,VectorPPI++,2688.8888888888887,0.23202291529163466,0.23264323967677403,0.0006203243851393703,3.848023427985378e-07,1.0,0.2356552565172652,-0.003012016840491183,9.072245447402488e-06,1.0,0.21704954662649192,0.24823693272705613,0.031187386100564183,6.329971875176266e-05,2687.050303919514,1.8385849693745513,0.008688991889357567,800,5,0.0001,ledoitwolf
3,0,3,Classical,3000.0,0.23202291529163466,0.23392513806402926,0.0019022227723946017,3.6184514758166046e-06,1.0,0.2356552565172652,-0.0017301184532359515,2.993309862227561e-06,1.0,0.21941750870068163,0.24843276742737688,0.02901525872669525,5.4789422344044686e-05,2996.0,4.0,0.007796239107847214,800,5,0.0001,ledoitwolf
3,0,3,MultiPPI,3000.0,0.23202291529163466,0.24245611942751108,0.010433204135876423,0.00010885174854086889,1.0,0.2356552565172652,0.0068008629102458695,4.6251736323957917e-05,1.0,0.22989924279922566,0.25501299605579647,0.025113753256570826,4.104564386023787e-05,2999.9433032907145,0.05669670928546111,0.020527131855487823,800,5,0.0001,ledoitwolf
3,0,3,OMPPI(DAG),3000.0,0.23202291529163466,0.2404186329786887,0.00839571768705405,7.04880754807122e-05,1.0,0.2356552565172652,0.004763376461423496,2.268975531324343e-05,1.0,0.22811603656063603,0.2527212293967414,0.024605192836105363,3.940010441088995e-05,2997.9272689163695,2.072731083630515,0.017286906018853188,800,5,0.0001,ledoitwolf
3,0,3,OMPPI(Exhaustive),3000.0,0.23202291529163466,0.24006285375878084,0.00803993846714618,6.464061055549686e-05,1.0,0.2356552565172652,0.004407597241515626,1.942691344341616e-05,1.0,0.22753668104202548,0.25258902647553616,0.025052345433510703,4.0845160719862806e-05,2997.9272689163695,2.072731083630515,0.016280611976981163,800,5,0.0001,ledoitwolf
3,0,3,VectorPPI++,3000.0,0.23202291529163466,0.23114390888398517,-0.0008790064076494852,7.72652264688853e-07,1.0,0.2356552565172652,-0.004511347633280038,2.0352257468301403e-05,1.0,0.21679231579846034,0.24549550196951,0.02870318617104968,5.361718912172729e-05,2998.5971494445607,1.4028505554392723,0.00858144648373127,800,5,0.0001,ledoitwolf
4,0,4,Classical,200.0,0.23202291529163466,0.23296680629078095,0.0009438909991462963,8.909302182693935e-07,1.0,0.22906057244197053,0.00390623384881042,1.5258662881592265e-05,1.0,0.17518135116884384,0.29075226141271804,0.11557091024387423,0.0008692423840810676,197.0,3.0,0.007450500503182411,800,5,0.0001,ledoitwolf
4,0,4,MultiPPI,200.0,0.23202291529163466,0.21943715358830948,-0.012585761703325177,0.00015840139765288666,1.0,0.22906057244197053,-0.009623418853661053,9.261019043299902e-05,1.0,0.16920123899696562,0.2696730681796533,0.10047182918268771,0.000656950193305154,199.96405365751417,0.035946342485829064,0.3353733569383621,800,5,0.0001,ledoitwolf
4,0,4,OMPPI(DAG),200.0,0.23202291529163466,0.23167054220419064,-0.0003523730874440134,1.2416679275482633e-07,1.0,0.22906057244197053,0.00260996976222011,6.811942159703298e-06,1.0,0.18775106938877237,0.2755900150196089,0.08783894563083654,0.0005021321800960297,197.0316495493607,2.968350450639292,0.015506532043218613,800,5,0.0001,ledoitwolf
4,0,4,OMPPI(Exhaustive),200.0,0.23202291529163466,0.23355685815406785,0.0015339428624331908,2.352980705209731e-06,1.0,0.22906057244197053,0.004496285712097314,2.0216585204810454e-05,1.0,0.1840819175966259,0.2830317987115098,0.09894988111488393,0.0006371979649960482,197.0316495493607,2.968350450639292,0.015298094600439072,800,5,0.0001,ledoitwolf
4,0,4,VectorPPI++,200.0,0.23202291529163466,0.2453594105347112,0.013336495243076535,0.00017786210536860304,1.0,0.22906057244197053,0.01629883809274066,0.00026565212317337396,1.0,0.19068997634569496,0.30002884472372743,0.10933886837803244,0.0007780239679901422,198.58792705931668,1.4120729406833163,0.006994754076004028,800,5,0.0001,ledoitwolf
4,0,4,Classical,511.1111111111111,0.23202291529163466,0.21324958312124345,-0.018773332170391205,0.0003524380007798453,1.0,0.22906057244197053,-0.01581098932072708,0.0002499873833001458,1.0,0.17937140552095393,0.24712776072153297,0.06775635520057903,0.00029877475487538114,508.0,3.111111111111086,0.0075572337955236435,800,5,0.0001,ledoitwolf
4,0,4,MultiPPI,511.1111111111111,0.23202291529163466,0.21831023329643423,-0.013712681995200426,0.00018803764750149394,1.0,0.22906057244197053,-0.010750339145536303,0.00011556979174405021,1.0,0.18772733219434798,0.24889313439852048,0.06116580220417249,0.00024347881455383746,511.0811150702159,0.029996040895184706,0.01688552461564541,800,5,0.0001,ledoitwolf
4,0,4,OMPPI(DAG),511.1111111111111,0.23202291529163466,0.24498666294158966,0.012963747649955004,0.0001680587531317139,1.0,0.22906057244197053,0.015926090499619128,0.00025364035860205866,1.0,0.21425228114301995,0.2757210447401594,0.06146876359713945,0.00024589674616623146,508.7566547893523,2.3544563217587893,0.01665325090289116,800,5,0.0001,ledoitwolf
4,0,4,OMPPI(Exhaustive),511.1111111111111,0.23202291529163466,0.20076784866585423,-0.031255066625780425,0.0009768791897819735,0.0,0.22906057244197053,-0.028292723776116302,0.0008004782186716167,1.0,0.1700563738742102,0.23147932345749828,0.06142294958328807,0.00024553033831750367,508.7566547893523,2.3544563217587893,0.01622256077826023,800,5,0.0001,ledoitwolf
4,0,4,VectorPPI++,511.1111111111111,0.23202291529163466,0.20318607737904398,-0.028836837912590674,0.0008315632207970268,1.0,0.22906057244197053,-0.02587449506292655,0.0006694894947614104,1.0,0.1689788512353535,0.23739330352273447,0.06841445228738094,0.00030460675880267425,509.46468245650806,1.646428654603028,0.007850579917430878,800,5,0.0001,ledoitwolf
4,0,4,Classical,822.2222222222222,0.23202291529163466,0.24212491092468194,0.010101995633047284,0.00010205031577010639,1.0,0.22906057244197053,0.013064338482711407,0.0001706769399908542,1.0,0.21446625044991577,0.2697835713994481,0.05531732094953233,0.00019914348557826313,820.0,2.2222222222221717,0.006283935159444809,800,5,0.0001,ledoitwolf
4,0,4,MultiPPI,822.2222222222222,0.23202291529163466,0.2227435617724018,-0.009279353519232869,8.610640173489943e-05,1.0,0.22906057244197053,-0.006317010669568746,3.990462379944537e-05,1.0,0.1987601476435715,0.24672697590123208,0.047966828257660556,0.00014973586341114034,822.1735485223224,0.04867369989972303,0.014799237251281738,800,5,0.0001,ledoitwolf
4,0,4,OMPPI(DAG),822.2222222222222,0.23202291529163466,0.20256543893879606,-0.029457476352838602,0.0008677429130780454,0.0,0.22906057244197053,-0.02649513350317448,0.0007019920993510387,0.0,0.1786598805443103,0.2264709973332818,0.0478111167889715,0.00014876528652958627,820.0882414588136,2.1339807634085446,0.013973979279398918,800,5,0.0001,ledoitwolf
4,0,4,OMPPI(Exhaustive),822.2222222222222,0.23202291529163466,0.23728343588697567,0.005260520595341017,2.767307693400701e-05,1.0,0.22906057244197053,0.00822286344500514,6.761548323520181e-05,1.0,0.21192749471157718,0.26263937706237417,0.050711882350797016,0.0001673644786784666,820.0882414588136,2.1339807634085446,0.013549109920859337,800,5,0.0001,ledoitwolf
4,0,4,VectorPPI++,822.2222222222222,0.23202291529163466,0.23424059018176208,0.002217674890127419,4.91808191830166e-06,1.0,0.22906057244197053,0.0051800177397915426,2.683258378455508e-05,1.0,0.20729793558618773,0.2611832447773364,0.053885309191148686,0.00018896639806365462,820.3414378536995,1.8807843685226544,0.006489042192697525,800,5,0.0001,ledoitwolf
4,0,4,Classical,1133.3333333333333,0.23202291529163466,0.21538546745365827,-0.016637447837976382,0.000276804670561385,1.0,0.22906057244197053,-0.013675104988312259,0.00018700849644136283,1.0,0.19235633586910034,0.2384145990382162,0.04605826316911585,0.00013805716169125936,1131.0,2.3333333333332575,0.006097268313169479,800,5,0.0001,ledoitwolf
4,0,4,MultiPPI,1133.3333333333333,0.23202291529163466,0.22998384029858437,-0.0020390749930502827,4.157826827283011e-06,1.0,0.22906057244197053,0.0009232678566138408,8.524235350563157e-07,1.0,0.20978082977003568,0.2501868508271331,0.040406021057097403,0.00010625172713497881,1133.2879899392162,0.04534339411702604,0.014255844056606293,800,5,0.0001,ledoitwolf
4,0,4,OMPPI(DAG),1133.3333333333333,0.23202291529163466,0.23981590393037056,0.007792988638735898,6.0730671923466787e-05,1.0,0.22906057244197053,0.010755331488400022,0.00011567715542536902,1.0,0.21924632180798356,0.2603854860527575,0.041139164244773964,0.00011014245588429073,1131.142318172291,2.191015161042287,0.01384366862475872,800,5,0.0001,ledoitwolf
4,0,4,OMPPI(Exhaustive),1133.3333333333333,0.23202291529163466,0.23043900691559963,-0.0015839083760350314,2.5087657436739307e-06,1.0,0.22906057244197053,0.001378434473629092,1.9000815980891123e-06,1.0,0.20989114620006544,0.2509868676311338,0.041095721431068356,0.00010990995861012548,1131.142318172291,2.191015161042287,0.013280220329761505,800,5,0.0001,ledoitwolf
4,0,4,VectorPPI++,1133.3333333333333,0.23202291529163466,0.22471365850873432,-0.007309256782900342,5.342523471837466e-05,1.0,0.22906057244197053,-0.004346913933236218,1.889566074296317e-05,1.0,0.20108104614484398,0.24834627087262465,0.04726522472778065,0.00014538757102724447,1131.383148186963,1.9501851463703588,0.006568655371665955,800,5,0.0001,ledoitwolf
4,0,4,Classical,1444.4444444444443,0.23202291529163466,0.21129177489177492,-0.020731140399859738,0.0004297801822786966,0.0,0.22906057244197053,-0.017768797550195614,0.00031573016637983766,1.0,0.19110627050763737,0.23147727927591247,0.040371008768275075,0.00010606767019004815,1442.0,2.4444444444443434,0.0063205622136592865,800,5,0.0001,ledoitwolf
4,0,4,MultiPPI,1444.4444444444443,0.23202291529163466,0.2260293994025871,-0.005993515889047563,3.5922232712265595e-05,1.0,0.22906057244197053,-0.003031173039383439,9.188009994685036e-06,1.0,0.2087035649946574,0.2433552338105168,0.034651668815859384,7.814336999108038e-05,1444.3911129742194,0.05333147022497542,0.014450155198574066,800,5,0.0001,ledoitwolf
4,0,4,OMPPI(DAG),1444.4444444444443,0.23202291529163466,0.2404230851146769,0.00840016982304223,7.056285305594934e-05,1.0,0.22906057244197053,0.011362512672706354,0.0001291066942374125,1.0,0.22275965394124686,0.2580865162881069,0.03532686234686004,8.121831194382652e-05,1442.7164116537415,1.728032790702855,0.015316346660256386,800,5,0.0001,ledoitwolf
4,0,4,OMPPI(Exhaustive),1444.4444444444443,0.23202291529163466,0.22304296126284723,-0.008979954028787429,8.063957435913558e-05,1.0,0.22906057244197053,-0.0060176111791233056,3.621164430310978e-05,1.0,0.205026829894063,0.24105909263163144,0.03603226273756842,8.449419989842318e-05,1442.7164116537415,1.728032790702855,0.01252489723265171,800,5,0.0001,ledoitwolf
4,0,4,VectorPPI++,1444.4444444444443,0.23202291529163466,0.22240691974027513,-0.00961599555135953,9.246737044376626e-05,1.0,0.22906057244197053,-0.006653652701695406,4.427109427477858e-05,1.0,0.20212637020508387,0.2426874692754664,0.04056109907038251,0.00010706887894610492,1442.677426116118,1.7670183283262304,0.006461869925260544,800,5,0.0001,ledoitwolf
4,0,4,Classical,1755.5555555555554,0.23202291529163466,0.21693666502216197,-0.01508625026947269,0.0002275949471931648,1.0,0.22906057244197053,-0.012123907419808566,0.0001469891311240892,1.0,0.1986650968608679,0.23520823318345604,0.036543136322588154,8.690714092113865e-05,1752.0,3.5555555555554292,0.007294554263353348,800,5,0.0001,ledoitwolf
4,0,4,MultiPPI,1755.5555555555554,0.23202291529163466,0.22909400661834156,-0.002928908673293096,8.578506016491522e-06,1.0,0.22906057244197053,3.3434176371027746e-05,1.11784414960899e-09,1.0,0.212682612537415,0.24550540069926813,0.032822788161853106,7.011238913418948e-05,1755.5221127646196,0.03344279093585101,0.01818968914449215,800,5,0.0001,ledoitwolf
4,0,4,OMPPI(DAG),1755.5555555555554,0.23202291529163466,0.22758737319683894,-0.004435542094795714,1.9674033674704747e-05,1.0,0.22906057244197053,-0.00147319924513159,2.1703160158562867e-06,1.0,0.2111098920826523,0.2440648543110256,0.03295496222837327,7.0678197148894e-05,1752.313770697967,3.2417848575885273,0.016813432797789574,800,5,0.0001,ledoitwolf
4,0,4,OMPPI(Exhaustive),1755.5555555555554,0.23202291529163466,0.22690716026104019,-0.005115755030594471,2.6170949533052638e-05,1.0,0.22906057244197053,-0.0021534121809303475,4.637184020979196e-06,1.0,0.21064364068201835,0.24317067984006202,0.03252703915804367,6.88545892181223e-05,1752.313770697967,3.2417848575885273,0.01571621000766754,800,5,0.0001,ledoitwolf
4,0,4,VectorPPI++,1755.5555555555554,0.23202291529163466,0.22296485747427414,-0.00905805781736052,8.204841142264604e-05,1.0,0.22906057244197053,-0.006095714967696397,3.715774096739789e-05,1.0,0.20450991415455405,0.24141980079399422,0.03690988663944016,8.866031079113313e-05,1753.1366589813458,2.4188965742096116,0.007692068815231323,800,5,0.0001,ledoitwolf
4,0,4,Classical,2066.6666666666665,0.23202291529163466,0.2284462859771817,-0.0035766293144529615,1.2792277253004262e-05,1.0,0.22906057244197053,-0.000614286464788838,3.7734786082276825e-07,1.0,0.21109756785995837,0.24579500409440502,0.03469743623444667,7.834992755603417e-05,2063.0,3.666666666666515,0.007021516561508179,800,5,0.0001,ledoitwolf
4,0,4,MultiPPI,2066.6666666666665,0.23202291529163466,0.227774241671034,-0.0042486736206006626,1.805122753438794e-05,1.0,0.22906057244197053,-0.001286330770936539,1.6546468522581908e-06,1.0,0.2129017806267897,0.2426467027152783,0.029744922088488637,5.757971329043097e-05,2066.633095787047,0.03357087961967409,0.016268108040094376,800,5,0.0001,ledoitwolf
4,0,4,OMPPI(DAG),2066.6666666666665,0.23202291529163466,0.2205205438165955,-0.011502371475039158,0.0001323045495497945,1.0,0.22906057244197053,-0.008540028625375035,7.2932088922225e-05,1.0,0.20471815947760838,0.23632292815558262,0.03160476867797426,6.500534366054816e-05,2064.417522531964,2.2491441347024193,0.018511652946472168,800,5,0.0001,ledoitwolf
4,0,4,OMPPI(Exhaustive),2066.6666666666665,0.23202291529163466,0.2447895606184927,0.012766645326858034,0.00016298723290178606,1.0,0.22906057244197053,0.015728988176522157,0.00024740106905717384,0.0,0.22952062801724962,0.2600584932197358,0.03053786520248614,6.0690564096474315e-05,2064.417522531964,2.2491441347024193,0.016840927302837372,800,5,0.0001,ledoitwolf
4,0,4,VectorPPI++,2066.6666666666665,0.23202291529163466,0.22808033124850263,-0.003942584043132025,1.5543968937159263e-05,1.0,0.22906057244197053,-0.0009802411934679012,9.608727973713753e-07,1.0,0.21129020636011206,0.2448704561368932,0.03358024977678116,7.338573883679272e-05,2064.178369314609,2.4882973520575433,0.007879473268985748,800,5,0.0001,ledoitwolf
4,0,4,Classical,2377.7777777777774,0.23202291529163466,0.22606925365328473,-0.0059536616383499275,3.544608690395954e-05,1.0,0.22906057244197053,-0.002991318788685804,8.947988095544705e-06,1.0,0.20986732059281157,0.24227118671375789,0.03240386612094632,6.833410096235803e-05,2374.0,3.7777777777773736,0.007839228957891464,800,5,0.0001,ledoitwolf
4,0,4,MultiPPI,2377.7777777777774,0.23202291529163466,0.21979254135767698,-0.012230373933957678,0.0001495820465644314,1.0,0.22906057244197053,-0.009268031084293554,8.589640017943155e-05,1.0,0.20593246894327832,0.23365261377207563,0.027720144828797297,5.000746234672977e-05,2377.744393208971,0.03338456880646845,0.018968842923641205,800,5,0.0001,ledoitwolf
4,0,4,OMPPI(DAG),2377.7777777777774,0.23202291529163466,0.22310142304477398,-0.008921492246860674,7.959302391079512e-05,1.0,0.22906057244197053,-0.00595914939719655,3.551146153810801e-05,1.0,0.20901817329570738,0.2371846727938406,0.028166499498133234,5.1630886273237896e-05,2375.3035003143996,2.4742774633778026,0.01798306778073311,800,5,0.0001,ledoitwolf
4,0,4,OMPPI(Exhaustive),2377.7777777777774,0.23202291529163466,0.22306725305934877,-0.008955662232285888,8.020388601879185e-05,1.0,0.22906057244197053,-0.0059933193826217646,3.591987722210973e-05,1.0,0.2087329478886546,0.23740155823004294,0.02866861034138837,5.3488092497491004e-05,2375.3035003143996,2.4742774633778026,0.01743702031672001,800,5,0.0001,ledoitwolf
4,0,4,VectorPPI++,2377.7777777777774,0.23202291529163466,0.22394241731880057,-0.008080497972834083,6.529444748897573e-05,1.0,0.22906057244197053,-0.00511815512316996,2.6195511864830905e-05,1.0,0.20793181327199864,0.2399530213656025,0.03202120809360385,6.672971230683436e-05,2376.3076923076924,1.470085470084996,0.008649587631225586,800,5,0.0001,ledoitwolf
4,0,4,Classical,2688.8888888888887,0.23202291529163466,0.22669463712429838,-0.005328278167336276,2.839054822851242e-05,1.0,0.22906057244197053,-0.002365935317672152,5.597649927408427e-06,1.0,0.2115410944017665,0.24184817984683027,0.0303070854450638,5.97767326846177e-05,2686.0,2.888888888888687,0.007591757923364639,800,5,0.0001,ledoitwolf
4,0,4,MultiPPI,2688.8888888888887,0.23202291529163466,0.22589899892543497,-0.006123916366199689,3.75023516602084e-05,1.0,0.22906057244197053,-0.003161573516535565,9.99554710045906e-06,1.0,0.21286506828690038,0.23893292956396955,0.02606786127706919,4.422365455929425e-05,2688.8512890379375,0.0375998509512101,0.01999298855662346,800,5,0.0001,ledoitwolf
4,0,4,OMPPI(DAG),2688.8888888888887,0.23202291529163466,0.22508271438282146,-0.006940200908813199,4.816638865469155e-05,1.0,0.22906057244197053,-0.003977858059149075,1.582335473873725e-05,1.0,0.21216052735576713,0.2380049014098758,0.025844374054108644,4.346862099956036e-05,2687.028505554391,1.860383334497783,0.018007002770900726,800,5,0.0001,ledoitwolf
4,0,4,OMPPI(Exhaustive),2688.8888888888887,0.23202291529163466,0.22203827001631365,-0.009984645275321002,9.969314127399002e-05,1.0,0.22906057244197053,-0.007022302425656879,4.931273135738649e-05,1.0,0.20921419634532054,0.23486234368730677,0.025648147341986248,4.2811044760683604e-05,2687.028505554391,1.860383334497783,0.016954733058810234,800,5,0.0001,ledoitwolf
4,0,4,VectorPPI++,2688.8888888888887,0.23202291529163466,0.21527051290246385,-0.016752402389170806,0.00028064298580869574,0.0,0.22906057244197053,-0.013790059539506683,0.00019016574210313925,1.0,0.20054968618836425,0.22999133961656346,0.02944165342819922,5.6411574160097876e-05,2686.931880108992,1.9570087798965687,0.00846107304096222,800,5,0.0001,ledoitwolf
4,0,4,Classical,3000.0,0.23202291529163466,0.2331553756292633,0.001132460337628649,1.2824664163019939e-06,1.0,0.22906057244197053,0.004094803187292773,1.676741314266305e-05,1.0,0.21844687695027562,0.247863874308251,0.029416997357975396,5.6317129373963124e-05,2997.0,3.0,0.007601168006658554,800,5,0.0001,ledoitwolf
4,0,4,MultiPPI,3000.0,0.23202291529163466,0.22423557476024816,-0.007787340531386494,6.0642672551774885e-05,1.0,0.22906057244197053,-0.0048249976817223705,2.328060262862625e-05,1.0,0.2117851819873597,0.23668596753313662,0.024900785545776887,4.035245135627489e-05,2999.9533640746176,0.046635925382361165,0.020543035119771957,800,5,0.0001,ledoitwolf
4,0,4,OMPPI(DAG),3000.0,0.23202291529163466,0.2267999111973826,-0.005223004094252054,2.727977176857372e-05,1.0,0.22906057244197053,-0.0022606612445879304,5.11058926278185e-06,1.0,0.21457542110460825,0.23902440129015695,0.024448980185548717,3.890140829398141e-05,2997.377279396353,2.6227206036469397,0.018033644184470177,800,5,0.0001,ledoitwolf
4,0,4,OMPPI(Exhaustive),3000.0,0.23202291529163466,0.23169890615942534,-0.00032400913220931304,1.049819177550321e-07,1.0,0.22906057244197053,0.0026383337174548105,6.96080480465892e-06,1.0,0.21909001515687707,0.24430779716197362,0.02521778200509656,4.1386395048070726e-05,2997.377279396353,2.6227206036469397,0.016893208026885986,800,5,0.0001,ledoitwolf
4,0,4,VectorPPI++,3000.0,0.23202291529163466,0.22182656746915286,-0.0101963478224818,0.00010396550891702933,1.0,0.22906057244197053,-0.007234004972817676,5.233082794675086e-05,1.0,0.20769844672087315,0.23595468821743257,0.028256241496559444,5.196041535124538e-05,2998.0612031020746,1.9387968979253856,0.008509691804647446,800,5,0.0001,ledoitwolf
5,0,5,Classical,200.0,0.23202291529163466,0.25891652836170176,0.0268936130700671,0.000723266423962484,1.0,0.2342070103808987,0.024709517980803064,0.0006105602788436299,1.0,0.19958091000261605,0.3182521467207875,0.11867123671817144,0.0009165048411006787,197.0,3.0,0.007927967235445976,800,5,0.0001,ledoitwolf
5,0,5,MultiPPI,200.0,0.23202291529163466,0.25938264508674624,0.027359729795111587,0.0007485548144615167,1.0,0.2342070103808987,0.02517563470584755,0.0006338125828422756,1.0,0.21141097870878284,0.30735431146470965,0.09594333275592684,0.0005990642832565366,199.97338084259067,0.02661915740932841,0.3036523424088955,800,5,0.0001,ledoitwolf
5,0,5,OMPPI(DAG),200.0,0.23202291529163466,0.2539930352333674,0.021970119941732758,0.0004826861702541234,1.0,0.2342070103808987,0.01978602485246872,0.0003914867794625098,1.0,0.20567899155883976,0.30230707890789504,0.0966280873490553,0.0006076459296164948,198.0620415007336,1.9379584992663865,0.015022872015833855,800,5,0.0001,ledoitwolf
5,0,5,OMPPI(Exhaustive),200.0,0.23202291529163466,0.2700409039248512,0.03801798863321654,0.0014453674597153818,1.0,0.2342070103808987,0.0358338935439525,0.0012840679265193205,1.0,0.22319681891836401,0.3168849889313384,0.09368817001297434,0.0005712330660096702,198.0620415007336,1.9379584992663865,0.01344030536711216,800,5,0.0001,ledoitwolf
5,0,5,VectorPPI++,200.0,0.23202291529163466,0.22241483081107769,-0.009608084480556972,9.231528738551975e-05,1.0,0.2342070103808987,-0.01179217956982101,0.000139055499006904,1.0,0.16744026963063552,0.27738939199151985,0.1099491223608843,0.0007867329881818403,197.93837769859567,2.061622301404327,0.00796264223754406,800,5,0.0001,ledoitwolf
5,0,5,Classical,511.1111111111111,0.23202291529163466,0.24559892142354228,0.013576006131907625,0.00018430794249359343,1.0,0.2342070103808987,0.011391911042643588,0.0001297756372035049,1.0,0.20987609332795293,0.28132174951913164,0.07144565619117874,0.0003321968311289728,509.0,2.111111111111086,0.007341884076595306,800,5,0.0001,ledoitwolf
5,0,5,MultiPPI,511.1111111111111,0.23202291529163466,0.22185379764033242,-0.01016911765130224,0.00010341095380602678,1.0,0.2342070103808987,-0.012353212740566277,0.000152601865013689,1.0,0.19115408973320205,0.25255350554746275,0.061399415814260706,0.00024534222793329947,511.07776147558167,0.03334963552941872,0.017559753730893135,800,5,0.0001,ledoitwolf
5,0,5,OMPPI(DAG),511.1111111111111,0.23202291529163466,0.2315887567564254,-0.00043415853520925585,1.8849363369504666e-07,1.0,0.2342070103808987,-0.0026182536244732935,6.855252042067538e-06,1.0,0.20188153430494002,0.2612959792079108,0.059414444902970764,0.00022973539662272678,508.36009222385246,2.751018887258624,0.016258560121059418,800,5,0.0001,ledoitwolf
5,0,5,OMPPI(Exhaustive),511.1111111111111,0.23202291529163466,0.23658253941101387,0.004559624119379213,2.0790172110024663e-05,1.0,0.2342070103808987,0.0023755290301151755,5.643138172919947e-06,1.0,0.20673078515164736,0.26643429367038035,0.059703508518733,0.00023197625536451426,508.36009222385246,2.751018887258624,0.015171274542808533,800,5,0.0001,ledoitwolf
5,0,5,VectorPPI++,511.1111111111111,0.23202291529163466,0.19717759661228249,-0.03484531867935217,0.0012141962338656095,0.0,0.2342070103808987,-0.03702941376861621,0.0013711774840473837,0.0,0.16405570232522293,0.23029949089934204,0.06624378857411913,0.0002855841836057786,509.34080905470546,1.770302056405626,0.00774175301194191,800,5,0.0001,ledoitwolf
5,0,5,Classical,822.2222222222222,0.23202291529163466,0.22576102238342222,-0.006261892908212441,3.921130279392126e-05,1.0,0.2342070103808987,-0.008445987997476478,7.133471325351673e-05,1.0,0.1987878674194906,0.25273417734735387,0.05394630992786326,0.0001893944781573387,820.0,2.2222222222221717,0.007257360965013504,800,5,0.0001,ledoitwolf
5,0,5,MultiPPI,822.2222222222222,0.23202291529163466,0.24372450072103777,0.01170158542940311,0.00013692710156161918,1.0,0.2342070103808987,0.009517490340139073,9.058262237464057e-05,1.0,0.21923509378161,0.26821390766046554,0.048978813878855526,0.00015612065109590982,822.1906308949906,0.03159132723158109,0.019182035699486732,800,5,0.0001,ledoitwolf
5,0,5,OMPPI(DAG),822.2222222222222,0.23202291529163466,0.219906180767227,-0.012116734524407646,0.00014681525553497218,1.0,0.2342070103808987,-0.014300829613671684,0.000204513727639269,1.0,0.19684744023164716,0.24296492130280686,0.04611748107115972,0.00013841239484928755,818.2946971284846,3.927525093737586,0.018464112654328346,800,5,0.0001,ledoitwolf
5,0,5,OMPPI(Exhaustive),822.2222222222222,0.23202291529163466,0.2607723395677489,0.028749424276114266,0.0008265293962080283,0.0,0.2342070103808987,0.02656532918685023,0.0007057167148057166,0.0,0.23689937174058634,0.2846453073949115,0.04774593565432515,0.0001483599381064715,818.2946971284846,3.927525093737586,0.017423072829842567,800,5,0.0001,ledoitwolf
5,0,5,VectorPPI++,822.2222222222222,0.23202291529163466,0.24318652579511071,0.011163610503476057,0.00012462619947332094,1.0,0.2342070103808987,0.00897951541421202,8.063169707407126e-05,1.0,0.2145722810259256,0.27180077056429586,0.05722848953837023,0.00021314168442989858,820.3257178788515,1.8965043433706796,0.008227596059441566,800,5,0.0001,ledoitwolf
5,0,5,Classical,1133.3333333333333,0.23202291529163466,0.2520824034407836,0.02005948814914893,0.00040238306480584637,1.0,0.2342070103808987,0.017875393059884892,0.00031952967704538095,1.0,0.22768711005420394,0.27647769682736323,0.04879058677315929,0.00015492300378473422,1131.0,2.3333333333332575,0.00834096223115921,800,5,0.0001,ledoitwolf
5,0,5,MultiPPI,1133.3333333333333,0.23202291529163466,0.22582626825028906,-0.006196647041345593,3.839843455501709e-05,1.0,0.2342070103808987,-0.00838074213060963,7.023683865977525e-05,1.0,0.20631356527619604,0.24533897122438209,0.03902540594818607,9.911484025393799e-05,1133.287989939216,0.04534339411725341,0.020624028518795967,800,5,0.0001,ledoitwolf
5,0,5,OMPPI(DAG),1133.3333333333333,0.23202291529163466,0.2389368887322103,0.006913973440575649,4.780302873698548e-05,1.0,0.2342070103808987,0.004729878351311612,2.237174921820625e-05,1.0,0.21893206623301498,0.25894171123140564,0.04000964499839063,0.00010417732999465004,1131.0322783483546,2.301054984978691,0.01866712048649788,800,5,0.0001,ledoitwolf
5,0,5,OMPPI(Exhaustive),1133.3333333333333,0.23202291529163466,0.23564543351911826,0.0036225182274836065,1.312263830845097e-05,1.0,0.2342070103808987,0.001438423138219569,2.069061124565433e-06,1.0,0.21589040077369817,0.25540046626453833,0.03951006549084018,0.00010159195685510494,1131.0322783483546,2.301054984978691,0.017502503469586372,800,5,0.0001,ledoitwolf
5,0,5,VectorPPI++,1133.3333333333333,0.23202291529163466,0.23920843664660196,0.007185521354967306,5.1631717142691186e-05,1.0,0.2342070103808987,0.005001426265703268,2.501426469126654e-05,1.0,0.21561974808671092,0.262797125206493,0.04717737711978209,0.00014484763574141145,1131.1456717669253,2.1876615664079964,0.00885777547955513,800,5,0.0001,ledoitwolf
5,0,5,Classical,1444.4444444444443,0.23202291529163466,0.22527791581131754,-0.006744999480317121,4.549501798947823e-05,1.0,0.2342070103808987,-0.008929094569581159,7.972872983252374e-05,1.0,0.2050719572839263,0.24548387433870877,0.040411917054782504,0.00010628273764415409,1442.0,2.4444444444443434,0.008476771414279938,800,5,0.0001,ledoitwolf
5,0,5,MultiPPI,1444.4444444444443,0.23202291529163466,0.23228561175731727,0.0002626964656826103,6.900943308213484e-08,1.0,0.2342070103808987,-0.0019213986235814273,3.6917726707006035e-06,1.0,0.21485739440457002,0.2497138291100645,0.034856434705494474,7.906963845566244e-05,1444.414273737162,0.03017070728242288,0.022866981104016304,800,5,0.0001,ledoitwolf
5,0,5,OMPPI(DAG),1444.4444444444443,0.23202291529163466,0.2420784329673533,0.010055517675718634,0.00010111343572668987,1.0,0.2342070103808987,0.007871422586454596,6.195929353454756e-05,1.0,0.2233775706434563,0.26077929529125027,0.03740172464779398,9.103891723982026e-05,1441.9840704254873,2.4603740189570544,0.018087323755025864,800,5,0.0001,ledoitwolf
5,0,5,OMPPI(Exhaustive),1444.4444444444443,0.23202291529163466,0.25180383387952565,0.019780918587890994,0.00039128474018077143,0.0,0.2342070103808987,0.017596823498626957,0.00030964819724182984,1.0,0.23362187923362715,0.26998578852542415,0.036363909291797,8.605675348246372e-05,1441.9840704254873,2.4603740189570544,0.017238004133105278,800,5,0.0001,ledoitwolf
5,0,5,VectorPPI++,1444.4444444444443,0.23202291529163466,0.21715701931593626,-0.014865895975698401,0.00022099486316028591,1.0,0.2342070103808987,-0.01704999106496244,0.000290702195315299,1.0,0.19700113017667703,0.23731290845519548,0.040311778278518444,0.00010575666327738989,1442.3831481869631,2.0612962574812173,0.008812354877591133,800,5,0.0001,ledoitwolf
5,0,5,Classical,1755.5555555555554,0.23202291529163466,0.2219278174176834,-0.01009509787395127,0.00010191100108465544,1.0,0.2342070103808987,-0.012279192963215307,0.00015077857982787632,1.0,0.2033095580326949,0.24054607680267187,0.037236518769976995,9.02364436810693e-05,1753.0,2.5555555555554292,0.008156664669513702,800,5,0.0001,ledoitwolf
5,0,5,MultiPPI,1755.5555555555554,0.23202291529163466,0.2181976154299697,-0.013825299861664947,0.0001911389162649528,1.0,0.2342070103808987,-0.016009394950928985,0.00025630072669483045,1.0,0.20180869215380132,0.2345865387061381,0.03277784655233679,6.992052204365438e-05,1755.5066023894362,0.04895316611919043,0.02150077186524868,800,5,0.0001,ledoitwolf
5,0,5,OMPPI(DAG),1755.5555555555554,0.23202291529163466,0.2322581367181458,0.00023522142651113964,5.5329119489935464e-08,1.0,0.2342070103808987,-0.001948873662752898,3.7981085533718963e-06,1.0,0.21549689510474312,0.24901937833154847,0.033522483226805365,7.313347182310755e-05,1752.9530496751204,2.6025058804350465,0.01832048036158085,800,5,0.0001,ledoitwolf
5,0,5,OMPPI(Exhaustive),1755.5555555555554,0.23202291529163466,0.24581453007654547,0.01379161478491081,0.00019020863837537047,1.0,0.2342070103808987,0.011607519695646773,0.00013473451348482775,1.0,0.22917286584212251,0.26245619431096845,0.03328332846884593,7.209370226731479e-05,1752.9530496751204,2.6025058804350465,0.017173629254102707,800,5,0.0001,ledoitwolf
5,0,5,VectorPPI++,1755.5555555555554,0.23202291529163466,0.23946912026588896,0.0074462049742543,5.5445968518609485e-05,1.0,0.2342070103808987,0.0052621098849902626,2.7689800441712233e-05,1.0,0.220409516050245,0.2585287244815329,0.03811920843128794,9.456524976918877e-05,1753.2031020750367,2.3524534805187614,0.008866030722856522,800,5,0.0001,ledoitwolf
5,0,5,Classical,2066.6666666666665,0.23202291529163466,0.23364543050303835,0.0016225152114036911,2.6325556112363646e-06,1.0,0.2342070103808987,-0.0005615798778603465,3.1537195921764163e-07,1.0,0.21620839247591278,0.2510824685301639,0.034874076054251156,7.914969529843448e-05,2064.0,2.666666666666515,0.00784057192504406,800,5,0.0001,ledoitwolf
5,0,5,MultiPPI,2066.6666666666665,0.23202291529163466,0.24026845510127245,0.008245539809637797,6.798892675232172e-05,1.0,0.2342070103808987,0.00606144472037376,3.6741112098146926e-05,1.0,0.22523986505655608,0.25529704514598883,0.030057180089432776,5.879498629932924e-05,2066.6392789771535,0.027387689513034275,0.021146919578313828,800,5,0.0001,ledoitwolf
5,0,5,OMPPI(DAG),2066.6666666666665,0.23202291529163466,0.23984781967923421,0.007824904387599557,6.12291286750748e-05,1.0,0.2342070103808987,0.00564080929833552,3.181872954018846e-05,1.0,0.22520629343268242,0.254489345925786,0.029283052493103572,5.5805437682585614e-05,2064.069377488996,2.5972891776705183,0.01763865165412426,800,5,0.0001,ledoitwolf
5,0,5,OMPPI(Exhaustive),2066.6666666666665,0.23202291529163466,0.22657445075936591,-0.005448464532268743,2.9685765759390452e-05,1.0,0.2342070103808987,-0.007632559621532781,5.8255966376252624e-05,1.0,0.21119529424024436,0.24195360727848747,0.030758313038243137,6.156995721664465e-05,2064.069377488996,2.5972891776705183,0.016668099910020828,800,5,0.0001,ledoitwolf
5,0,5,VectorPPI++,2066.6666666666665,0.23202291529163466,0.223617028145105,-0.00840588714652965,7.065893872019239e-05,1.0,0.2342070103808987,-0.010589982235793688,0.00011214772375442588,1.0,0.20673066045840968,0.24050339583180033,0.03377273537339063,7.422945994218498e-05,2065.3529658352545,1.3137008314120067,0.008723238483071327,800,5,0.0001,ledoitwolf
5,0,5,Classical,2377.7777777777774,0.23202291529163466,0.2437231187629112,0.011700203471276538,0.00013689476126927156,1.0,0.2342070103808987,0.0095161083820125,9.055631873820856e-05,1.0,0.22716715500756374,0.26027908251825865,0.033111927510694944,7.135308450836165e-05,2375.0,2.7777777777773736,0.00773984007537365,800,5,0.0001,ledoitwolf
5,0,5,MultiPPI,2377.7777777777774,0.23202291529163466,0.24582434537171438,0.013801430080079724,0.00019047947225532942,1.0,0.2342070103808987,0.011617334990815686,0.0001349624722888305,1.0,0.23161220277096412,0.26003648797246465,0.028424285201500504,5.2580284400279695e-05,2377.721861245022,0.0559165327554183,0.019494619220495224,800,5,0.0001,ledoitwolf
5,0,5,OMPPI(DAG),2377.7777777777774,0.23202291529163466,0.2365644933972303,0.004541578105595634,2.0625931689225627e-05,1.0,0.2342070103808987,0.0023574830163315963,5.557726172291921e-06,1.0,0.2225130404811816,0.250615946313279,0.028102905832097395,5.139800744141695e-05,2375.6424229721233,2.1353548056540603,0.01765526458621025,800,5,0.0001,ledoitwolf
5,0,5,OMPPI(Exhaustive),2377.7777777777774,0.23202291529163466,0.226402923501987,-0.005619991789647644,3.158430771570693e-05,1.0,0.2342070103808987,-0.007804086878911681,6.090377201360147e-05,1.0,0.21203690278443102,0.240768944219543,0.02873204143511198,5.3725045845983075e-05,2375.6424229721233,2.1353548056540603,0.016361195594072342,800,5,0.0001,ledoitwolf
5,0,5,VectorPPI++,2377.7777777777774,0.23202291529163466,0.24125070739045384,0.009227792098819187,8.515214701902983e-05,1.0,0.2342070103808987,0.00704369700955515,4.961366756241616e-05,1.0,0.2251379499676314,0.2573634648132763,0.0322255148456449,6.758394763159485e-05,2375.5904422552926,2.187335522484773,0.008566558361053467,800,5,0.0001,ledoitwolf
5,0,5,Classical,2688.8888888888887,0.23202291529163466,0.2315493326445282,-0.0004735826471064519,2.2428052364035417e-07,1.0,0.2342070103808987,-0.0026576777363704895,7.063250950399369e-06,1.0,0.21627195989007128,0.24682670539898513,0.030554745508913857,6.0757678052227424e-05,2686.0,2.888888888888687,0.007830942049622536,800,5,0.0001,ledoitwolf
5,0,5,MultiPPI,2688.8888888888887,0.23202291529163466,0.24022239518910288,0.00819947989746822,6.723147058898546e-05,1.0,0.2342070103808987,0.006015384808204183,3.618485439077367e-05,1.0,0.2267504236862672,0.25369436669193857,0.026943943005671375,4.7246117853847546e-05,2688.8586250262,0.030263862688570953,0.019559664651751518,800,5,0.0001,ledoitwolf
5,0,5,OMPPI(DAG),2688.8888888888887,0.23202291529163466,0.2432259687296435,0.011203053438008842,0.00012550840633488174,1.0,0.2342070103808987,0.009018958348744804,8.134160969639361e-05,1.0,0.23019772207227682,0.2562542153870102,0.026056493314733364,4.4185091885096955e-05,2686.4468664850137,2.442022403874944,0.017679931595921516,800,5,0.0001,ledoitwolf
5,0,5,OMPPI(Exhaustive),2688.8888888888887,0.23202291529163466,0.23508779926801895,0.003064883976384297,9.393513788697222e-06,1.0,0.2342070103808987,0.0008807888871202596,7.757890636745454e-07,1.0,0.2218747733430327,0.2483008251930052,0.026426051849972508,4.544733192345213e-05,2686.4468664850137,2.442022403874944,0.016064289957284927,800,5,0.0001,ledoitwolf
5,0,5,VectorPPI++,2688.8888888888887,0.23202291529163466,0.238781064451662,0.0067581491600273436,4.567258006917829e-05,1.0,0.2342070103808987,0.004574054070763306,2.092197064226637e-05,1.0,0.22381023110191361,0.2537518978014104,0.029941666699496796,5.83439421447295e-05,2686.410396143366,2.4784927455225443,0.008310293778777122,800,5,0.0001,ledoitwolf
5,0,5,Classical,3000.0,0.23202291529163466,0.24174726325100515,0.009724347959370494,9.456294323491309e-05,1.0,0.2342070103808987,0.007540252870106456,5.685541334514865e-05,1.0,0.2271410591073556,0.2563534673946547,0.029212408287299086,5.553650564641893e-05,2997.0,3.0,0.007833220064640045,800,5,0.0001,ledoitwolf
5,0,5,MultiPPI,3000.0,0.23202291529163466,0.23497647761264534,0.002953562321010683,8.723530384094014e-06,1.0,0.2342070103808987,0.0007694672317466456,5.92079820731846e-07,1.0,0.22229475838049403,0.24765819684479665,0.0253634384643026,4.186586663814763e-05,2999.966673653322,0.03332634667822276,0.020718585699796677,800,5,0.0001,ledoitwolf
5,0,5,OMPPI(DAG),3000.0,0.23202291529163466,0.2276780618863939,-0.004344853405240767,1.887775111303229e-05,1.0,0.2342070103808987,-0.006528948494504805,4.262716844389656e-05,1.0,0.2155332955885268,0.23982282818426098,0.02428953259573418,3.8395660428596475e-05,2996.8922657723747,3.107734227625315,0.017728744074702263,800,5,0.0001,ledoitwolf
5,0,5,OMPPI(Exhaustive),3000.0,0.23202291529163466,0.22662053803610394,-0.0054023772555307215,2.918568001107565e-05,1.0,0.2342070103808987,-0.007586472344794759,5.7554562638335686e-05,1.0,0.21436359395831947,0.2388774821138884,0.024513888155568937,3.91082359953008e-05,2996.8922657723747,3.107734227625315,0.016094546765089035,800,5,0.0001,ledoitwolf
5,0,5,VectorPPI++,3000.0,0.23202291529163466,0.24178159488976073,0.009758679598126069,9.523182749888197e-05,1.0,0.2342070103808987,0.007574584508862031,5.7374330481892655e-05,1.0,0.22745885153054332,0.2561043382489781,0.0286454867184348,5.340184208897456e-05,2997.23035003144,2.769649968559861,0.00844227708876133,800,5,0.0001,ledoitwolf
6,0,6,Classical,200.0,0.23202291529163466,0.24834179087495736,0.016318875583322706,0.000266305700303966,1.0,0.23195195962203852,0.016389831252918846,0.00026862656849915536,1.0,0.18981028321350196,0.30687329853641276,0.1170630153229108,0.0008918323868701444,197.0,3.0,0.008580246940255165,800,5,0.0001,ledoitwolf
6,0,6,MultiPPI,200.0,0.23202291529163466,0.20790332943465772,-0.024119585856976933,0.0005817544219120816,1.0,0.23195195962203852,-0.024048630187380793,0.0005783366138894028,1.0,0.16458675057975466,0.25121990828956076,0.0866331577098061,0.0004884410041271755,199.96352965835254,0.036470341647458326,0.3891965541988611,800,5,0.0001,ledoitwolf
6,0,6,OMPPI(DAG),200.0,0.23202291529163466,0.22971997836885433,-0.00230293692278033,5.303518470304935e-06,1.0,0.23195195962203852,-0.00223198125318419,4.981740314565667e-06,1.0,0.17626611453864593,0.2831738421990627,0.10690772766041678,0.0007438100189922546,197.74680360511425,2.253196394885748,0.017216751351952553,800,5,0.0001,ledoitwolf
6,0,6,OMPPI(Exhaustive),200.0,0.23202291529163466,0.28927040242959373,0.057247487137959074,0.0032772747836107897,0.0,0.23195195962203852,0.057318442807555214,0.003285403885882978,0.0,0.2395034762892188,0.33903732856996865,0.09953385228074982,0.0006447412436439968,197.74680360511425,2.253196394885748,0.016330957412719727,800,5,0.0001,ledoitwolf
6,0,6,VectorPPI++,200.0,0.23202291529163466,0.21627585972889019,-0.015747055562744472,0.00024796975889616163,1.0,0.23195195962203852,-0.015676099893148332,0.00024574010785996514,1.0,0.15973529165938694,0.27281642779839343,0.11308113613900647,0.0008321931815071448,198.00544959128067,1.9945504087193342,0.007866282016038895,800,5,0.0001,ledoitwolf
6,0,6,Classical,511.1111111111111,0.23202291529163466,0.206278155736006,-0.02574475955562866,0.0006627926445771333,1.0,0.23195195962203852,-0.02567380388603252,0.0006591442059784585,1.0,0.17345154957792727,0.23910476189408472,0.06565321231615745,0.000280514804962272,509.0,2.111111111111086,0.0075380560010671616,800,5,0.0001,ledoitwolf
6,0,6,MultiPPI,511.1111111111111,0.23202291529163466,0.22757237117187443,-0.00445054411976023,1.980734296193236e-05,1.0,0.23195195962203852,-0.00437958845016409,1.9180794992810697e-05,1.0,0.19703654048259264,0.25810820186115624,0.061071661378563576,0.00024272991053851737,511.0636134982184,0.04749761289269827,0.018664954230189323,800,5,0.0001,ledoitwolf
6,0,6,OMPPI(DAG),511.1111111111111,0.23202291529163466,0.22677334595260867,-0.0052495693390259834,2.75579782452417e-05,1.0,0.23195195962203852,-0.0051786136694298435,2.681803953720563e-05,1.0,0.19582709835021747,0.2577195935549999,0.061892495204782426,0.0002492985830043232,508.0945294487529,3.016581662358192,0.01742400787770748,800,5,0.0001,ledoitwolf
6,0,6,OMPPI(Exhaustive),511.1111111111111,0.23202291529163466,0.24016442990448694,0.008141514612852285,6.62842601912873e-05,1.0,0.23195195962203852,0.008212470282448425,6.744466814009852e-05,1.0,0.20994109169015868,0.2703877681188152,0.060446676428656525,0.00023778731348020048,508.0945294487529,3.016581662358192,0.01612143963575363,800,5,0.0001,ledoitwolf
6,0,6,VectorPPI++,511.1111111111111,0.23202291529163466,0.20815732334979423,-0.02386559194184043,0.0005695664787344389,1.0,0.23195195962203852,-0.02379463627224429,0.0005661847153284037,1.0,0.17482390959313965,0.2414907371064488,0.06666682751330917,0.00028924336418411945,509.6296373925802,1.4814737185308786,0.008000684902071953,800,5,0.0001,ledoitwolf
6,0,6,Classical,822.2222222222222,0.23202291529163466,0.2164938230638414,-0.01552909222779325,0.00024115270541930875,1.0,0.23195195962203852,-0.01545813655819711,0.00023895398585187003,1.0,0.18920177049478945,0.24378587563289336,0.05458410513810393,0.0001938992888376988,818.0,4.222222222222172,0.0075165461748838425,800,5,0.0001,ledoitwolf
6,0,6,MultiPPI,822.2222222222222,0.23202291529163466,0.23974722192610196,0.007724306634467298,5.9664912983275525e-05,1.0,0.23195195962203852,0.007795262304063438,6.076611438915243e-05,1.0,0.21475376235088586,0.264740681501318,0.04998691915043218,0.0001626134889622705,822.1993292810731,0.022892941149052604,0.020231502130627632,800,5,0.0001,ledoitwolf
6,0,6,OMPPI(DAG),822.2222222222222,0.23202291529163466,0.21999861004057794,-0.012024305251056716,0.00014458391677059013,1.0,0.23195195962203852,-0.011953349581460576,0.00014288256621660373,1.0,0.19504615896825644,0.24495106111289944,0.04990490214464302,0.0001620803042746388,819.9622720603647,2.2599501618574322,0.0174187570810318,800,5,0.0001,ledoitwolf
6,0,6,OMPPI(Exhaustive),822.2222222222222,0.23202291529163466,0.24519212331646223,0.013169208024827572,0.00017342804000118292,1.0,0.23195195962203852,0.013240163694423712,0.00017530193465513575,1.0,0.22018310495989155,0.2702011416730329,0.050018036713141346,0.0001628160103630303,819.9622720603647,2.2599501618574322,0.016357779502868652,800,5,0.0001,ledoitwolf
6,0,6,VectorPPI++,822.2222222222222,0.23202291529163466,0.21800341654293887,-0.014019498748695791,0.00019654634516468286,1.0,0.23195195962203852,-0.013948543079099651,0.00019456185402949878,1.0,0.1909240998726496,0.24508273321322813,0.054158633340578535,0.00019088826030869854,820.6713477258436,1.550874496378583,0.008055580779910088,800,5,0.0001,ledoitwolf
6,0,6,Classical,1133.3333333333333,0.23202291529163466,0.25086512647204046,0.0188422111804058,0.0003550289221670093,1.0,0.23195195962203852,0.01891316685000194,0.00035770788029601227,1.0,0.2268735342032976,0.2748567187407833,0.04798318453748574,0.00014983799812947008,1131.0,2.3333333333332575,0.007473284378647804,800,5,0.0001,ledoitwolf
6,0,6,MultiPPI,1133.3333333333333,0.23202291529163466,0.261250171407171,0.029227256115536338,0.0008542325000431562,0.0,0.23195195962203852,0.029298211785132477,0.0008583852138064756,0.0,0.24000482475327514,0.2824955180610669,0.04249069330779171,0.00011749826706788577,1133.2634667784532,0.06986655488003635,0.01905633881688118,800,5,0.0001,ledoitwolf
6,0,6,OMPPI(DAG),1133.3333333333333,0.23202291529163466,0.24883769845677028,0.016814783165135627,0.0002827369328905285,1.0,0.23195195962203852,0.016885738834731767,0.00028512817599476856,1.0,0.22747505667224097,0.27020034024129963,0.04272528356905866,0.00011879925968636487,1131.5814294697127,1.751903863620555,0.017621301114559174,800,5,0.0001,ledoitwolf
6,0,6,OMPPI(Exhaustive),1133.3333333333333,0.23202291529163466,0.2261683078581324,-0.005854607433502246,3.427642820041975e-05,1.0,0.23195195962203852,-0.005783651763906106,3.345062772613421e-05,1.0,0.20444982718166227,0.24788678853460255,0.043436961352940257,0.0001227899152148076,1131.5814294697127,1.751903863620555,0.016248879954218864,800,5,0.0001,ledoitwolf
6,0,6,VectorPPI++,1133.3333333333333,0.23202291529163466,0.2385996128300129,0.006576697538378251,4.325295051131055e-05,1.0,0.23195195962203852,0.006647653207974391,4.4191293173492215e-05,1.0,0.21504773270226987,0.26215149295775597,0.04710376025548608,0.00014439594004325384,1132.130580591071,1.2027527422621915,0.008091889321804047,800,5,0.0001,ledoitwolf
6,0,6,Classical,1444.4444444444443,0.23202291529163466,0.23038170129324048,-0.0016412139983941754,2.6935833885249963e-06,1.0,0.23195195962203852,-0.0015702583287980354,2.465711219159599e-06,1.0,0.20936220834502683,0.25140119424145413,0.04203898589642731,0.0001150133593571022,1441.0,3.4444444444443434,0.007492201402783394,800,5,0.0001,ledoitwolf
6,0,6,MultiPPI,1444.4444444444443,0.23202291529163466,0.21863615024523392,-0.01338676504640074,0.00017920547840753658,1.0,0.23195195962203852,-0.0133158093768046,0.0001773107793593973,1.0,0.2002774770035262,0.23699482348694165,0.03671734648341548,8.773773166072745e-05,1444.4103961433661,0.03404830107820089,0.01869676448404789,800,5,0.0001,ledoitwolf
6,0,6,OMPPI(DAG),1444.4444444444443,0.23202291529163466,0.23833533985513608,0.006312424563501423,3.984670386989613e-05,1.0,0.23195195962203852,0.006383380233097563,4.07475432003007e-05,1.0,0.22073022617554108,0.2559404535347311,0.03521022735919,8.068289734144775e-05,1442.5965206455671,1.8479237988772184,0.017643451690673828,800,5,0.0001,ledoitwolf
6,0,6,OMPPI(Exhaustive),1444.4444444444443,0.23202291529163466,0.22210534805556523,-0.00991756723606943,9.835813988195783e-05,1.0,0.23195195962203852,-0.00984661156647329,9.695575934100558e-05,1.0,0.20420856524534026,0.2400021308657902,0.03579356562044997,8.337843769948039e-05,1442.5965206455671,1.8479237988772184,0.01622534915804863,800,5,0.0001,ledoitwolf
6,0,6,VectorPPI++,1444.4444444444443,0.23202291529163466,0.23505518440308798,0.003032269111453323,9.194655964273924e-06,1.0,0.23195195962203852,0.003103224781049463,9.630004041719487e-06,1.0,0.21373815048921238,0.25637221831696355,0.04263406782775119,0.00011829254356114966,1442.7547683923704,1.6896760520739917,0.008160809054970741,800,5,0.0001,ledoitwolf
6,0,6,Classical,1755.5555555555554,0.23202291529163466,0.23868448047450339,0.006661565182868728,4.437645068560887e-05,1.0,0.23195195962203852,0.006732520852464868,4.532683702887428e-05,1.0,0.2192124375098063,0.2581565234392005,0.03894408592939417,9.870220531232911e-05,1753.0,2.5555555555554292,0.007484905421733856,800,5,0.0001,ledoitwolf
6,0,6,MultiPPI,1755.5555555555554,0.23202291529163466,0.23235316346857204,0.0003302481769373866,1.0906385837046741e-07,1.0,0.23195195962203852,0.0004012038465335266,1.6096452647329757e-07,1.0,0.21561371016226308,0.249092616774881,0.03347890661261793,7.294345978267348e-05,1755.4990568015091,0.05649875404628801,0.02062522992491722,800,5,0.0001,ledoitwolf
6,0,6,OMPPI(DAG),1755.5555555555554,0.23202291529163466,0.21327766405839185,-0.018745251233242805,0.00035138444379739087,0.0,0.23195195962203852,-0.018674295563646665,0.0003487293147984335,0.0,0.19685882758225054,0.22969650053453317,0.03283767295228262,7.017599402030227e-05,1752.9270593167053,2.6284962388501754,0.017209408804774284,800,5,0.0001,ledoitwolf
6,0,6,OMPPI(Exhaustive),1755.5555555555554,0.23202291529163466,0.2392229890230838,0.0072000737314491525,5.1841061738304126e-05,1.0,0.23195195962203852,0.0072710294010452925,5.286786855086507e-05,1.0,0.22314151964033369,0.25530445840583393,0.032162938765500235,6.732173103487798e-05,1752.9270593167053,2.6284962388501754,0.016377246007323265,800,5,0.0001,ledoitwolf
6,0,6,VectorPPI++,1755.5555555555554,0.23202291529163466,0.2266262680898815,-0.005396647201753146,2.9123801020190064e-05,1.0,0.23195195962203852,-0.005325691532157006,2.8362990295688843e-05,1.0,0.20803132072044656,0.24522121545931647,0.0371898947388699,9.001061414725177e-05,1754.2140012575978,1.3415542979576003,0.008212478831410408,800,5,0.0001,ledoitwolf
6,0,6,Classical,2066.6666666666665,0.23202291529163466,0.2324549902253799,0.0004320749337452523,1.8668874837096416e-07,1.0,0.23195195962203852,0.0005030306033413923,2.5303978789800513e-07,1.0,0.21486350950599437,0.25004647094476545,0.03518296143877109,8.055798808344274e-05,2065.0,1.666666666666515,0.007492519915103912,800,5,0.0001,ledoitwolf
6,0,6,MultiPPI,2066.6666666666665,0.23202291529163466,0.23571144304156233,0.0036885277499276725,1.3605236961986499e-05,1.0,0.23195195962203852,0.0037594834195238125,1.4133715581674458e-05,1.0,0.22046282020414149,0.2509600658789832,0.030497245674841675,6.0529218010958e-05,2066.6260741982815,0.040592468385057145,0.02069418877363205,800,5,0.0001,ledoitwolf
6,0,6,OMPPI(DAG),2066.6666666666665,0.23202291529163466,0.23626638965030208,0.004243474358667426,1.8007074632667924e-05,1.0,0.23195195962203852,0.004314430028263566,1.8614306468782357e-05,1.0,0.22129201692152073,0.25124076237908344,0.029948745457562712,5.837153255750732e-05,2063.8119891008173,2.854677565849215,0.01746285706758499,800,5,0.0001,ledoitwolf
6,0,6,OMPPI(Exhaustive),2066.6666666666665,0.23202291529163466,0.23284850699460527,0.0008255917029706128,6.816016600139166e-07,1.0,0.23195195962203852,0.0008965473725667528,8.037971912563478e-07,1.0,0.2177751376866199,0.24792187630259063,0.030146738615970725,5.914587996386759e-05,2063.8119891008173,2.854677565849215,0.016167929396033287,800,5,0.0001,ledoitwolf
6,0,6,VectorPPI++,2066.6666666666665,0.23202291529163466,0.21916495013367254,-0.012857965157962115,0.0001653272680033677,1.0,0.23195195962203852,-0.012787009488365975,0.00016350761165556145,1.0,0.20189885340734734,0.23643104685999775,0.03453219345265043,7.760543847479026e-05,2065.5856214630057,1.0810452036607785,0.008191287517547607,800,5,0.0001,ledoitwolf
6,0,6,Classical,2377.7777777777774,0.23202291529163466,0.22857357705025086,-0.003449338241383798,1.1897934303472674e-05,1.0,0.23195195962203852,-0.003378382571787658,1.141346880135859e-05,1.0,0.21225975443020687,0.24488739967029485,0.03262764524008801,6.928118220207018e-05,2376.0,1.7777777777773736,0.00748090073466301,800,5,0.0001,ledoitwolf
6,0,6,MultiPPI,2377.7777777777774,0.23202291529163466,0.234069539769985,0.002046624478350356,4.188671755382868e-06,1.0,0.23195195962203852,0.002117580147946496,4.4841456829771045e-06,1.0,0.21979633125674458,0.24834274828322545,0.02854641702648084,5.303310298810575e-05,2377.7368476210436,0.04093015673379341,0.019626861438155174,800,5,0.0001,ledoitwolf
6,0,6,OMPPI(DAG),2377.7777777777774,0.23202291529163466,0.22816364545786286,-0.0038592698337718,1.4893963649861018e-05,1.0,0.23195195962203852,-0.00378831416417566,1.435132420649393e-05,1.0,0.21452341417157908,0.24180387674414663,0.02728046257256754,4.843365977035139e-05,2375.5323831481874,2.2453946295900096,0.017671436071395874,800,5,0.0001,ledoitwolf
6,0,6,OMPPI(Exhaustive),2377.7777777777774,0.23202291529163466,0.24170572330237403,0.009682808010739369,9.37567709728385e-05,1.0,0.23195195962203852,0.009753763680335509,9.513590593183209e-05,1.0,0.22769971577999398,0.25571173082475407,0.028012015044760086,5.106608084933735e-05,2375.5323831481874,2.2453946295900096,0.016253812238574028,800,5,0.0001,ledoitwolf
6,0,6,VectorPPI++,2377.7777777777774,0.23202291529163466,0.2409594059345928,0.00893649064295815,7.986086501167858e-05,1.0,0.23195195962203852,0.00900744631255429,8.113408907354788e-05,1.0,0.2242786851943019,0.2576401266748837,0.033361441480581774,7.243249437339883e-05,2376.462376860197,1.3154009175805186,0.008235365152359009,800,5,0.0001,ledoitwolf
6,0,6,Classical,2688.8888888888887,0.23202291529163466,0.23138892303299863,-0.0006339922586360291,4.019461840104137e-07,1.0,0.23195195962203852,-0.0005630365890398892,3.1701020059767305e-07,1.0,0.2161900592626422,0.24658778680335505,0.030397727540712856,6.013482655740459e-05,2687.0,1.8888888888886868,0.00747939758002758,800,5,0.0001,ledoitwolf
6,0,6,MultiPPI,2688.8888888888887,0.23202291529163466,0.24077718040504306,0.008754265113408405,7.663715767583947e-05,1.0,0.23195195962203852,0.008825220783004545,7.788452186877535e-05,1.0,0.22753194033508126,0.2540224204750049,0.026490480139923625,4.566920867818176e-05,2688.8687906099353,0.020098278953355475,0.020804932340979576,800,5,0.0001,ledoitwolf
6,0,6,OMPPI(DAG),2688.8888888888887,0.23202291529163466,0.22974106361672716,-0.0022818516749074924,5.2068470662781285e-06,1.0,0.23195195962203852,-0.0022108960053113524,4.8880611463016955e-06,1.0,0.21661009462658104,0.2428720326068733,0.02626193798029224,4.488460105086418e-05,2685.862921819325,3.0259670695636487,0.01763477735221386,800,5,0.0001,ledoitwolf
6,0,6,OMPPI(Exhaustive),2688.8888888888887,0.23202291529163466,0.23316292584383713,0.001140010552202475,1.2996240591329922e-06,1.0,0.23195195962203852,0.001210966221798615,1.4664391903372124e-06,1.0,0.2199341108799956,0.24639174080767867,0.026457629927683062,4.555601231615858e-05,2685.862921819325,3.0259670695636487,0.01639392040669918,800,5,0.0001,ledoitwolf
6,0,6,VectorPPI++,2688.8888888888887,0.23202291529163466,0.22899202054190287,-0.003030894749731783,9.186322983951687e-06,1.0,0.23195195962203852,-0.002959939080135643,8.761239358114236e-06,1.0,0.2139967439703435,0.24398729711346226,0.02999055314311876,5.8534616652984784e-05,2687.5040871934602,1.3848016954284503,0.00830904021859169,800,5,0.0001,ledoitwolf
6,0,6,Classical,3000.0,0.23202291529163466,0.23575054056702333,0.0037276252753886685,1.3895190193716447e-05,1.0,0.23195195962203852,0.0037985809449848085,1.442921719560168e-05,1.0,0.2210403889673539,0.25046069216669276,0.029420303199338846,5.632978776697051e-05,2997.0,3.0,0.007639599964022636,800,5,0.0001,ledoitwolf
6,0,6,MultiPPI,3000.0,0.23202291529163466,0.24101395346748403,0.00899103817584937,8.083876747958076e-05,1.0,0.23195195962203852,0.00906199384544551,8.211973245489229e-05,1.0,0.22870056944910083,0.2533273374858672,0.024626768036766368,3.9469231107566004e-05,2999.947076084678,0.052923915322026005,0.02039460837841034,800,5,0.0001,ledoitwolf
6,0,6,OMPPI(DAG),3000.0,0.23202291529163466,0.2399427825176054,0.00791986722597074,6.272429687700545e-05,1.0,0.23195195962203852,0.00799082289556688,6.385325054831585e-05,1.0,0.22760455524016127,0.2522810097950495,0.024676454554888285,3.962865657436865e-05,2997.730664430937,2.2693355690630597,0.017666837200522423,800,5,0.0001,ledoitwolf
6,0,6,OMPPI(Exhaustive),3000.0,0.23202291529163466,0.22679752799262143,-0.005225387299013229,2.7304672424688767e-05,1.0,0.23195195962203852,-0.005154431629417089,2.6568165422335305e-05,1.0,0.21433813858707187,0.23925691739817098,0.02491877881109909,4.041078965179954e-05,2997.730664430937,2.2693355690630597,0.01639559119939804,800,5,0.0001,ledoitwolf
6,0,6,VectorPPI++,3000.0,0.23202291529163466,0.23248747497429612,0.0004645596826614584,2.1581569875451495e-07,1.0,0.23195195962203852,0.0005355153522575984,2.8677669250357966e-07,1.0,0.2181239923467913,0.24685095760180092,0.02872696525500964,5.3706063977370457e-05,2998.9633200586877,1.0366799413122862,0.008278023451566696,800,5,0.0001,ledoitwolf
7,0,7,Classical,200.0,0.23202291529163466,0.2286457659987072,-0.003377149292927456,1.1405137346720416e-05,1.0,0.23553307356577974,-0.006887307567072537,4.743500552345463e-05,1.0,0.1712760257340601,0.2860155062633543,0.11473948052929422,0.0008567805231446835,198.0,2.0,0.008684435859322548,800,5,0.0001,ledoitwolf
7,0,7,MultiPPI,200.0,0.23202291529163466,0.24501076421896537,0.012987848927330709,0.00016868421975916543,1.0,0.23553307356577974,0.009477690653185628,8.98266201174822e-05,1.0,0.19492503192271093,0.2950964965152198,0.10017146459250885,0.0006530281064418076,199.96415845734649,0.03584154265351458,0.4142879117280245,800,5,0.0001,ledoitwolf
7,0,7,OMPPI(DAG),200.0,0.23202291529163466,0.28479355220518965,0.05277063691355499,0.002784740120262253,0.0,0.23553307356577974,0.04926047863940991,0.00242659475578376,0.0,0.23616257005680602,0.3334245343535733,0.09726196429676723,0.0006156443515614913,197.08907985747223,2.9109201425277718,0.016628323122859,800,5,0.0001,ledoitwolf
7,0,7,OMPPI(Exhaustive),200.0,0.23202291529163466,0.20844821678502143,-0.02357469850661323,0.000555766409677712,1.0,0.23553307356577974,-0.02708485678075831,0.0007335894668341893,1.0,0.1532261018606772,0.26367033170936566,0.11044422984868847,0.0007938343527958117,197.08907985747223,2.9109201425277718,0.015913384035229683,800,5,0.0001,ledoitwolf
7,0,7,VectorPPI++,200.0,0.23202291529163466,0.26378684344715564,0.03176392815552098,0.0010089471318690986,1.0,0.23553307356577974,0.0282537698813759,0.0007982755125097439,1.0,0.2027445897292277,0.32482909716508357,0.12208450743585586,0.0009699848190200293,197.433242506812,2.5667574931879926,0.008264467120170593,800,5,0.0001,ledoitwolf
7,0,7,Classical,511.1111111111111,0.23202291529163466,0.24339058148460296,0.011367666192968306,0.00012922383467475456,1.0,0.23553307356577974,0.007857507918823226,6.17404306943697e-05,1.0,0.20676173891694685,0.2800194240522591,0.07325768513531224,0.00034926109336861407,508.0,3.111111111111086,0.006975607946515083,800,5,0.0001,ledoitwolf
7,0,7,MultiPPI,511.1111111111111,0.23202291529163466,0.252324907308861,0.020301992017226322,0.0004121708798675213,1.0,0.23553307356577974,0.01679183374308124,0.00028196568045528176,1.0,0.22119666103044008,0.28345315358728185,0.062256492556841785,0.00025223951670395314,511.07618947809686,0.03492163301422124,0.020406004041433334,800,5,0.0001,ledoitwolf
7,0,7,OMPPI(DAG),511.1111111111111,0.23202291529163466,0.224321836869003,-0.007701078422631652,5.930660887152281e-05,1.0,0.23553307356577974,-0.011211236696776733,0.00012569182827115328,1.0,0.19404699551259266,0.2545966782254134,0.060549682712820706,0.00023859842365567708,508.01131838189053,3.099792729220553,0.017294438555836678,800,5,0.0001,ledoitwolf
7,0,7,OMPPI(Exhaustive),511.1111111111111,0.23202291529163466,0.23538685340043483,0.003363938108800174,1.1316079599838092e-05,1.0,0.23553307356577974,-0.0001462201653449069,2.138033675349191e-08,1.0,0.2035833083329911,0.26719039846787856,0.06360709013488745,0.0002633024395336767,508.01131838189053,3.099792729220553,0.016044234856963158,800,5,0.0001,ledoitwolf
7,0,7,VectorPPI++,511.1111111111111,0.23202291529163466,0.23514121846281966,0.0031183031711849996,9.723814667422425e-06,1.0,0.23553307356577974,-0.0003918551029600814,1.53550421715856e-07,1.0,0.19928971227971803,0.2709927246459213,0.07170301236620324,0.00033459437041803914,509.8254034793544,1.2857076317566793,0.008312668651342392,800,5,0.0001,ledoitwolf
7,0,7,Classical,822.2222222222222,0.23202291529163466,0.2596931527617583,0.02767023747012365,0.0007656420416530347,1.0,0.23553307356577974,0.024160079195978568,0.0005837094267559564,1.0,0.23044767867137889,0.2889386268521377,0.05849094818075887,0.00022264920559958217,819.0,3.2222222222221717,0.007724728435277939,800,5,0.0001,ledoitwolf
7,0,7,MultiPPI,822.2222222222222,0.23202291529163466,0.2508082063852456,0.018785291093610934,0.0003528871614716983,1.0,0.23553307356577974,0.015275132819465853,0.00023332968265232283,1.0,0.22685637575639186,0.2747600370140993,0.047903661257707446,0.00014934175198828072,822.1880108991826,0.034211323039585295,0.020191052928566933,800,5,0.0001,ledoitwolf
7,0,7,OMPPI(DAG),822.2222222222222,0.23202291529163466,0.23677559841987078,0.004752683128236124,2.2587996917420308e-05,1.0,0.23553307356577974,0.0012425248540910427,1.5438680130339671e-06,1.0,0.21302560522236624,0.2605255916173753,0.04749998639500905,0.0001468354089448729,819.4191993292811,2.803022892941044,0.01707063429057598,800,5,0.0001,ledoitwolf
7,0,7,OMPPI(Exhaustive),822.2222222222222,0.23202291529163466,0.24431621157249692,0.01229329628086226,0.00015112513344906186,1.0,0.23553307356577974,0.008783138006717178,7.71435132450398e-05,1.0,0.2204134760540506,0.26821894709094324,0.047805471036892644,0.00014873015485339966,819.4191993292811,2.803022892941044,0.01613212749361992,800,5,0.0001,ledoitwolf
7,0,7,VectorPPI++,822.2222222222222,0.23202291529163466,0.2226382566872846,-0.00938465860435006,8.807181712020162e-05,1.0,0.23553307356577974,-0.012894816878495141,0.00016627630232992317,1.0,0.19579453192382004,0.24948198145074915,0.05368744952692912,0.0001875812270314629,821.2175644518969,1.0046577703252524,0.008348846808075905,800,5,0.0001,ledoitwolf
7,0,7,Classical,1133.3333333333333,0.23202291529163466,0.2417183419689981,0.00969542667736345,9.400129845613087e-05,1.0,0.23553307356577974,0.006185268403218369,3.8257545219851515e-05,1.0,0.2178292133639686,0.2656074705740276,0.047778257210059016,0.00014856087026972716,1131.0,2.3333333333332575,0.007701737806200981,800,5,0.0001,ledoitwolf
7,0,7,MultiPPI,1133.3333333333333,0.23202291529163466,0.22956032165604703,-0.0024625936355876232,6.064367414036668e-06,1.0,0.23553307356577974,-0.005972751909732704,3.567376537521567e-05,1.0,0.2087181519542995,0.2504024913577946,0.041684339403495106,0.00011308100858359619,1133.2825403479355,0.05079298539772026,0.021866098046302795,800,5,0.0001,ledoitwolf
7,0,7,OMPPI(DAG),1133.3333333333333,0.23202291529163466,0.2431081352460463,0.01108521995441164,0.00012288210143768602,1.0,0.23553307356577974,0.007575061680266559,5.738155945984283e-05,1.0,0.221818789176746,0.2643974813153466,0.042578692138600625,0.00011798545219769815,1131.240201215678,2.093132117655159,0.01723833940923214,800,5,0.0001,ledoitwolf
7,0,7,OMPPI(Exhaustive),1133.3333333333333,0.23202291529163466,0.2473504689495143,0.015327553657879633,0.00023493390113517933,1.0,0.23553307356577974,0.011817395383734552,0.0001396508336555107,1.0,0.22699317327004714,0.26770776462898144,0.040714591358934314,0.00010788075747389359,1131.240201215678,2.093132117655159,0.01608150452375412,800,5,0.0001,ledoitwolf
7,0,7,VectorPPI++,1133.3333333333333,0.23202291529163466,0.22844722931577646,-0.003575685975858195,1.2785530197948972e-05,1.0,0.23553307356577974,-0.007085844250003276,5.0209188735304484e-05,1.0,0.20545082748624116,0.25144363114531176,0.04599280365907061,0.00013766501784598015,1131.8622930203312,1.4710403130020495,0.008366119116544724,800,5,0.0001,ledoitwolf
7,0,7,Classical,1444.4444444444443,0.23202291529163466,0.24066281794897254,0.008639902657337883,7.464791792827422e-05,1.0,0.23553307356577974,0.0051297443831928025,2.6314277436898107e-05,1.0,0.21900997224593555,0.26231566365200953,0.04330569140607396,0.00012204887489977303,1442.0,2.4444444444443434,0.007685268297791481,800,5,0.0001,ledoitwolf
7,0,7,MultiPPI,1444.4444444444443,0.23202291529163466,0.23192529182731647,-9.762346431818614e-05,9.530340785484163e-09,1.0,0.23553307356577974,-0.003607781738463267,1.3016089072389034e-05,1.0,0.21397736240263995,0.249873221251993,0.035895858849353014,8.385568755751035e-05,1444.4157409348143,0.02870350963007695,0.019125821068882942,800,5,0.0001,ledoitwolf
7,0,7,OMPPI(DAG),1444.4444444444443,0.23202291529163466,0.23353532166332375,0.00151240637168909,2.287373033125758e-06,1.0,0.23553307356577974,-0.001997751902455991,3.991012663766531e-06,1.0,0.21562794100620114,0.25144270232044635,0.03581476131424519,8.347721450809277e-05,1441.9943408090546,2.4501036353897234,0.01716035231947899,800,5,0.0001,ledoitwolf
7,0,7,OMPPI(Exhaustive),1444.4444444444443,0.23202291529163466,0.2238664699768593,-0.008156445314775357,6.652760017292086e-05,1.0,0.23553307356577974,-0.011666603588920438,0.00013610963930101125,1.0,0.20583129828930277,0.24190164166441583,0.036070343375113056,8.467288938447268e-05,1441.9943408090546,2.4501036353897234,0.016116831451654434,800,5,0.0001,ledoitwolf
7,0,7,VectorPPI++,1444.4444444444443,0.23202291529163466,0.22995397621047975,-0.002068939081154908,4.280508921530115e-06,1.0,0.23553307356577974,-0.005579097355299989,3.112632729991533e-05,1.0,0.20921769537168866,0.25069025704927084,0.0414725616775822,0.00011193490887077061,1442.8369314609097,1.6075129835346615,0.008342312648892403,800,5,0.0001,ledoitwolf
7,0,7,Classical,1755.5555555555554,0.23202291529163466,0.23687716977957052,0.004854254487935861,2.3563786633645444e-05,1.0,0.23553307356577974,0.0013440962137907797,1.8065946319267094e-06,1.0,0.21787324425901658,0.2558810953001245,0.03800785104110789,9.401355111376787e-05,1754.0,1.5555555555554292,0.0076644569635391235,800,5,0.0001,ledoitwolf
7,0,7,MultiPPI,1755.5555555555554,0.23202291529163466,0.23399272505038243,0.001969809758747776,3.880150485657971e-06,1.0,0.23553307356577974,-0.001540348515397305,2.372673548886682e-06,1.0,0.21735689033930536,0.2506285597614595,0.03327166942215415,7.204320271335613e-05,1755.5298679522111,0.025687603344294985,0.020164674147963524,800,5,0.0001,ledoitwolf
7,0,7,OMPPI(DAG),1755.5555555555554,0.23202291529163466,0.2447189542359287,0.012696038944294052,0.00016118940487503124,1.0,0.23553307356577974,0.009185880670148971,8.438040368621652e-05,1.0,0.22829688746182422,0.26114102101003317,0.032844133548208955,7.020361006614049e-05,1752.7520435967303,2.8035119588250836,0.01716422289609909,800,5,0.0001,ledoitwolf
7,0,7,OMPPI(Exhaustive),1755.5555555555554,0.23202291529163466,0.2367354258618194,0.004712510570184736,2.2207755874102865e-05,1.0,0.23553307356577974,0.0012023522960396549,1.4456510437918299e-06,1.0,0.22071018034844392,0.25276067137519487,0.032050491026750956,6.68518148315221e-05,1752.7520435967303,2.8035119588250836,0.01603671722114086,800,5,0.0001,ledoitwolf
7,0,7,VectorPPI++,1755.5555555555554,0.23202291529163466,0.2384995704450084,0.006476655153373756,4.194706197572283e-05,1.0,0.23553307356577974,0.002966496879228675,8.800103734473469e-06,1.0,0.21971865148771655,0.2572804894023003,0.03756183791458375,9.182004372407425e-05,1754.2290924334523,1.3264631221031777,0.008376160636544228,800,5,0.0001,ledoitwolf
7,0,7,Classical,2066.6666666666665,0.23202291529163466,0.23278317864830492,0.0007602633566702599,5.780003714955308e-07,1.0,0.23553307356577974,-0.002749894917474821,7.561922057153853e-06,1.0,0.21512214494707796,0.2504442123495319,0.03532206740245394,8.119626578204848e-05,2064.0,2.666666666666515,0.007714360952377319,800,5,0.0001,ledoitwolf
7,0,7,MultiPPI,2066.6666666666665,0.23202291529163466,0.23938182398245564,0.007358908690820981,5.415353711984056e-05,1.0,0.23553307356577974,0.0038487504166759,1.4812879769862916e-05,1.0,0.22419252042121987,0.25457112754369143,0.030378607122471552,6.005919975830464e-05,2066.6078390274574,0.05882763920908474,0.019759243354201317,800,5,0.0001,ledoitwolf
7,0,7,OMPPI(DAG),2066.6666666666665,0.23202291529163466,0.2322762625148501,0.00025334722321543324,6.418481551097055e-08,1.0,0.23553307356577974,-0.0032568110509296477,1.0606818221457476e-05,1.0,0.2170156854681837,0.24753683956151648,0.030521154093332763,6.0624159379941e-05,2063.7203940473696,2.9462726192969058,0.017108336091041565,800,5,0.0001,ledoitwolf
7,0,7,OMPPI(Exhaustive),2066.6666666666665,0.23202291529163466,0.21951564877910215,-0.012507266512532506,0.00015643171561551702,1.0,0.23553307356577974,-0.016017424786677587,0.00025655789679687355,0.0,0.2044033395923267,0.2346279579658776,0.030224618373550866,5.945186441317367e-05,2063.7203940473696,2.9462726192969058,0.015655452385544777,800,5,0.0001,ledoitwolf
7,0,7,VectorPPI++,2066.6666666666665,0.23202291529163466,0.2291337278628876,-0.002889187428747053,8.347403998430008e-06,1.0,0.23553307356577974,-0.006399345702892134,4.0951625425124025e-05,1.0,0.2119906193561412,0.24627683636963402,0.034286217013492826,7.65037926974258e-05,2065.0387759379587,1.6278907287078255,0.008379105478525162,800,5,0.0001,ledoitwolf
7,0,7,Classical,2377.7777777777774,0.23202291529163466,0.23238882301924818,0.00036590772761352364,1.3388846512729262e-07,1.0,0.23553307356577974,-0.0031442505465315573,9.886311499363997e-06,1.0,0.215967899346101,0.24880974669239536,0.03284184734629439,7.019383699409344e-05,2376.0,1.7777777777773736,0.007771922275424004,800,5,0.0001,ledoitwolf
7,0,7,MultiPPI,2377.7777777777774,0.23202291529163466,0.24154721339207788,0.009524298100443224,9.07122543061064e-05,1.0,0.23553307356577974,0.006014139826298143,3.616987785026545e-05,1.0,0.22710218195290477,0.255992244831251,0.028890062878346227,5.431762854117916e-05,2377.736323621882,0.041454155895280564,0.022288650274276733,800,5,0.0001,ledoitwolf
7,0,7,OMPPI(DAG),2377.7777777777774,0.23202291529163466,0.23185015599620362,-0.0001727592954310353,2.984577415782773e-08,1.0,0.23553307356577974,-0.0036829175695761163,1.3563881824292447e-05,1.0,0.21793323587739527,0.24576707611501197,0.0278338402376167,5.0418519274481207e-05,2376.1110878222594,1.6666899555179953,0.017277488484978676,800,5,0.0001,ledoitwolf
7,0,7,OMPPI(Exhaustive),2377.7777777777774,0.23202291529163466,0.22992051333935773,-0.0021024019522769277,4.420093968937837e-06,1.0,0.23553307356577974,-0.005612560226422009,3.150083229521427e-05,1.0,0.21617047142353585,0.2436705552551796,0.027500083831643738,4.921662876310512e-05,2376.1110878222594,1.6666899555179953,0.015802953392267227,800,5,0.0001,ledoitwolf
7,0,7,VectorPPI++,2377.7777777777774,0.23202291529163466,0.24255827954821807,0.010535364256583413,0.00011099390001889536,1.0,0.23553307356577974,0.007025205982438332,4.9353519095687326e-05,1.0,0.22619304776611973,0.25892351133031644,0.03273046356419668,6.971851678821542e-05,2376.430936910501,1.346840867276569,0.008479123935103416,800,5,0.0001,ledoitwolf
7,0,7,Classical,2688.8888888888887,0.23202291529163466,0.22395716783675543,-0.00806574745487923,6.505628200589078e-05,1.0,0.23553307356577974,-0.01157590572902431,0.00013400159344725785,1.0,0.20900803754886457,0.23890629812464628,0.02989826057578171,5.8174903544574516e-05,2686.0,2.888888888888687,0.007836353033781052,800,5,0.0001,ledoitwolf
7,0,7,MultiPPI,2688.8888888888887,0.23202291529163466,0.23888082583044962,0.00685791053881496,4.703093695838929e-05,1.0,0.23553307356577974,0.0033477522646698787,1.1207445225602301e-05,1.0,0.22524787402200702,0.2525137776388922,0.02726590361688518,4.838197770339106e-05,2688.8469922448126,0.04189664407613236,0.021979836747050285,800,5,0.0001,ledoitwolf
7,0,7,OMPPI(DAG),2688.8888888888887,0.23202291529163466,0.22822253665196385,-0.0038003786396708095,1.4442877804866152e-05,1.0,0.23553307356577974,-0.0073105369138158904,5.344394996826476e-05,1.0,0.2153087554719525,0.2411363178319752,0.02582756236002273,4.3412086956871835e-05,2686.2150492559213,2.6738396329674288,0.017310267314314842,800,5,0.0001,ledoitwolf
7,0,7,OMPPI(Exhaustive),2688.8888888888887,0.23202291529163466,0.24314185994921958,0.011118944657584923,0.0001236309302984363,1.0,0.23553307356577974,0.007608786383439842,5.789363022881955e-05,1.0,0.22985892760200896,0.25642479229643017,0.026565864694421223,4.5929502300038504e-05,2686.2150492559213,2.6738396329674288,0.015830256044864655,800,5,0.0001,ledoitwolf
7,0,7,VectorPPI++,2688.8888888888887,0.23202291529163466,0.2410800925964714,0.009057177304836739,8.203246073124969e-05,1.0,0.23553307356577974,0.005547019030691658,3.076942012685542e-05,1.0,0.22542367334774832,0.25673651184519447,0.03131283849744617,6.380999384173916e-05,2686.4055753510793,2.4833135378094084,0.008386436849832535,800,5,0.0001,ledoitwolf
7,0,7,Classical,3000.0,0.23202291529163466,0.236966787871692,0.004943872580057351,2.4441876087842932e-05,1.0,0.23553307356577974,0.0014337143059122703,2.055536710977503e-06,1.0,0.22245872174551518,0.25147485399786884,0.029016132252353645,5.479272134524309e-05,2997.0,3.0,0.007888741791248322,800,5,0.0001,ledoitwolf
7,0,7,MultiPPI,3000.0,0.23202291529163466,0.23849050800531565,0.006467592713680997,4.182975551005953e-05,1.0,0.23553307356577974,0.0029574344395359164,8.74641846415312e-06,1.0,0.22574928507911665,0.25123173093151463,0.025482445852397992,4.225966468274296e-05,2999.963005659191,0.03699434080908759,0.018729329109191895,800,5,0.0001,ledoitwolf
7,0,7,OMPPI(DAG),3000.0,0.23202291529163466,0.23379629535280233,0.001773380061167673,3.14487684134706e-06,1.0,0.23553307356577974,-0.0017367782129774079,3.0163985610729984e-06,1.0,0.22106486419384977,0.2465277265117549,0.025462862317905118,4.2194735625425676e-05,2997.724166841333,2.2758331586669556,0.01735542342066765,800,5,0.0001,ledoitwolf
7,0,7,OMPPI(Exhaustive),3000.0,0.23202291529163466,0.23586749724120656,0.003844581949571907,1.4780810366974124e-05,1.0,0.23553307356577974,0.00033442367542682594,1.1183919468598703e-07,1.0,0.22320474826188588,0.24853024622052725,0.025325497958641353,4.174070820426329e-05,2997.724166841333,2.2758331586669556,0.015812812373042107,800,5,0.0001,ledoitwolf
7,0,7,VectorPPI++,3000.0,0.23202291529163466,0.24030835500671358,0.008285439715078918,6.864851127220702e-05,1.0,0.23553307356577974,0.004775281440933837,2.2803312840127147e-05,1.0,0.22592436048077733,0.2546923495326498,0.028767989051872493,5.385956434248034e-05,2998.467826451478,1.5321735485222234,0.008353475481271744,800,5,0.0001,ledoitwolf
