trial,outer_trial,inner_trial,method,budget,theta_true,theta_hat,bias,sq_error,covered,theta_pool,bias_pool,sq_error_pool,covered_pool,ci_low,ci_high,ci_width,var_hat,actual_cost,budget_left,algo_compute_time_sec,n_pilot,num_strata,epsilon_gap,covariance_method
0,0,0,Classical,200.0,0.23202291529163466,0.26936288827933874,0.037339972987704084,0.0013942735827224707,1.0,0.23272756619957213,0.03663532207976661,0.0013421468238882348,1.0,0.21085596130079598,0.3278698152578815,0.11701385395708554,0.0008910834826687047,198.0,2.0,0.007171839475631714,200,5,0.0001,ledoitwolf
0,0,0,MultiPPI,200.0,0.23202291529163466,0.22288836346743088,-0.00913455182420378,8.344003702906459e-05,1.0,0.23272756619957213,-0.009839202732141256,9.680991040417594e-05,1.0,0.1714980435000965,0.27427868343476525,0.10278063993466872,0.0006874901201902773,199.94309369105008,0.05690630894991955,0.28879500180482864,200,5,0.0001,ledoitwolf
0,0,0,OMPPI(DAG),200.0,0.23202291529163466,0.2503177437770128,0.018294828485378167,0.0003347007493094044,1.0,0.23272756619957213,0.01759017757744069,0.00030941434720589727,1.0,0.20056187771381034,0.3000736098402153,0.09951173212640499,0.0006444547041251409,197.76566757493188,2.234332425068118,0.0189653430134058,200,5,0.0001,ledoitwolf
0,0,0,OMPPI(Exhaustive),200.0,0.23202291529163466,0.2220703682181384,-0.00995254707349627,9.905319325015918e-05,1.0,0.23272756619957213,-0.010657197981433747,0.00011357586881547553,1.0,0.175373830750727,0.2687669056855498,0.09339307493482277,0.0005676402411757058,197.76566757493188,2.234332425068118,0.01844167895615101,200,5,0.0001,ledoitwolf
0,0,0,VectorPPI++,200.0,0.23202291529163466,0.23609269996376264,0.004069784672127985,1.656314727748789e-05,1.0,0.23272756619957213,0.003365133764190509,1.1324125250894983e-05,1.0,0.17636371586842703,0.29582168405909826,0.11945796819067123,0.0009286970673334518,198.57765667574932,1.4223433242506758,0.0069087594747543335,200,5,0.0001,ledoitwolf
0,0,0,Classical,511.1111111111111,0.23202291529163466,0.2188041535484717,-0.013218761743162943,0.0001747356620225082,1.0,0.23272756619957213,-0.01392341265110042,0.00019386141985282322,1.0,0.18423856328980753,0.2533697438071359,0.06913118051732835,0.0003110224749757882,508.0,3.111111111111086,0.007759999483823776,200,5,0.0001,ledoitwolf
0,0,0,MultiPPI,511.1111111111111,0.23202291529163466,0.2589002545290896,0.026877339237454945,0.0007223913644852351,1.0,0.23272756619957213,0.02617268832951747,0.0006850096143940599,1.0,0.22838329690497955,0.28941721215319965,0.061033915248220126,0.00024242995853941042,511.05648710962066,0.054624001490424234,0.018494438380002975,200,5,0.0001,ledoitwolf
0,0,0,OMPPI(DAG),511.1111111111111,0.23202291529163466,0.2519182235740122,0.019895308282377566,0.0003958232916508414,1.0,0.23272756619957213,0.01919065737444009,0.00036828133046315183,1.0,0.22090115363108354,0.2829352935169409,0.062034139885857396,0.0002504409581750231,508.2900859358625,2.8210251752485647,0.01961936615407467,200,5,0.0001,ledoitwolf
0,0,0,OMPPI(Exhaustive),511.1111111111111,0.23202291529163466,0.22148500283177994,-0.01053791245985472,0.00011104759901156136,1.0,0.23272756619957213,-0.011242563367792197,0.00012639523107882303,1.0,0.19033719295597692,0.252632812707583,0.062295619751606024,0.0002525566732181879,508.2900859358625,2.8210251752485647,0.017918553203344345,200,5,0.0001,ledoitwolf
0,0,0,VectorPPI++,511.1111111111111,0.23202291529163466,0.23204536393900352,2.2448647368861208e-05,5.039417686914792e-10,1.0,0.23272756619957213,-0.0006822022605686151,4.6539992432492863e-07,1.0,0.19595690956447975,0.2681338183135273,0.07217690874904754,0.00033903175848875905,509.5214839656257,1.5896271454853945,0.008321443572640419,200,5,0.0001,ledoitwolf
0,0,0,Classical,822.2222222222222,0.23202291529163466,0.20656712396970411,-0.025455791321930543,0.0006479973118256743,1.0,0.23272756619957213,-0.02616044222986802,0.0006843687376622621,1.0,0.18012168451030305,0.23301256342910517,0.05289087891880213,0.00018205616690028113,820.0,2.2222222222221717,0.008006956428289413,200,5,0.0001,ledoitwolf
0,0,0,MultiPPI,822.2222222222222,0.23202291529163466,0.2388291116293383,0.006806196337703629,4.6324308587370296e-05,1.0,0.23272756619957213,0.006101545429766153,3.722885663150023e-05,1.0,0.21403270668389915,0.26362551657477745,0.04959280989087828,0.00016005942713895796,822.1867533011946,0.035468921027586475,0.020268568769097328,200,5,0.0001,ledoitwolf
0,0,0,OMPPI(DAG),822.2222222222222,0.23202291529163466,0.20460090474209022,-0.027422010549544434,0.0007519666625793262,0.0,0.23272756619957213,-0.02812666145748191,0.0007911090847437985,0.0,0.1806281604017446,0.22857364908243585,0.04794548868069125,0.00014960266347557259,819.6499685600503,2.5722536621718746,0.019327983260154724,200,5,0.0001,ledoitwolf
0,0,0,OMPPI(Exhaustive),822.2222222222222,0.23202291529163466,0.2311302792794457,-0.0008926360121889465,7.96799050256585e-07,1.0,0.23272756619957213,-0.0015972869201264228,2.5513255052069536e-06,1.0,0.2065115913462266,0.2557489672126648,0.049237375866438254,0.0001577733418065678,819.6499685600503,2.5722536621718746,0.01829634979367256,200,5,0.0001,ledoitwolf
0,0,0,VectorPPI++,822.2222222222222,0.23202291529163466,0.24947835409768448,0.017455438806049828,0.0003046923439117502,1.0,0.23272756619957213,0.01675078789811235,0.0002805888952075472,1.0,0.21817682819555678,0.2807798799998122,0.06260305180425542,0.00025505558422842374,819.8828337874661,2.3393884347560743,0.008483011275529861,200,5,0.0001,ledoitwolf
0,0,0,Classical,1133.3333333333333,0.23202291529163466,0.2201862804770412,-0.01183663481459346,0.00014010592373404597,1.0,0.23272756619957213,-0.012541285722530937,0.00015728384757415832,1.0,0.19734362250892232,0.24302893844516008,0.04568531593623776,0.00013583043510386549,1130.0,3.3333333333332575,0.0078535545617342,200,5,0.0001,ledoitwolf
0,0,0,MultiPPI,1133.3333333333333,0.23202291529163466,0.2177446245737596,-0.014278290717875064,0.00020386958582415722,1.0,0.23272756619957213,-0.01498294162581254,0.00022448853976250613,1.0,0.19707609122906083,0.23841315791845835,0.041337066689397545,0.00011120469867323347,1133.2823307482709,0.05100258506240607,0.02067464217543602,200,5,0.0001,ledoitwolf
0,0,0,OMPPI(DAG),1133.3333333333333,0.23202291529163466,0.22769889670990956,-0.0043240185817250976,1.8697136695103923e-05,1.0,0.23272756619957213,-0.005028669489662574,2.528751683626325e-05,1.0,0.20673658729886213,0.248661206120957,0.04192461882209488,0.00011438842282450608,1130.1743869209809,3.1589464123524067,0.019525086507201195,200,5,0.0001,ledoitwolf
0,0,0,OMPPI(Exhaustive),1133.3333333333333,0.23202291529163466,0.23586945916297422,0.003846543871339564,1.479589975413996e-05,1.0,0.23272756619957213,0.0031418929634020876,9.871491393475551e-06,1.0,0.21540469283281571,0.25633422549313273,0.040929532660317035,0.0001090228167205276,1130.1743869209809,3.1589464123524067,0.018298888579010963,200,5,0.0001,ledoitwolf
0,0,0,VectorPPI++,1133.3333333333333,0.23202291529163466,0.2519023732801869,0.01987945798855223,0.0003951928499186131,1.0,0.23272756619957213,0.019174807080614753,0.00036767322657879365,1.0,0.22528041531230084,0.2785243312480729,0.05324391593577208,0.0001844946618263706,1130.9916160134144,2.341717319918871,0.008437896147370338,200,5,0.0001,ledoitwolf
0,0,0,Classical,1444.4444444444443,0.23202291529163466,0.2475358141809698,0.01551289888933513,0.00024065003195073513,1.0,0.23272756619957213,0.014808247981397654,0.0002192842082785677,1.0,0.2264435539907504,0.2686280743711892,0.04218452038043879,0.00011581106571683264,1443.0,1.4444444444443434,0.008174363523721695,200,5,0.0001,ledoitwolf
0,0,0,MultiPPI,1444.4444444444443,0.23202291529163466,0.21708411735489655,-0.014938797936738107,0.00022316768379469074,1.0,0.23272756619957213,-0.015643448844675584,0.00024471749175598184,1.0,0.19886195017084254,0.23530628453895056,0.03644433436810803,8.643783322493523e-05,1444.4012785579544,0.043165886489987315,0.020815959200263023,200,5,0.0001,ledoitwolf
0,0,0,OMPPI(DAG),1444.4444444444443,0.23202291529163466,0.23464609892627622,0.0026231836346415627,6.8810923810513195e-06,1.0,0.23272756619957213,0.0019185327267040864,3.6807678234346167e-06,1.0,0.21650409443820604,0.2527881034143464,0.03628400897614036,8.567899389474301e-05,1441.4537832739466,2.9906611704977877,0.019750114530324936,200,5,0.0001,ledoitwolf
0,0,0,OMPPI(Exhaustive),1444.4444444444443,0.23202291529163466,0.23923554727851604,0.007212631986881379,5.2022060178184434e-05,1.0,0.23272756619957213,0.006507981078943903,4.235381772389185e-05,1.0,0.22128807474319143,0.2571830198138407,0.035894945070649234,8.385141828697985e-05,1441.4537832739466,2.9906611704977877,0.018763236701488495,200,5,0.0001,ledoitwolf
0,0,0,VectorPPI++,1444.4444444444443,0.23202291529163466,0.2288982654820874,-0.0031246498095472697,9.763436432303789e-06,1.0,0.23272756619957213,-0.003829300717484746,1.466354398492919e-05,1.0,0.20753416565042743,0.25026236531374735,0.04272819966331994,0.00011881547685955951,1442.7704883672186,1.6739560772257391,0.00888075865805149,200,5,0.0001,ledoitwolf
0,0,0,Classical,1755.5555555555554,0.23202291529163466,0.24876290118672392,0.016739985895089265,0.00028022712776778753,1.0,0.23272756619957213,0.01603533498715179,0.00025713196815017425,1.0,0.22921795405571926,0.2683078483177286,0.03908989426200931,9.944267950911979e-05,1754.0,1.5555555555554292,0.008060017600655556,200,5,0.0001,ledoitwolf
0,0,0,MultiPPI,1755.5555555555554,0.23202291529163466,0.22367244984970963,-0.008350465441925026,6.973027309678412e-05,1.0,0.23272756619957213,-0.009055116349862502,8.19951321095472e-05,1.0,0.20723399160774686,0.2401109080916724,0.03287691648392557,7.034382561048171e-05,1755.5181303709915,0.037425184563971925,0.02010359615087509,200,5,0.0001,ledoitwolf
0,0,0,OMPPI(DAG),1755.5555555555554,0.23202291529163466,0.23969246854508938,0.007669553253454725,5.882204710757796e-05,1.0,0.23272756619957213,0.006964902345517249,4.8509864682591674e-05,1.0,0.223234163648675,0.2561507734415038,0.032916609792828774,7.051378466017044e-05,1752.7675539719137,2.788001583641744,0.019843731075525284,200,5,0.0001,ledoitwolf
0,0,0,OMPPI(Exhaustive),1755.5555555555554,0.23202291529163466,0.22226500116586725,-0.009757914125767403,9.521688808585102e-05,1.0,0.23272756619957213,-0.01046256503370488,0.00010946526708450398,1.0,0.20551234149245196,0.23901766083928255,0.03350531934683062,7.305860071215437e-05,1752.7675539719137,2.788001583641744,0.01844041422009468,200,5,0.0001,ledoitwolf
0,0,0,VectorPPI++,1755.5555555555554,0.23202291529163466,0.23195617457202916,-6.674071960549588e-05,4.454323653459422e-09,1.0,0.23272756619957213,-0.0007713916275429722,5.950450430433956e-07,1.0,0.20949595694818615,0.25441639219587214,0.04492043524768601,0.00013132026119682189,1754.461748061203,1.0938074943524043,0.008709602057933807,200,5,0.0001,ledoitwolf
0,0,0,Classical,2066.6666666666665,0.23202291529163466,0.24659735969743377,0.014574444405799108,0.00021241442973772893,1.0,0.23272756619957213,0.013869793497861632,0.0001923711716733248,1.0,0.2286766447951153,0.26451807459975224,0.03584142980463696,8.360157887938773e-05,2064.0,2.666666666666515,0.00814732350409031,200,5,0.0001,ledoitwolf
0,0,0,MultiPPI,2066.6666666666665,0.23202291529163466,0.224072268696791,-0.007950646594843652,6.321278127609897e-05,1.0,0.23272756619957213,-0.008655297502781129,7.491417486164924e-05,1.0,0.20915588363507043,0.23898865375851158,0.029832770123441137,5.792032498458921e-05,2066.6261789981136,0.040487668552941614,0.020580152049660683,200,5,0.0001,ledoitwolf
0,0,0,OMPPI(DAG),2066.6666666666665,0.23202291529163466,0.22609727918972933,-0.005925636101905329,3.511316321220379e-05,1.0,0.23272756619957213,-0.006630287009842806,4.3960705832890256e-05,1.0,0.21090453687853233,0.24129002150092632,0.03038548462239401,6.0086396785252584e-05,2063.4854328233073,3.181233843359223,0.019194556400179863,200,5,0.0001,ledoitwolf
0,0,0,OMPPI(Exhaustive),2066.6666666666665,0.23202291529163466,0.2162873612622397,-0.015735554029394944,0.00024760766061200743,0.0,0.23272756619957213,-0.01644020493733242,0.0002702803383814893,0.0,0.2010977940082715,0.23147692851620794,0.030379134507936424,6.006128508261175e-05,2063.4854328233073,3.181233843359223,0.018797703087329865,200,5,0.0001,ledoitwolf
0,0,0,VectorPPI++,2066.6666666666665,0.23202291529163466,0.22617195826094647,-0.005850957030688192,3.423369817495959e-05,1.0,0.23272756619957213,-0.006555607938625668,4.297599544497188e-05,1.0,0.2077937888733753,0.24455012764851763,0.03675633877514236,8.79241782363368e-05,2064.8230978830434,1.843568783623141,0.008534830063581467,200,5,0.0001,ledoitwolf
0,0,0,Classical,2377.7777777777774,0.23202291529163466,0.2369614881965559,0.004938572904921251,2.4389502337222325e-05,1.0,0.23272756619957213,0.004233921996983775,1.7926095476543078e-05,1.0,0.2206997605208692,0.2532232158722426,0.032523455351373416,6.883941735197668e-05,2376.0,1.7777777777773736,0.007772471755743027,200,5,0.0001,ledoitwolf
0,0,0,MultiPPI,2377.7777777777774,0.23202291529163466,0.22442820585328854,-0.0075947094383461144,5.7679611452903556e-05,1.0,0.23272756619957213,-0.00829936034628359,6.887938215746449e-05,1.0,0.21016147491801293,0.23869493678856415,0.028533461870551217,5.2984978124214754e-05,2377.7252148396565,0.05256293812090007,0.019254902377724648,200,5,0.0001,ledoitwolf
0,0,0,OMPPI(DAG),2377.7777777777774,0.23202291529163466,0.22193413094487852,-0.010088784346756141,0.00010178356959535173,1.0,0.23272756619957213,-0.010793435254693617,0.00011649824459726308,1.0,0.20783688214699883,0.2360313797427582,0.028194497595759385,5.1733581679631505e-05,2375.4665688534897,2.311208924287712,0.01936771534383297,200,5,0.0001,ledoitwolf
0,0,0,OMPPI(Exhaustive),2377.7777777777774,0.23202291529163466,0.2452197751582161,0.01319685986658145,0.0001741571103381882,1.0,0.23272756619957213,0.012492208958643974,0.00015605528466642476,1.0,0.2310147436913448,0.25942480662508743,0.02841006293374261,5.252767981991362e-05,2375.4665688534897,2.311208924287712,0.01856287755072117,200,5,0.0001,ledoitwolf
0,0,0,VectorPPI++,2377.7777777777774,0.23202291529163466,0.23934578695718528,0.007322871665550623,5.362444943012416e-05,1.0,0.23272756619957213,0.006618220757613147,4.380084599650154e-05,1.0,0.22148555810978215,0.2572060158045884,0.03572045769480625,8.303818662931076e-05,2376.514357577028,1.2634202007493514,0.008699825033545494,200,5,0.0001,ledoitwolf
0,0,0,Classical,2688.8888888888887,0.23202291529163466,0.23454846543124805,0.0025255501396133917,6.378403507701222e-06,1.0,0.23272756619957213,0.0018208992316759154,3.315674011917939e-06,1.0,0.21890283723605136,0.25019409362644474,0.031291256390393374,6.372206316612355e-05,2687.0,1.8888888888886868,0.007702317088842392,200,5,0.0001,ledoitwolf
0,0,0,MultiPPI,2688.8888888888887,0.23202291529163466,0.23005172577311206,-0.001971189518522598,3.885588117933352e-06,1.0,0.23272756619957213,-0.0026758404264600744,7.160121987878032e-06,1.0,0.2167140279617212,0.2433894235845029,0.026675395622781713,4.6309017280012436e-05,2688.8495074407883,0.039381448100357375,0.022131050005555153,200,5,0.0001,ledoitwolf
0,0,0,OMPPI(DAG),2688.8888888888887,0.23202291529163466,0.24370997541777759,0.011687060126142929,0.00013658737439207997,1.0,0.23272756619957213,0.010982409218205452,0.00012061331223612409,1.0,0.23013750530331012,0.25728244553224505,0.027144940228934905,4.7953643031588276e-05,2686.9105009431987,1.978387945689974,0.018910598009824753,200,5,0.0001,ledoitwolf
0,0,0,OMPPI(Exhaustive),2688.8888888888887,0.23202291529163466,0.22877542897910477,-0.0032474863125298847,1.0546167350068948e-05,1.0,0.23272756619957213,-0.003952137220467361,1.5619388609403477e-05,1.0,0.21534898266453117,0.24220187529367837,0.02685289262914721,4.6927344285719474e-05,2686.9105009431987,1.978387945689974,0.017685411497950554,200,5,0.0001,ledoitwolf
0,0,0,VectorPPI++,2688.8888888888887,0.23202291529163466,0.22663221547656118,-0.00539069981507348,2.905964449623325e-05,1.0,0.23272756619957213,-0.006095350723010956,3.7153300436510185e-05,1.0,0.20989376099391693,0.24337066995920542,0.03347690896528848,7.293475513995677e-05,2686.458184866904,2.4307040219846385,0.008881701156497002,200,5,0.0001,ledoitwolf
0,0,0,Classical,3000.0,0.23202291529163466,0.24219448493066983,0.010171569639035177,0.0001034608289217422,1.0,0.23272756619957213,0.009466918731097701,8.962255026120851e-05,1.0,0.22723142972428187,0.2571575401370578,0.029926110412775948,5.8283332338040874e-05,2999.0,1.0,0.007624540477991104,200,5,0.0001,ledoitwolf
0,0,0,MultiPPI,3000.0,0.23202291529163466,0.2351972412386341,0.0031743259469994567,1.0076345217793997e-05,1.0,0.23272756619957213,0.0024696750390619804,6.0992947985657945e-06,1.0,0.22240994314942492,0.2479845393278433,0.025574596178418375,4.2565858454978025e-05,2999.96164326137,0.038356738629772735,0.02083170972764492,200,5,0.0001,ledoitwolf
0,0,0,OMPPI(DAG),3000.0,0.23202291529163466,0.22833672780132913,-0.003686187490305526,1.3587978213684951e-05,1.0,0.23272756619957213,-0.004390838398243002,1.9279461839485173e-05,1.0,0.21589865320512036,0.2407748023975379,0.024876149192417558,4.027264299371037e-05,2997.5189687696497,2.481031230350254,0.018420005217194557,200,5,0.0001,ledoitwolf
0,0,0,OMPPI(Exhaustive),3000.0,0.23202291529163466,0.22740317360139936,-0.004619741690235296,2.134201328449807e-05,1.0,0.23272756619957213,-0.0053243925981727724,2.8349156539477008e-05,1.0,0.21503109454392075,0.23977525265887797,0.024744158114957216,3.9846409228680054e-05,2997.5189687696497,2.481031230350254,0.017623281106352806,200,5,0.0001,ledoitwolf
0,0,0,VectorPPI++,3000.0,0.23202291529163466,0.21769705507323606,-0.0143258602183986,0.0002052302709970956,1.0,0.23272756619957213,-0.015030511126336077,0.0002259162647189126,1.0,0.2016787683152107,0.23371534183126141,0.03203657351605073,6.679376836739526e-05,2998.40201215678,1.5979878432199257,0.008648017421364784,200,5,0.0001,ledoitwolf
1,0,1,Classical,200.0,0.23202291529163466,0.24926481075956275,0.017241895467928092,0.0002972829593269593,1.0,0.23379449593389665,0.015470314825666104,0.00023933064080522445,1.0,0.1919163025468334,0.3066133189722921,0.11469701642545872,0.0008561464661571498,198.0,2.0,0.009122047573328018,200,5,0.0001,ledoitwolf
1,0,1,MultiPPI,200.0,0.23202291529163466,0.25439983525317855,0.022376919961543895,0.0005007265469653417,1.0,0.23379449593389665,0.020605339319281907,0.00042458000846274497,1.0,0.2031439728693396,0.3056556976370175,0.10251172476767792,0.0006838973294620213,199.95525047159927,0.04474952840072888,0.3830947168171406,200,5,0.0001,ledoitwolf
1,0,1,OMPPI(DAG),200.0,0.23202291529163466,0.28175706375504667,0.04973414846341201,0.002473485523380707,1.0,0.23379449593389665,0.04796256782115002,0.0023004079119984156,1.0,0.23081946042694884,0.3326946670831445,0.10187520665619566,0.0006754307553248247,198.2586459861664,1.7413540138335861,0.016630074009299278,200,5,0.0001,ledoitwolf
1,0,1,OMPPI(Exhaustive),200.0,0.23202291529163466,0.23804252842527635,0.006019613133641688,3.6235742278711506e-05,1.0,0.23379449593389665,0.0042480324913797,1.8045780047817617e-05,1.0,0.1886670923307444,0.2874179645198083,0.09875087218906385,0.0006346374654316062,198.2586459861664,1.7413540138335861,0.016367224976420403,200,5,0.0001,ledoitwolf
1,0,1,VectorPPI++,200.0,0.23202291529163466,0.24073095820008358,0.008708042908448926,7.583001129538764e-05,1.0,0.23379449593389665,0.006936462266186938,4.811450877023523e-05,1.0,0.18045012596864574,0.30101179043152143,0.12056166446287571,0.0009459371827544823,198.68581010270384,1.3141898972961599,0.008754318580031395,200,5,0.0001,ledoitwolf
1,0,1,Classical,511.1111111111111,0.23202291529163466,0.24520312995059265,0.013180214658957995,0.0001737180584562112,1.0,0.23379449593389665,0.011408634016696007,0.00013015693012691327,1.0,0.20896466795650234,0.281441591944683,0.07247692398818062,0.00034185609920447805,508.0,3.111111111111086,0.007433416321873665,200,5,0.0001,ledoitwolf
1,0,1,MultiPPI,511.1111111111111,0.23202291529163466,0.2147454228281323,-0.017277492463502353,0.0002985117458263806,1.0,0.23379449593389665,-0.01904907310576434,0.0003628671861887543,1.0,0.1845165002568951,0.24497434539936952,0.060457845142474424,0.0002378751933758174,511.0721022846364,0.039008826474685065,0.019581453874707222,200,5,0.0001,ledoitwolf
1,0,1,OMPPI(DAG),511.1111111111111,0.23202291529163466,0.22906027615041602,-0.002962639141218637,8.777230681080704e-06,1.0,0.23379449593389665,-0.0047342197834806254,2.241283695829934e-05,1.0,0.19906121415166023,0.2590593381491718,0.05999812399751159,0.00023427134398972427,509.07524627960595,2.035864831505137,0.01666470803320408,200,5,0.0001,ledoitwolf
1,0,1,OMPPI(Exhaustive),511.1111111111111,0.23202291529163466,0.24471804623718263,0.012695130945547972,0.00016116634972460975,1.0,0.23379449593389665,0.010923550303285984,0.00011932395122841931,1.0,0.21487715307802968,0.2745589393963356,0.05968178631830589,0.00023180748410966376,509.07524627960595,2.035864831505137,0.01598437689244747,200,5,0.0001,ledoitwolf
1,0,1,VectorPPI++,511.1111111111111,0.23202291529163466,0.24301699683530936,0.010994081543674705,0.00012086982898896879,1.0,0.23379449593389665,0.009222500901412717,8.505452287655838e-05,1.0,0.20840289634938447,0.27763109732123425,0.06922820097184977,0.0003118960812479074,509.41815133095787,1.6929597801532168,0.00810362957417965,200,5,0.0001,ledoitwolf
1,0,1,Classical,822.2222222222222,0.23202291529163466,0.21845765347200666,-0.013565261819628,0.00018401632823505714,1.0,0.23379449593389665,-0.015336842461889988,0.00023521873670083175,1.0,0.19150652893997153,0.2454087780040418,0.053902249064070276,0.00018908522710911615,820.0,2.2222222222221717,0.0073102302849292755,200,5,0.0001,ledoitwolf
1,0,1,MultiPPI,822.2222222222222,0.23202291529163466,0.23378432985505476,0.001761414563420105,3.1025812642284392e-06,1.0,0.23379449593389665,-1.0166078841883364e-05,1.0334915901938859e-10,1.0,0.20990234147966888,0.2576663182304406,0.04776397675077175,0.00014847207672501038,822.1677845315448,0.054437690677332284,0.02208695374429226,200,5,0.0001,ledoitwolf
1,0,1,OMPPI(DAG),822.2222222222222,0.23202291529163466,0.21494858693588476,-0.0170743283557499,0.00029153268879996514,1.0,0.23379449593389665,-0.01884590899801189,0.00035516828596134553,1.0,0.1904546807010389,0.2394424931707306,0.048987812469691694,0.00015617802263282184,818.9813456298469,3.24087659237523,0.016788998618721962,200,5,0.0001,ledoitwolf
1,0,1,OMPPI(Exhaustive),822.2222222222222,0.23202291529163466,0.2265561717904005,-0.005466743501234161,2.9885284508285938e-05,1.0,0.23379449593389665,-0.00723832414349615,5.239333640631927e-05,1.0,0.20345875268371402,0.24965359089708697,0.04619483821337296,0.00013887712827116225,818.9813456298469,3.24087659237523,0.016171837225556374,200,5,0.0001,ledoitwolf
1,0,1,VectorPPI++,822.2222222222222,0.23202291529163466,0.22435943657274107,-0.007663478718893585,5.872890607493486e-05,1.0,0.23379449593389665,-0.009435059361155573,8.902034514852941e-05,1.0,0.19812822847010123,0.2505906446753809,0.05246241620527969,0.00017911848353477014,820.3154474952839,1.906774726938238,0.00809268094599247,200,5,0.0001,ledoitwolf
1,0,1,Classical,1133.3333333333333,0.23202291529163466,0.24324114718893403,0.011218231897299369,0.000125848726901585,1.0,0.23379449593389665,0.00944665125503738,8.923921993429932e-05,1.0,0.21955799916634477,0.2669242952115233,0.047366296045178474,0.00014601002547217812,1131.0,2.3333333333332575,0.007362039759755135,200,5,0.0001,ledoitwolf
1,0,1,MultiPPI,1133.3333333333333,0.23202291529163466,0.24412452910152344,0.012101613809888778,0.00014644905680369079,1.0,0.23379449593389665,0.01033003316762679,0.00010670958524426958,1.0,0.2231423533584706,0.26510670484457627,0.041964351486105674,0.00011460534121586766,1133.293858729826,0.03947460350718757,0.020102892071008682,200,5,0.0001,ledoitwolf
1,0,1,OMPPI(DAG),1133.3333333333333,0.23202291529163466,0.2045560174585247,-0.02746689783310996,0.0007544304765745006,0.0,0.23379449593389665,-0.02923847847537195,0.0008548886235547887,0.0,0.18403822805287223,0.22507380686417716,0.04103557881130493,0.00010958849274313878,1131.1362397820162,2.197093551317039,0.01691764034330845,200,5,0.0001,ledoitwolf
1,0,1,OMPPI(Exhaustive),1133.3333333333333,0.23202291529163466,0.22465340131423175,-0.007369513977402903,5.430973626313675e-05,1.0,0.23379449593389665,-0.009141094619664891,8.355961084566642e-05,1.0,0.20533236463033447,0.24397443799812904,0.03864207336779457,9.717726415014687e-05,1131.1362397820162,2.197093551317039,0.016198907047510147,200,5,0.0001,ledoitwolf
1,0,1,VectorPPI++,1133.3333333333333,0.23202291529163466,0.2281299978860985,-0.003892917405536156,1.5154805926326356e-05,1.0,0.23379449593389665,-0.005664498047798144,3.208653813350899e-05,1.0,0.20508138056480377,0.25117861520739326,0.046097234642589476,0.0001382908903153351,1131.0477887235381,2.2855446097951244,0.00817926600575447,200,5,0.0001,ledoitwolf
1,0,1,Classical,1444.4444444444443,0.23202291529163466,0.24274748714927485,0.010724571857640197,0.00011501644152968811,1.0,0.23379449593389665,0.008952991215378209,8.015605170263937e-05,1.0,0.22154788053980243,0.26394709375874725,0.042399213218944846,0.00011699287728279725,1442.0,2.4444444444443434,0.007349587976932526,200,5,0.0001,ledoitwolf
1,0,1,MultiPPI,1444.4444444444443,0.23202291529163466,0.24058790497899651,0.008564989687361857,7.335904834461496e-05,1.0,0.23379449593389665,0.0067934090450998685,4.615040645404471e-05,1.0,0.22204041043999379,0.25913539951799924,0.03709498907800545,8.955180043090394e-05,1444.3932089708658,0.051235473578572055,0.020309345796704292,200,5,0.0001,ledoitwolf
1,0,1,OMPPI(DAG),1444.4444444444443,0.23202291529163466,0.24206472083446146,0.010041805542826798,0.00010083785855994701,1.0,0.23379449593389665,0.00827022490056481,6.839661990592222e-05,1.0,0.2232976866876132,0.26083175498130967,0.037534068293696474,9.168432804007707e-05,1441.1553133514985,3.2891310929458086,0.016681140288710594,200,5,0.0001,ledoitwolf
1,0,1,OMPPI(Exhaustive),1444.4444444444443,0.23202291529163466,0.23430494678024916,0.0022820314886145,5.2076677150281105e-06,1.0,0.23379449593389665,0.0005104508463525115,2.605600665419953e-07,1.0,0.21686926393276426,0.251740629627734,0.03487136569496978,7.913739299257868e-05,1441.1553133514985,3.2891310929458086,0.016248097643256187,200,5,0.0001,ledoitwolf
1,0,1,VectorPPI++,1444.4444444444443,0.23202291529163466,0.26625404651726853,0.03423113122563387,0.0011717703449865662,0.0,0.23379449593389665,0.03245955058337188,0.001053622424074478,0.0,0.24571233541178872,0.28679575762274834,0.04108342221095959,0.00010984418025461129,1442.3626074198282,2.0818370246161066,0.008200768381357193,200,5,0.0001,ledoitwolf
1,0,1,Classical,1755.5555555555554,0.23202291529163466,0.2422510847068369,0.010228169415202243,0.00010461544958607858,1.0,0.23379449593389665,0.008456588772940254,7.151389367461916e-05,1.0,0.22318738929324228,0.2613147801204315,0.038127390827189245,9.46058515230004e-05,1754.0,1.5555555555554292,0.007405044510960579,200,5,0.0001,ledoitwolf
1,0,1,MultiPPI,1755.5555555555554,0.23202291529163466,0.234629073914708,0.0026061586230733402,6.7920627686195286e-06,1.0,0.23379449593389665,0.0008345779808113518,6.965204060551531e-07,1.0,0.21759995876822735,0.25165818906118864,0.03405823029296131,7.548974913121611e-05,1755.5273527562356,0.028202799319842597,0.022506732493638992,200,5,0.0001,ledoitwolf
1,0,1,OMPPI(DAG),1755.5555555555554,0.23202291529163466,0.24983302402262927,0.017810108730994617,0.0003171999730098507,0.0,0.23379449593389665,0.01603852808873263,0.0002572343832530655,1.0,0.2336188749578036,0.26604717308745496,0.03242829812965134,6.843718549842038e-05,1753.2812827499474,2.274272805608007,0.01695198565721512,200,5,0.0001,ledoitwolf
1,0,1,OMPPI(Exhaustive),1755.5555555555554,0.23202291529163466,0.23065373974127332,-0.00136917555036134,1.8746416877072786e-06,1.0,0.23379449593389665,-0.0031407561926233285,9.864349461501787e-06,1.0,0.21449386146008587,0.24681361802246077,0.032319756562374895,6.797981658843013e-05,1753.2812827499474,2.274272805608007,0.016279006376862526,200,5,0.0001,ledoitwolf
1,0,1,VectorPPI++,1755.5555555555554,0.23202291529163466,0.23532217607458272,0.003299260782948066,1.0885121713899084e-05,1.0,0.23379449593389665,0.0015276801406860774,2.3338066122466334e-06,1.0,0.21699622095376334,0.2536481311954021,0.036651910241638753,8.742528470723055e-05,1753.677426116118,1.8781294394373163,0.00812487117946148,200,5,0.0001,ledoitwolf
1,0,1,Classical,2066.6666666666665,0.23202291529163466,0.2210384277567179,-0.010984487534916765,0.00012065896640474179,1.0,0.23379449593389665,-0.012756068177178753,0.00016271727534083248,1.0,0.20401331621005261,0.23806353930338317,0.03405022309333054,7.545425753751029e-05,2064.0,2.666666666666515,0.0074069686233997345,200,5,0.0001,ledoitwolf
1,0,1,MultiPPI,2066.6666666666665,0.23202291529163466,0.22486668723222586,-0.007156228059408798,5.121160003826981e-05,1.0,0.23379449593389665,-0.008927808701670786,7.970576821362861e-05,1.0,0.20996468091972606,0.23976869354472566,0.029804012624999623,5.780871343498035e-05,2066.6193670090124,0.04729965765409361,0.020516298711299896,200,5,0.0001,ledoitwolf
1,0,1,OMPPI(DAG),2066.6666666666665,0.23202291529163466,0.23917026953956452,0.007147354247929866,5.1084672745401095e-05,1.0,0.23379449593389665,0.005375773605667877,2.889894185939541e-05,1.0,0.22414906379082045,0.2541914752883086,0.030042411497488136,5.8737222674517914e-05,2064.1186334101867,2.548033256479812,0.016896210610866547,200,5,0.0001,ledoitwolf
1,0,1,OMPPI(Exhaustive),2066.6666666666665,0.23202291529163466,0.2243254463389868,-0.007697468952647862,5.925102827697778e-05,1.0,0.23379449593389665,-0.00946904959490985,8.966290023086241e-05,1.0,0.20894150215299556,0.23970939052497803,0.030767888371982438,6.160829772344901e-05,2064.1186334101867,2.548033256479812,0.016434572637081146,200,5,0.0001,ledoitwolf
1,0,1,VectorPPI++,2066.6666666666665,0.23202291529163466,0.22957881457342222,-0.0024441007182124386,5.973628320766558e-06,1.0,0.23379449593389665,-0.004215681360474427,1.7771969333051516e-05,1.0,0.21241390145256625,0.2467437276942782,0.03432982624171195,7.66985294386926e-05,2064.827289876336,1.8393767903303342,0.008299021050333977,200,5,0.0001,ledoitwolf
1,0,1,Classical,2377.7777777777774,0.23202291529163466,0.20957758516529368,-0.02244533012634098,0.0005037928444804299,0.0,0.23379449593389665,-0.024216910768602967,0.0005864587671744783,0.0,0.19393272988017096,0.2252224404504164,0.03128971057024543,6.371576745112822e-05,2374.0,3.7777777777773736,0.007384004071354866,200,5,0.0001,ledoitwolf
1,0,1,MultiPPI,2377.7777777777774,0.23202291529163466,0.21830584747872359,-0.013717067812911071,0.0001881579493840009,1.0,0.23379449593389665,-0.01548864845517306,0.0002398982309679348,0.0,0.2043098353236589,0.23230185963378827,0.027992024310129385,5.0993220385302196e-05,2377.7191364493815,0.0586413283958791,0.020788388326764107,200,5,0.0001,ledoitwolf
1,0,1,OMPPI(DAG),2377.7777777777774,0.23202291529163466,0.23317006888809447,0.00114715359645981,1.3159613738706768e-06,1.0,0.23379449593389665,-0.0006244270458021783,3.8990913552923573e-07,1.0,0.21937638451775648,0.24696375325843245,0.02758736874067599,4.9529550462323326e-05,2374.7210228463637,3.056754931413707,0.01710842363536358,200,5,0.0001,ledoitwolf
1,0,1,OMPPI(Exhaustive),2377.7777777777774,0.23202291529163466,0.23475387719068688,0.0027309618990522255,7.458152894074938e-06,1.0,0.23379449593389665,0.0009593812567902371,9.204123958804149e-07,1.0,0.22048789237241942,0.24901986200895435,0.028531969636534933,5.29794362856826e-05,2374.7210228463637,3.056754931413707,0.01636388711631298,200,5,0.0001,ledoitwolf
1,0,1,VectorPPI++,2377.7777777777774,0.23202291529163466,0.22798641136215253,-0.004036503929482127,1.6293363972724652e-05,1.0,0.23379449593389665,-0.005808084571744115,3.373384639253203e-05,1.0,0.21236009091439348,0.24361273180991158,0.03125264089551809,6.356488566807815e-05,2375.55963110459,2.2181466731872206,0.00829070620238781,200,5,0.0001,ledoitwolf
1,0,1,Classical,2688.8888888888887,0.23202291529163466,0.23466157766075707,0.002638662369122413,6.962539098222706e-06,1.0,0.23379449593389665,0.0008670817268604247,7.518307210552562e-07,1.0,0.2195146272578594,0.24980852806365475,0.03029390080579534,5.972473407026797e-05,2686.0,2.888888888888687,0.007437996566295624,200,5,0.0001,ledoitwolf
1,0,1,MultiPPI,2688.8888888888887,0.23202291529163466,0.22678988249062784,-0.005233032801006815,2.7384632296413233e-05,1.0,0.23379449593389665,-0.007004613443268803,4.9064609489622044e-05,1.0,0.21296389115667144,0.24061587382458424,0.027651982667912814,4.976183405555723e-05,2688.8508698386086,0.038019050280126976,0.021422451362013817,200,5,0.0001,ledoitwolf
1,0,1,OMPPI(DAG),2688.8888888888887,0.23202291529163466,0.2332607689949336,0.00123785370329893,1.5322817907708755e-06,1.0,0.23379449593389665,-0.0005337269389630583,2.848644453748762e-07,1.0,0.2200345248505588,0.24648701313930838,0.026452488288749576,4.553830779708816e-05,2686.8298050723115,2.0590838165771856,0.01703273132443428,200,5,0.0001,ledoitwolf
1,0,1,OMPPI(Exhaustive),2688.8888888888887,0.23202291529163466,0.23548759421214294,0.0034646789205082795,1.2004000022214417e-05,1.0,0.23379449593389665,0.0016930982782462911,2.8665817798005553e-06,1.0,0.22213685703500266,0.2488383313892832,0.026701474354280566,4.639960793354763e-05,2686.8298050723115,2.0590838165771856,0.0164395309984684,200,5,0.0001,ledoitwolf
1,0,1,VectorPPI++,2688.8888888888887,0.23202291529163466,0.21981796977527954,-0.01220494551635512,0.00014896069505719695,1.0,0.23379449593389665,-0.013976526158617109,0.0001953432834625083,1.0,0.20459628000569788,0.2350396595448612,0.030443379539163293,6.031558588971676e-05,2686.87444980088,2.0144390880086576,0.008395686745643616,200,5,0.0001,ledoitwolf
1,0,1,Classical,3000.0,0.23202291529163466,0.23812672858454462,0.00610381329290996,3.725653671470433e-05,1.0,0.23379449593389665,0.004332232650647971,1.876823973934035e-05,1.0,0.22355746722106476,0.2526959899480245,0.02913852272695974,5.52559292146812e-05,2997.0,3.0,0.007430531084537506,200,5,0.0001,ledoitwolf
1,0,1,MultiPPI,3000.0,0.23202291529163466,0.23495591971633553,0.0029330044247008746,8.60251495531491e-06,1.0,0.23379449593389665,0.0011614237824388862,1.3489052024146492e-06,1.0,0.22257757219804225,0.2473342672346288,0.024756695036586562,3.9886796770595354e-05,2999.939425696919,0.06057430308101175,0.019900141283869743,200,5,0.0001,ledoitwolf
1,0,1,OMPPI(DAG),3000.0,0.23202291529163466,0.22781194726389753,-0.0042109680277371275,1.7732251730624314e-05,1.0,0.23379449593389665,-0.005982548669999116,3.579088858890819e-05,1.0,0.21567653149714944,0.23994736303064562,0.024270831533496205,3.833655980860627e-05,2997.5541815133097,2.445818486690314,0.017680419608950615,200,5,0.0001,ledoitwolf
1,0,1,OMPPI(Exhaustive),3000.0,0.23202291529163466,0.24032151788526956,0.008298602593634907,6.886680500708401e-05,1.0,0.23379449593389665,0.006527021951372919,4.2602015553703944e-05,1.0,0.22783787652805307,0.2528051592424861,0.024967282714433013,4.0568260343201324e-05,2997.5541815133097,2.445818486690314,0.016615737229585648,200,5,0.0001,ledoitwolf
1,0,1,VectorPPI++,3000.0,0.23202291529163466,0.23026566229324025,-0.0017572529983944096,3.087938100366143e-06,1.0,0.23379449593389665,-0.003528833640656398,1.2452666863428289e-05,1.0,0.21597974450846122,0.24455158007801928,0.02857183556955806,5.3127589407970945e-05,2998.1892684971704,1.8107315028296398,0.007521763443946838,200,5,0.0001,ledoitwolf
2,0,2,Classical,200.0,0.23202291529163466,0.2199966936137149,-0.012026221677919752,0.00014463000784646697,1.0,0.2317086714396987,-0.011711977825983794,0.00013717042459633608,1.0,0.16630760883869752,0.2736857783887323,0.10737816955003478,0.0007503706166133398,198.0,2.0,0.007262732833623886,200,5,0.0001,ledoitwolf
2,0,2,MultiPPI,200.0,0.23202291529163466,0.2350596939111144,0.0030367786194797353,9.222024383729247e-06,1.0,0.2317086714396987,0.0033510224714156933,1.1229351603932942e-05,1.0,0.1849666849977709,0.28515270282445787,0.10018601782668697,0.0006532178682938204,199.95598407042547,0.04401592957452749,0.3650019895285368,200,5,0.0001,ledoitwolf
2,0,2,OMPPI(DAG),200.0,0.23202291529163466,0.25724149455025597,0.02521857925862131,0.0006359767398233649,1.0,0.2317086714396987,0.025532823110557268,0.0006519250559950073,1.0,0.22438158006255332,0.2901014090379586,0.06571982897540532,0.00028108435637064135,197.76388597778245,2.2361140222175493,0.01913604699075222,200,5,0.0001,ledoitwolf
2,0,2,OMPPI(Exhaustive),200.0,0.23202291529163466,0.19673031525400045,-0.03529260003763421,0.001245567617416418,1.0,0.2317086714396987,-0.03497835618569825,0.001223485401453575,1.0,0.14630871869962309,0.2471519118083778,0.10084319310875475,0.0006618156064557311,197.76388597778245,2.2361140222175493,0.018482103943824768,200,5,0.0001,ledoitwolf
2,0,2,VectorPPI++,200.0,0.23202291529163466,0.24526610706136723,0.01324319176973257,0.0001753821282499125,1.0,0.2317086714396987,0.013557435621668529,0.00018380406063568672,1.0,0.19151516407887495,0.2990170500438595,0.10750188596498454,0.0007521007008959902,199.05198071683083,0.9480192831691738,0.006500983610749245,200,5,0.0001,ledoitwolf
2,0,2,Classical,511.1111111111111,0.23202291529163466,0.22607596356620452,-0.0059469517254301385,3.53662348245965e-05,1.0,0.2317086714396987,-0.0056327078734941805,3.172739798812333e-05,1.0,0.1901882006665226,0.26196372646588645,0.07177552579936387,0.00033527146484185587,509.0,2.111111111111086,0.007708720862865448,200,5,0.0001,ledoitwolf
2,0,2,MultiPPI,511.1111111111111,0.23202291529163466,0.23638767269007147,0.004364757398436808,1.9051107147208855e-05,1.0,0.2317086714396987,0.004679001250372766,2.189305270098991e-05,1.0,0.2058839611751045,0.26689138420503844,0.06100742302993394,0.00024221954721362807,511.06046950324884,0.050641607862246474,0.02005886286497116,200,5,0.0001,ledoitwolf
2,0,2,OMPPI(DAG),511.1111111111111,0.23202291529163466,0.2341962245263607,0.0021733092347260563,4.723273029745556e-06,1.0,0.2317086714396987,0.0024875530866620144,6.187920358961715e-06,1.0,0.20444230459953333,0.2639501444531881,0.059507839853654786,0.00023045821713431493,508.33504506392785,2.7760660471832352,0.019450291991233826,200,5,0.0001,ledoitwolf
2,0,2,OMPPI(Exhaustive),511.1111111111111,0.23202291529163466,0.22880095449695487,-0.00322196079467979,1.0381031362453625e-05,1.0,0.2317086714396987,-0.002907716942743832,8.454817819119538e-06,1.0,0.19867686716158617,0.25892504183232357,0.06024817467073737,0.000236228131068433,508.33504506392785,2.7760660471832352,0.018288226798176765,200,5,0.0001,ledoitwolf
2,0,2,VectorPPI++,511.1111111111111,0.23202291529163466,0.21547243196450616,-0.016550483327128496,0.0002739184983615583,1.0,0.2317086714396987,-0.016236239475192538,0.0002636154722958004,1.0,0.17732492766786842,0.25361993626114393,0.0762950085932755,0.00037882277332314213,508.95472647243764,2.156384638673444,0.008441433310508728,200,5,0.0001,ledoitwolf
2,0,2,Classical,822.2222222222222,0.23202291529163466,0.24000512655600062,0.007982211264365963,6.371569666897085e-05,1.0,0.2317086714396987,0.00829645511630192,6.883116749681231e-05,1.0,0.21180078111057196,0.2682094720014293,0.056408690890857316,0.00020707890911644174,821.0,1.2222222222221717,0.008252261206507683,200,5,0.0001,ledoitwolf
2,0,2,MultiPPI,822.2222222222222,0.23202291529163466,0.24619372005226073,0.014170804760626071,0.00020081170756378253,1.0,0.2317086714396987,0.01448504861256203,0.00020981663330828517,1.0,0.221443415222486,0.27094402488203545,0.049500609659549465,0.0001594648329605371,822.1741773213162,0.04804490090600666,0.021222053095698357,200,5,0.0001,ledoitwolf
2,0,2,OMPPI(DAG),822.2222222222222,0.23202291529163466,0.23236932528963103,0.00034640999799637195,1.199998867118464e-07,1.0,0.2317086714396987,0.00066065384993233,4.3646350943040963e-07,1.0,0.2056499624577025,0.25908868812155955,0.05343872566385707,0.00018584719593980783,819.8393418570531,2.3828803651690578,0.02021901309490204,200,5,0.0001,ledoitwolf
2,0,2,OMPPI(Exhaustive),822.2222222222222,0.23202291529163466,0.2409996639774202,0.008976748685785546,8.058201696775253e-05,1.0,0.2317086714396987,0.009290992537721504,8.632254233599667e-05,1.0,0.2158900693644438,0.2661092585903966,0.05021918922595279,0.00016412820520983424,819.8393418570531,2.3828803651690578,0.018795287236571312,200,5,0.0001,ledoitwolf
2,0,2,VectorPPI++,822.2222222222222,0.23202291529163466,0.22653688855781343,-0.005486026733821231,3.0096489324201243e-05,1.0,0.2317086714396987,-0.005171782881885273,2.6747338177361538e-05,1.0,0.19707867553551206,0.2559951015801148,0.058916426044602704,0.00022590019963053567,820.6049046321526,1.617317590069547,0.008882561698555946,200,5,0.0001,ledoitwolf
2,0,2,Classical,1133.3333333333333,0.23202291529163466,0.24591489044878512,0.01389197515715046,0.00019298697376688557,1.0,0.2317086714396987,0.014206219009086418,0.0002018166585341283,1.0,0.2219769989841965,0.2698527819133737,0.04787578292917719,0.00014916797875940327,1131.0,2.3333333333332575,0.008465947583317757,200,5,0.0001,ledoitwolf
2,0,2,MultiPPI,1133.3333333333333,0.23202291529163466,0.2480600874929746,0.016037172201339933,0.0002571908922154303,1.0,0.2317086714396987,0.01635141605327589,0.00026736880694732854,1.0,0.22624010501095357,0.2698800699749956,0.04363996496404204,0.00012394032000313722,1133.2764619576608,0.05687137567247191,0.021433252841234207,200,5,0.0001,ledoitwolf
2,0,2,OMPPI(DAG),1133.3333333333333,0.23202291529163466,0.24990328418633495,0.017880368894700294,0.0003197075918105658,1.0,0.2317086714396987,0.01819461274663625,0.0003310439330000584,1.0,0.22835536145545374,0.2714512069172162,0.04309584546176245,0.00012086891873336016,1131.0814294697127,2.251903863620555,0.019579170271754265,200,5,0.0001,ledoitwolf
2,0,2,OMPPI(Exhaustive),1133.3333333333333,0.23202291529163466,0.22297197978250355,-0.009050935509131108,8.19194335904504e-05,1.0,0.2317086714396987,-0.00873669165719515,7.632978111290334e-05,1.0,0.2010159210325885,0.2449280385324186,0.04391211749983009,0.00012549100181233087,1131.0814294697127,2.251903863620555,0.01829477958381176,200,5,0.0001,ledoitwolf
2,0,2,VectorPPI++,1133.3333333333333,0.23202291529163466,0.21497287430256623,-0.017050040989068427,0.00029070389772891346,1.0,0.2317086714396987,-0.01673579713713247,0.00028008690581525134,1.0,0.19098971508231927,0.2389560335228132,0.047966318440493955,0.00014973268048199055,1131.5076503877594,1.825682945573817,0.008493073284626007,200,5,0.0001,ledoitwolf
2,0,2,Classical,1444.4444444444443,0.23202291529163466,0.22555654144457565,-0.006466373847059004,4.181399072992866e-05,1.0,0.2317086714396987,-0.006152129995123046,3.7848703476892686e-05,1.0,0.20466131071461846,0.24645177217453285,0.04179046145991438,0.00011365751596922098,1442.0,2.4444444444443434,0.007926495745778084,200,5,0.0001,ledoitwolf
2,0,2,MultiPPI,1444.4444444444443,0.23202291529163466,0.22588371468843932,-0.006139200603195338,3.768978404627401e-05,1.0,0.2317086714396987,-0.00582495675125938,3.393012115404223e-05,1.0,0.20698899299594611,0.24477843638093252,0.037789443384986396,9.293617984749442e-05,1444.4103961433661,0.03404830107820089,0.02187172695994377,200,5,0.0001,ledoitwolf
2,0,2,OMPPI(DAG),1444.4444444444443,0.23202291529163466,0.23573848585724927,0.003715570565614612,1.3805464628061688e-05,1.0,0.2317086714396987,0.00402981441755057,1.623940423989844e-05,1.0,0.21795569533932893,0.2535212763751696,0.03556558103584067,8.231967420832518e-05,1442.3578914273737,2.086553017070628,0.019445495679974556,200,5,0.0001,ledoitwolf
2,0,2,OMPPI(Exhaustive),1444.4444444444443,0.23202291529163466,0.22642289070366284,-0.005600024587971819,3.136027538588894e-05,1.0,0.2317086714396987,-0.005285780736035861,2.7939477989447808e-05,1.0,0.20792868421437524,0.24491709719295043,0.03698841297857519,8.903796438630154e-05,1442.3578914273737,2.086553017070628,0.018202323466539383,200,5,0.0001,ledoitwolf
2,0,2,VectorPPI++,1444.4444444444443,0.23202291529163466,0.2345167446457046,0.002493829354069943,6.219184847220909e-06,1.0,0.2317086714396987,0.002808073206005901,7.885275130288259e-06,1.0,0.21260900386263437,0.25642448542877483,0.04381548156614048,0.00012493928182509464,1442.5753510794384,1.8690933650059378,0.0083414725959301,200,5,0.0001,ledoitwolf
2,0,2,Classical,1755.5555555555554,0.23202291529163466,0.22787353483877273,-0.004149380452861923,1.7217358142592614e-05,1.0,0.2317086714396987,-0.0038351366009259646,1.4708272747761961e-05,1.0,0.20902280273493662,0.24672426694260885,0.0377014642076722,9.250394640085915e-05,1753.0,2.5555555555554292,0.008076978847384453,200,5,0.0001,ledoitwolf
2,0,2,MultiPPI,1755.5555555555554,0.23202291529163466,0.23797293198572247,0.005950016694087817,3.540269865992372e-05,1.0,0.2317086714396987,0.0062642605460237755,3.924096018847009e-05,1.0,0.22114141691435144,0.2548044470570935,0.03366303014274208,7.374799856545128e-05,1755.5105847830644,0.04497077249106951,0.0212485920637846,200,5,0.0001,ledoitwolf
2,0,2,OMPPI(DAG),1755.5555555555554,0.23202291529163466,0.21667927165458223,-0.015343643637052429,0.0002354274000608595,1.0,0.2317086714396987,-0.01502939978511647,0.00022588285790085903,1.0,0.1993970448312833,0.23396149847788117,0.03456445364659789,7.77505051890638e-05,1753.0763990777618,2.4791564777935946,0.020049162209033966,200,5,0.0001,ledoitwolf
2,0,2,OMPPI(Exhaustive),1755.5555555555554,0.23202291529163466,0.22348937060702295,-0.008533544684611705,7.282138488426468e-05,1.0,0.2317086714396987,-0.008219300832675747,6.755690617802422e-05,1.0,0.20605974014671075,0.24091900106733516,0.034859260920624434,7.908246115941712e-05,1753.0763990777618,2.4791564777935946,0.0184206273406744,200,5,0.0001,ledoitwolf
2,0,2,VectorPPI++,1755.5555555555554,0.23202291529163466,0.2210155415772453,-0.011007373714389368,0.00012116227608822999,1.0,0.2317086714396987,-0.01069312986245341,0.00011434302625529287,1.0,0.20164810749048417,0.2403829756640064,0.03873486817352224,9.764454615115696e-05,1753.895619367009,1.6599361885464532,0.008469397202134132,200,5,0.0001,ledoitwolf
2,0,2,Classical,2066.6666666666665,0.23202291529163466,0.2379280737881363,0.005905158496501639,3.4870896868805496e-05,1.0,0.2317086714396987,0.006219402348437597,3.86809655717511e-05,1.0,0.22022573187075978,0.2556304157055128,0.035404683834753016,8.157653745279014e-05,2064.0,2.666666666666515,0.007747916504740715,200,5,0.0001,ledoitwolf
2,0,2,MultiPPI,2066.6666666666665,0.23202291529163466,0.23467089364842925,0.002647978356794589,7.0117893780525725e-06,1.0,0.2317086714396987,0.002962222208730547,8.774760413896482e-06,1.0,0.21952743772992567,0.24981434956693283,0.030286911837007133,5.969717960278e-05,2066.6345629846996,0.03210368196687341,0.021698275581002235,200,5,0.0001,ledoitwolf
2,0,2,OMPPI(DAG),2066.6666666666665,0.23202291529163466,0.23218903673435315,0.00016612144271849205,2.7596333730873236e-08,1.0,0.2317086714396987,0.0004803652946544501,2.3075081630845668e-07,1.0,0.21617465055438762,0.24820342291431868,0.03202877235993107,6.67612427183927e-05,2063.717669251729,2.9489974149373666,0.019840557128190994,200,5,0.0001,ledoitwolf
2,0,2,OMPPI(Exhaustive),2066.6666666666665,0.23202291529163466,0.2291466650305835,-0.0028762502610511498,8.272815564196807e-06,1.0,0.2317086714396987,-0.0025620064091151917,6.563876840347319e-06,1.0,0.21232965291059247,0.24596367715057454,0.033634024239982054,7.362096272395362e-05,2063.717669251729,2.9489974149373666,0.018672654405236244,200,5,0.0001,ledoitwolf
2,0,2,VectorPPI++,2066.6666666666665,0.23202291529163466,0.23628096557279654,0.004258050281161885,1.8130992196902805e-05,1.0,0.2317086714396987,0.004572294133097843,2.0905873639560953e-05,1.0,0.2185082086569622,0.2540537224886309,0.035545513831668686,8.222680578735497e-05,2064.798365122616,1.8683015440506097,0.0083735641092062,200,5,0.0001,ledoitwolf
2,0,2,Classical,2377.7777777777774,0.23202291529163466,0.23159012767130946,-0.0004327876203251979,1.8730512430674766e-07,1.0,0.2317086714396987,-0.00011854376838923986,1.4052625023921742e-08,1.0,0.21493953897064488,0.24824071637197404,0.03330117740132918,7.21710467349494e-05,2375.0,2.7777777777773736,0.007703440263867378,200,5,0.0001,ledoitwolf
2,0,2,MultiPPI,2377.7777777777774,0.23202291529163466,0.22741729704539565,-0.004605618246239007,2.1211719430089667e-05,1.0,0.2317086714396987,-0.004291374394303049,1.841589419207986e-05,1.0,0.21271808506842407,0.24211650902236723,0.02939842395394313,5.6246036422408536e-05,2377.736638021379,0.04113975639847922,0.020222963765263557,200,5,0.0001,ledoitwolf
2,0,2,OMPPI(DAG),2377.7777777777774,0.23202291529163466,0.24062383173875632,0.00860091644712166,7.397576373036787e-05,1.0,0.2317086714396987,0.008915160299057617,7.94800831578931e-05,1.0,0.22637853120527157,0.25486913227224106,0.028490601066969483,5.282591764256707e-05,2375.1736533221547,2.6041244556226957,0.019646847620606422,200,5,0.0001,ledoitwolf
2,0,2,OMPPI(Exhaustive),2377.7777777777774,0.23202291529163466,0.22359339498941647,-0.00842952030221819,7.105681252550866e-05,1.0,0.2317086714396987,-0.008115276450282233,6.58577118645054e-05,1.0,0.20903011529687454,0.2381566746819584,0.02912655938508385,5.521056590810493e-05,2375.1736533221547,2.6041244556226957,0.018527179956436157,200,5,0.0001,ledoitwolf
2,0,2,VectorPPI++,2377.7777777777774,0.23202291529163466,0.22707336715671186,-0.004949548134922793,2.4498026739917702e-05,1.0,0.2317086714396987,-0.004635304282986835,2.1486045795876098e-05,1.0,0.20956158881890086,0.24458514549452287,0.035023556675622035,7.982966754729271e-05,2375.613498218403,2.164279559374336,0.008425571024417877,200,5,0.0001,ledoitwolf
2,0,2,Classical,2688.8888888888887,0.23202291529163466,0.2287032395493604,-0.003319675742274264,1.1020247033844186e-05,1.0,0.2317086714396987,-0.003005431890338306,9.032620847462483e-06,1.0,0.21351882373204067,0.2438876553666801,0.030368831634639413,6.002055325211247e-05,2686.0,2.888888888888687,0.007727127522230148,200,5,0.0001,ledoitwolf
2,0,2,MultiPPI,2688.8888888888887,0.23202291529163466,0.24098446739375648,0.008961552102121823,8.030941607904406e-05,1.0,0.2317086714396987,0.00927579595405778,8.60403905813147e-05,1.0,0.22720139921175736,0.2547675355757556,0.027566136363998215,4.9453339831795824e-05,2688.8530706350866,0.03581825380206283,0.01952841319143772,200,5,0.0001,ledoitwolf
2,0,2,OMPPI(DAG),2688.8888888888887,0.23202291529163466,0.2267320051743626,-0.005290910117272063,2.7993729869051876e-05,1.0,0.2317086714396987,-0.004976666265336105,2.4767207116534415e-05,1.0,0.2136557279260636,0.23980828242266158,0.026152554496597993,4.451148239654575e-05,2687.563089499057,1.3257993898319,0.018921546638011932,200,5,0.0001,ledoitwolf
2,0,2,OMPPI(Exhaustive),2688.8888888888887,0.23202291529163466,0.2277599950770103,-0.0042629202146243494,1.817248875625291e-05,1.0,0.2317086714396987,-0.003948676362688391,1.5592045017254026e-05,1.0,0.21390581819608162,0.241614171957939,0.027708353761857377,4.9964928952011266e-05,2687.563089499057,1.3257993898319,0.01809535175561905,200,5,0.0001,ledoitwolf
2,0,2,VectorPPI++,2688.8888888888887,0.23202291529163466,0.22534702727268774,-0.006675888018946918,4.456748084151901e-05,1.0,0.2317086714396987,-0.00636164416701096,4.047051650766458e-05,1.0,0.20909071257855624,0.24160334196681924,0.032512629388262985,6.879359633142808e-05,2685.768811569901,3.120077318987569,0.008401937782764435,200,5,0.0001,ledoitwolf
2,0,2,Classical,3000.0,0.23202291529163466,0.227288774570701,-0.004734140720933644,2.2412088365602123e-05,1.0,0.2317086714396987,-0.004419896868997686,1.9535488332575547e-05,1.0,0.21303473885312363,0.2415428102882784,0.028508071435154783,5.289072295749854e-05,2998.0,2.0,0.007422655820846558,200,5,0.0001,ledoitwolf
2,0,2,MultiPPI,3000.0,0.23202291529163466,0.2332690767936385,0.0012461615020038508,1.5529184890764935e-06,1.0,0.2317086714396987,0.0015604053539398088,2.4348648686040203e-06,1.0,0.21991811705716677,0.24662003653011025,0.0267019194729435,4.6401154927044526e-05,2999.954726472438,0.045273527562130766,0.020893067121505737,200,5,0.0001,ledoitwolf
2,0,2,OMPPI(DAG),3000.0,0.23202291529163466,0.23634910583868882,0.0043261905470541595,1.8715924649420768e-05,1.0,0.2317086714396987,0.0046404343989901176,2.1533631411330774e-05,1.0,0.2231596914379889,0.24953852023938874,0.02637882880139988,4.528504934017684e-05,2996.1514357577025,3.8485642422974706,0.019273798912763596,200,5,0.0001,ledoitwolf
2,0,2,OMPPI(Exhaustive),3000.0,0.23202291529163466,0.21900421008972581,-0.013018705201908842,0.00016948668513420834,0.0,0.2317086714396987,-0.012704461349972884,0.00016140333819295483,1.0,0.20599067268903337,0.23201774749041826,0.026027074801384872,4.408537578664453e-05,2996.1514357577025,3.8485642422974706,0.017970964312553406,200,5,0.0001,ledoitwolf
2,0,2,VectorPPI++,3000.0,0.23202291529163466,0.22951308318456412,-0.0025098321070705365,6.299257205682129e-06,1.0,0.2317086714396987,-0.0021955882551345784,4.8206077860849025e-06,1.0,0.21343764085417566,0.24558852551495258,0.032150884660776945,6.727127848553922e-05,2998.0014671976523,1.998532802347654,0.008311444893479347,200,5,0.0001,ledoitwolf
3,0,3,Classical,200.0,0.23202291529163466,0.24532919811281156,0.013306282821176907,0.00017705716251714766,1.0,0.2330707033665986,0.012258494746212961,0.00015027069344293077,1.0,0.18759908633135297,0.30305930989427016,0.1154602235629172,0.0008675781680506202,198.0,2.0,0.007202900946140289,200,5,0.0001,ledoitwolf
3,0,3,MultiPPI,200.0,0.23202291529163466,0.24348861938000063,0.011465704088365974,0.00013146237024197222,1.0,0.2330707033665986,0.010417916013402029,0.00010853297406229841,1.0,0.19987960498661034,0.2870976337733909,0.08721802878678059,0.0004950583164182636,199.94078809473905,0.05921190526095188,0.31549034640192986,200,5,0.0001,ledoitwolf
3,0,3,OMPPI(DAG),200.0,0.23202291529163466,0.2528262224035145,0.020803307111879832,0.00043277758679119,1.0,0.2330707033665986,0.019755519036915886,0.000390280532417946,1.0,0.20489921356177423,0.30075323124525477,0.09585401768348051,0.0005979494467420053,196.6887444980088,3.311255501991212,0.013454727828502655,200,5,0.0001,ledoitwolf
3,0,3,OMPPI(Exhaustive),200.0,0.23202291529163466,0.2270143485801352,-0.0050085667114994625,2.508574050354054e-05,1.0,0.2330707033665986,-0.006056354786463408,3.667943329951823e-05,1.0,0.1810856359456022,0.27294306121466816,0.09185742526906597,0.0005491264498012626,196.6887444980088,3.311255501991212,0.014061503112316132,200,5,0.0001,ledoitwolf
3,0,3,VectorPPI++,200.0,0.23202291529163466,0.231055661217775,-0.0009672540738596691,9.355804433981262e-07,1.0,0.2330707033665986,-0.0020150421488236148,4.060394861535691e-06,1.0,0.1742367250123943,0.2878745974231557,0.11363787241076138,0.0008404076842161158,197.7631523789562,2.2368476210438075,0.0058502983301877975,200,5,0.0001,ledoitwolf
3,0,3,Classical,511.1111111111111,0.23202291529163466,0.22978428050782973,-0.002238634783804927,5.011485695261332e-06,1.0,0.2330707033665986,-0.0032864228587688726,1.080057520663857e-05,1.0,0.19476679170574238,0.26480176930991706,0.0700349776041747,0.00031920803508255294,508.0,3.111111111111086,0.007621195167303085,200,5,0.0001,ledoitwolf
3,0,3,MultiPPI,511.1111111111111,0.23202291529163466,0.2341673979091245,0.00214448261748984,4.598805696716076e-06,1.0,0.2330707033665986,0.0010966945425258945,1.202738919606081e-06,1.0,0.20440471564623616,0.2639300801720128,0.05952536452577666,0.0002305939740157325,511.0552295116328,0.05588159947831173,0.017064431682229042,200,5,0.0001,ledoitwolf
3,0,3,OMPPI(DAG),511.1111111111111,0.23202291529163466,0.2322177390812556,0.00019482378962093483,3.7956309002262275e-08,1.0,0.2330707033665986,-0.0008529642853430108,7.275480720707132e-07,1.0,0.20143196662486648,0.2630035115376447,0.0615715449127782,0.00024671975673171766,508.0241039614337,3.0870071496773903,0.015660211443901062,200,5,0.0001,ledoitwolf
3,0,3,OMPPI(Exhaustive),511.1111111111111,0.23202291529163466,0.21627640231532588,-0.015746512976308774,0.0002479526709130606,1.0,0.2330707033665986,-0.01679430105127272,0.00028204854780077996,1.0,0.18618922763610007,0.2463635769945517,0.060174349358451645,0.00023564955982391015,508.0241039614337,3.0870071496773903,0.013418704271316528,200,5,0.0001,ledoitwolf
3,0,3,VectorPPI++,511.1111111111111,0.23202291529163466,0.2487120582722483,0.016689142980613636,0.0002785274934273654,1.0,0.2330707033665986,0.01564135490564969,0.0002446519832844916,1.0,0.2129208761163564,0.2845032404281402,0.0715823643117838,0.00033346933545542096,508.73779081953467,2.3733202915764195,0.007099620997905731,200,5,0.0001,ledoitwolf
3,0,3,Classical,822.2222222222222,0.23202291529163466,0.23420968217740684,0.0021867668857721845,4.781949412709778e-06,1.0,0.2330707033665986,0.0011389788108082388,1.2972727314701498e-06,1.0,0.20702206175950685,0.26139730259530686,0.05437524083579999,0.00019241822924298595,820.0,2.2222222222221717,0.006584992632269859,200,5,0.0001,ledoitwolf
3,0,3,MultiPPI,822.2222222222222,0.23202291529163466,0.240262466656527,0.00823955136489235,6.789020669469939e-05,1.0,0.2330707033665986,0.0071917632899284045,5.172145921836183e-05,1.0,0.21539517813627976,0.2651297551767743,0.04973457704049452,0.00016097583423723482,822.1772165164535,0.04500570576863083,0.019285893067717552,200,5,0.0001,ledoitwolf
3,0,3,OMPPI(DAG),822.2222222222222,0.23202291529163466,0.24809747405072774,0.016074558759093083,0.00025839143929953616,1.0,0.2330707033665986,0.015026770684129137,0.00022580383719340285,1.0,0.22438007780269492,0.27181487029876056,0.047434792496065636,0.00014643262131456577,819.064766296374,3.157455925848126,0.014043308794498444,200,5,0.0001,ledoitwolf
3,0,3,OMPPI(Exhaustive),822.2222222222222,0.23202291529163466,0.2241064783036528,-0.007916436987981862,6.266997458468733e-05,1.0,0.2330707033665986,-0.008964225062945808,8.035733097914577e-05,1.0,0.1989421225469533,0.2492708340603523,0.050328711513399,0.00016484487539952653,819.064766296374,3.157455925848126,0.0147152841091156,200,5,0.0001,ledoitwolf
3,0,3,VectorPPI++,822.2222222222222,0.23202291529163466,0.23112227033330118,-0.0009006449583334741,8.111613409715054e-07,1.0,0.2330707033665986,-0.0019484330332974198,3.7963912852445844e-06,1.0,0.20522952101247582,0.25701501965412654,0.05178549864165072,0.00017452600657319011,820.1299517920771,2.0922704301450494,0.007555047050118446,200,5,0.0001,ledoitwolf
3,0,3,Classical,1133.3333333333333,0.23202291529163466,0.24329689750754657,0.011273982215911915,0.00012710267500469814,1.0,0.2330707033665986,0.01022619414094797,0.00010457504660835858,1.0,0.21934282924520465,0.2672509657698885,0.04790813652468387,0.0001493696569714252,1131.0,2.3333333333332575,0.006263682618737221,200,5,0.0001,ledoitwolf
3,0,3,MultiPPI,1133.3333333333333,0.23202291529163466,0.24021232556794472,0.008189410276310066,6.706644067373292e-05,1.0,0.2330707033665986,0.007141622201346121,5.100276766675981e-05,1.0,0.21961067300668352,0.2608139781292059,0.041203305122522425,0.00011048617415043105,1133.2894571368686,0.043876196464680106,0.016716880723834038,200,5,0.0001,ledoitwolf
3,0,3,OMPPI(DAG),1133.3333333333333,0.23202291529163466,0.2365388442492933,0.004515928957658649,2.0393614350619933e-05,1.0,0.2330707033665986,0.0034681408826947036,1.2028001182218398e-05,1.0,0.2159834673559027,0.2570942211426839,0.04111075378678118,0.000109990380985781,1129.3368266610773,3.9965066722559186,0.012833299115300179,200,5,0.0001,ledoitwolf
3,0,3,OMPPI(Exhaustive),1133.3333333333333,0.23202291529163466,0.23777991287499978,0.00575699758336512,3.314302117487183e-05,1.0,0.2330707033665986,0.004709209508401174,2.217665419401603e-05,1.0,0.21775459685774504,0.2578052288922545,0.040050632034509474,0.00010439088385658102,1129.3368266610773,3.9965066722559186,0.012473486363887787,200,5,0.0001,ledoitwolf
3,0,3,VectorPPI++,1133.3333333333333,0.23202291529163466,0.21963617134687044,-0.012386743944764217,0.00015343142555315298,1.0,0.2330707033665986,-0.013434532019728163,0.00018048665058910128,1.0,0.1970360905670246,0.2422362521267163,0.04520016155969171,0.00013296085552291998,1131.6870677006916,1.6462656326416436,0.006640659645199776,200,5,0.0001,ledoitwolf
3,0,3,Classical,1444.4444444444443,0.23202291529163466,0.23403326971372454,0.002010354422089883,4.0415249024163464e-06,1.0,0.2330707033665986,0.0009625663471259371,9.265339726193701e-07,1.0,0.21334517864954203,0.2547213607779071,0.04137618212836504,0.00011141525442737204,1442.0,2.4444444444443434,0.005998918786644936,200,5,0.0001,ledoitwolf
3,0,3,MultiPPI,1444.4444444444443,0.23202291529163466,0.25020209647259783,0.018179181180963178,0.0003304826284102858,0.0,0.2330707033665986,0.017131393105999232,0.000293484629752278,1.0,0.23210351348456404,0.26830067946063163,0.03619716597606762,8.526935246843522e-05,1444.4152169356528,0.029227508791564105,0.015242857858538628,200,5,0.0001,ledoitwolf
3,0,3,OMPPI(DAG),1444.4444444444443,0.23202291529163466,0.22685877302132038,-0.005164142270314281,2.666836538804674e-05,1.0,0.2330707033665986,-0.006211930345278227,3.8588078614588476e-05,1.0,0.2091845998874543,0.24453294615518645,0.03534834626773216,8.131712730671138e-05,1441.444351289038,3.0000931554063754,0.012232676148414612,200,5,0.0001,ledoitwolf
3,0,3,OMPPI(Exhaustive),1444.4444444444443,0.23202291529163466,0.23182558755911173,-0.00019732773252292835,3.893823402264035e-08,1.0,0.2330707033665986,-0.001245115807486874,1.5503133740536903e-06,1.0,0.21412105659453326,0.2495301185236902,0.03540906192915696,8.15967139845794e-05,1441.444351289038,3.0000931554063754,0.01169491559267044,200,5,0.0001,ledoitwolf
3,0,3,VectorPPI++,1444.4444444444443,0.23202291529163466,0.21734679705786156,-0.0146761182337731,0.00021538844641168724,1.0,0.2330707033665986,-0.015723906308737046,0.00024724122960594064,1.0,0.19736803297207153,0.23732556114365158,0.03995752817158006,0.00010390610261013544,1442.244183609306,2.2002608351383515,0.0063108522444963455,200,5,0.0001,ledoitwolf
3,0,3,Classical,1755.5555555555554,0.23202291529163466,0.21780154830793547,-0.01422136698369919,0.00020224727888504943,1.0,0.2330707033665986,-0.015269155058663136,0.00023314709620549806,1.0,0.1994812471148076,0.23612184950106332,0.03664060238625573,8.737134809277365e-05,1752.0,3.5555555555554292,0.00596647709608078,200,5,0.0001,ledoitwolf
3,0,3,MultiPPI,1755.5555555555554,0.23202291529163466,0.22745242193706683,-0.004570493354567828,2.0889409504148682e-05,1.0,0.2330707033665986,-0.005618281429531774,3.15650862214216e-05,1.0,0.21123115002779255,0.2436736938463411,0.032442543818548546,6.849732735311863e-05,1755.5139383776987,0.04161717785677865,0.014114383608102798,200,5,0.0001,ledoitwolf
3,0,3,OMPPI(DAG),1755.5555555555554,0.23202291529163466,0.24022890706692757,0.008205991775292909,6.733830101617487e-05,1.0,0.2330707033665986,0.007158203700328963,5.1239880215403266e-05,1.0,0.22404052444863265,0.2564172896852225,0.03237676523658986,6.82198466854736e-05,1753.4045273527563,2.151028202799125,0.01236390694975853,200,5,0.0001,ledoitwolf
3,0,3,OMPPI(Exhaustive),1755.5555555555554,0.23202291529163466,0.22746792911197472,-0.004554986179659937,2.0747899096893026e-05,1.0,0.2330707033665986,-0.005602774254623882,3.13910793482762e-05,1.0,0.21112318608445205,0.2438126721394974,0.03268948605504537,6.954405529394147e-05,1753.4045273527563,2.151028202799125,0.012838037684559822,200,5,0.0001,ledoitwolf
3,0,3,VectorPPI++,1755.5555555555554,0.23202291529163466,0.23081145161016042,-0.0012114636814742341,1.4676442515311045e-06,1.0,0.2330707033665986,-0.0022592517564381798,5.104218498969001e-06,1.0,0.2122236447796536,0.24939925844066724,0.03717561366101363,8.994149850233331e-05,1752.966254453993,2.5893011015623415,0.005548043176531792,200,5,0.0001,ledoitwolf
3,0,3,Classical,2066.6666666666665,0.23202291529163466,0.21383902307827252,-0.01818389221336214,0.0003306539360271723,0.0,0.2330707033665986,-0.019231680288326086,0.00036985752671239014,0.0,0.19719674288728917,0.23048130326925587,0.03328456038196671,7.209903916271872e-05,2065.0,1.666666666666515,0.006824418902397156,200,5,0.0001,ledoitwolf
3,0,3,MultiPPI,2066.6666666666665,0.23202291529163466,0.2408625303185877,0.008839615026953046,7.81387938247341e-05,1.0,0.2330707033665986,0.0077918269519891,6.0712567249743756e-05,1.0,0.2256597086365797,0.2560653520005957,0.03040564336401601,6.016614986209063e-05,2066.6382309788305,0.028435687836008583,0.01417103223502636,200,5,0.0001,ledoitwolf
3,0,3,OMPPI(DAG),2066.6666666666665,0.23202291529163466,0.2335691260520299,0.001546210760395239,2.3907677155620232e-06,1.0,0.2330707033665986,0.0004984226854312934,2.4842517335254207e-07,1.0,0.2184941057413135,0.2486441463627463,0.030150040621432762,5.9158837300108755e-05,2063.6594005449588,3.007266121707744,0.014633290469646454,200,5,0.0001,ledoitwolf
3,0,3,OMPPI(Exhaustive),2066.6666666666665,0.23202291529163466,0.23339338306937785,0.0013704677777431895,1.8781819298323563e-06,1.0,0.2330707033665986,0.00032267970277924385,1.0412219058570115e-07,1.0,0.21868353558201828,0.24810323055673741,0.02941969497471912,5.632745870806447e-05,2063.6594005449588,3.007266121707744,0.013022791594266891,200,5,0.0001,ledoitwolf
3,0,3,VectorPPI++,2066.6666666666665,0.23202291529163466,0.23054300800802802,-0.0014799072836066407,2.190125568071986e-06,1.0,0.2330707033665986,-0.0025276953585705864,6.389243825739285e-06,1.0,0.21325583610803697,0.24783017990801906,0.03457434379998207,7.779500607684246e-05,2064.5233703626077,2.143296304058822,0.007223049178719521,200,5,0.0001,ledoitwolf
3,0,3,Classical,2377.7777777777774,0.23202291529163466,0.24112441447279842,0.009101499181163764,8.283728734472465e-05,1.0,0.2330707033665986,0.008053711106199818,6.48622625821263e-05,1.0,0.22467147461706602,0.2575773543285308,0.0329058797114648,7.046782030776376e-05,2375.0,2.7777777777773736,0.0070166755467653275,200,5,0.0001,ledoitwolf
3,0,3,MultiPPI,2377.7777777777774,0.23202291529163466,0.23233981118948385,0.00031689589784919536,1.0042301007364766e-07,1.0,0.2330707033665986,-0.0007308921771147503,5.342033745675396e-07,1.0,0.21795330136465182,0.24672632101431588,0.02877301964966406,5.387840260710908e-05,2377.7380004191996,0.039777358577794075,0.01572536490857601,200,5,0.0001,ledoitwolf
3,0,3,OMPPI(DAG),2377.7777777777774,0.23202291529163466,0.23667529567351164,0.004652380381876986,2.164464321767385e-05,1.0,0.2330707033665986,0.0036045923069130403,1.2993085699056674e-05,1.0,0.22247774193526035,0.2508728494117629,0.02839510747650258,5.2472391755096504e-05,2375.7000628798996,2.0777148978777404,0.01618080958724022,200,5,0.0001,ledoitwolf
3,0,3,OMPPI(Exhaustive),2377.7777777777774,0.23202291529163466,0.24181833368145234,0.009795418389817678,9.595022143157836e-05,1.0,0.2330707033665986,0.008747630314853733,7.652103612534801e-05,1.0,0.22821496467953506,0.2554217026833696,0.027206738003834576,4.817223269593362e-05,2375.7000628798996,2.0777148978777404,0.013206729665398598,200,5,0.0001,ledoitwolf
3,0,3,VectorPPI++,2377.7777777777774,0.23202291529163466,0.22067961187428572,-0.011343303417348932,0.00012867053241803997,1.0,0.2330707033665986,-0.012391091492312878,0.00015353914837086858,1.0,0.20506441377870877,0.23629480996986268,0.0312303961911539,6.347443066435132e-05,2375.498008803186,2.2797689745912066,0.0075600482523441315,200,5,0.0001,ledoitwolf
3,0,3,Classical,2688.8888888888887,0.23202291529163466,0.2320729631923843,5.004790074963905e-05,2.504792369445721e-09,1.0,0.2330707033665986,-0.0009977401742143066,9.954854552411949e-07,1.0,0.21679480828690306,0.24735111809786553,0.030556309810962492,6.076389939635039e-05,2686.0,2.888888888888687,0.007688840851187706,200,5,0.0001,ledoitwolf
3,0,3,MultiPPI,2688.8888888888887,0.23202291529163466,0.2322925014061624,0.00026958611452773673,7.267667314616198e-08,1.0,0.2330707033665986,-0.0007782019604362089,6.055982912267589e-07,1.0,0.2191479051013704,0.2454370977109544,0.026289192609584025,4.497781183678851e-05,2688.857891427374,0.030997461514743918,0.020049432292580605,200,5,0.0001,ledoitwolf
3,0,3,OMPPI(DAG),2688.8888888888887,0.23202291529163466,0.23732692493921873,0.005304009647584068,2.813251834166487e-05,1.0,0.2330707033665986,0.0042562215726201225,1.8115422075236908e-05,1.0,0.22415315892987078,0.2505006909485667,0.026347532018695902,4.517765749150801e-05,2686.8075875078603,2.0813013810284247,0.017076104879379272,200,5,0.0001,ledoitwolf
3,0,3,OMPPI(Exhaustive),2688.8888888888887,0.23202291529163466,0.23515492560322881,0.0031320103115941578,9.809488591932133e-06,1.0,0.2330707033665986,0.002084222236630212,4.343982331663844e-06,1.0,0.2221193548499064,0.24819049635655124,0.02607114150664488,4.423478495968125e-05,2686.8075875078603,2.0813013810284247,0.016009395942091942,200,5,0.0001,ledoitwolf
3,0,3,VectorPPI++,2688.8888888888887,0.23202291529163466,0.2377622812664414,0.005739365974806732,3.294032179276922e-05,1.0,0.2330707033665986,0.004691577899842786,2.2010903190293247e-05,1.0,0.222462113549328,0.2530624489835548,0.030600335434226782,6.093912315569204e-05,2686.8901697757283,1.998719113160405,0.008329380303621292,200,5,0.0001,ledoitwolf
3,0,3,Classical,3000.0,0.23202291529163466,0.2317417671009914,-0.00028114819064326,7.904430510197889e-08,1.0,0.2330707033665986,-0.0013289362656072057,1.7660715980460255e-06,1.0,0.2173845576463665,0.2460989765556163,0.02871441890924981,5.365916255916668e-05,2998.0,2.0,0.007525531575083733,200,5,0.0001,ledoitwolf
3,0,3,MultiPPI,3000.0,0.23202291529163466,0.2323786819763628,0.00035576668472814266,1.2656993396245365e-07,1.0,0.2330707033665986,-0.000692021390235803,4.788936045438936e-07,1.0,0.21982032509757624,0.24493703885514936,0.025116713757573104,4.105532165159797e-05,2999.956403269755,0.043596730245099025,0.02168082259595394,200,5,0.0001,ledoitwolf
3,0,3,OMPPI(DAG),3000.0,0.23202291529163466,0.2417127155022313,0.00968980021059665,9.389222812127888e-05,1.0,0.2330707033665986,0.008642012135632704,7.468437375242292e-05,1.0,0.22923505137925204,0.25419037962521057,0.024955328245958527,4.0529421043683443e-05,2997.9955984070425,2.0044015929574925,0.017364922910928726,200,5,0.0001,ledoitwolf
3,0,3,OMPPI(Exhaustive),3000.0,0.23202291529163466,0.24232085657766794,0.010297941286033285,0.00010604759473058887,1.0,0.2330707033665986,0.00925015321106934,8.556533442825642e-05,1.0,0.22988484064124937,0.2547568725140865,0.024872031872837163,4.0259312826087234e-05,2997.9955984070425,2.0044015929574925,0.01610557734966278,200,5,0.0001,ledoitwolf
3,0,3,VectorPPI++,3000.0,0.23202291529163466,0.23503963859035448,0.0030167232987198256,9.100619461039026e-06,1.0,0.2330707033665986,0.00196893522375588,3.876705915346617e-06,1.0,0.2208006967142785,0.24927858046643048,0.02847788375215197,5.2778768487133035e-05,2998.6122406204154,1.3877593795846224,0.008423788473010063,200,5,0.0001,ledoitwolf
4,0,4,Classical,200.0,0.23202291529163466,0.2537331470969915,0.02171023180535686,0.0004713341650423286,1.0,0.23273043162992296,0.021002715467068556,0.0004411140569906407,1.0,0.19433252671144535,0.3131337674825377,0.11880124077109236,0.0009185139986871448,197.0,3.0,0.0085072573274374,200,5,0.0001,ledoitwolf
4,0,4,MultiPPI,200.0,0.23202291529163466,0.244034173975032,0.012011258683397336,0.0001442703351594879,1.0,0.23273043162992296,0.01130374234510903,0.000127774591004611,1.0,0.19369798554724926,0.2943703624028147,0.10067237685556543,0.0006595754331109604,199.9436176902117,0.056382309788290286,0.3223585393279791,200,5,0.0001,ledoitwolf
4,0,4,OMPPI(DAG),200.0,0.23202291529163466,0.2115414679616026,-0.02048144733003207,0.00041948968473287787,1.0,0.23273043162992296,-0.021188963668320376,0.0004489721813374009,1.0,0.1636306434144941,0.2594522925087111,0.09582164909421699,0.0005975456762462554,198.69356529029554,1.3064347097044617,0.016549212858080864,200,5,0.0001,ledoitwolf
4,0,4,OMPPI(Exhaustive),200.0,0.23202291529163466,0.18531261665640192,-0.04671029863523274,0.0021818519985926255,1.0,0.23273043162992296,-0.047417814973521044,0.0022484491768630767,1.0,0.1364677710678785,0.23415746224492534,0.09768969117704687,0.0006210710701138264,198.69356529029554,1.3064347097044617,0.01613433100283146,200,5,0.0001,ledoitwolf
4,0,4,VectorPPI++,200.0,0.23202291529163466,0.2227586095809366,-0.009264305710698056,8.582736030127263e-05,1.0,0.23273043162992296,-0.009971822048986362,9.943723497665057e-05,1.0,0.16895887815437347,0.27655834100749976,0.10759946285312628,0.000753466648133254,197.10333263466777,2.8966673653322346,0.00766429677605629,200,5,0.0001,ledoitwolf
4,0,4,Classical,511.1111111111111,0.23202291529163466,0.21816104219465565,-0.013861873096979005,0.0001921515257567503,1.0,0.23273043162992296,-0.01456938943526731,0.0002122671085164787,1.0,0.1846166537646455,0.25170543062466577,0.0670887768600203,0.0002929163236325095,508.0,3.111111111111086,0.007044078782200813,200,5,0.0001,ledoitwolf
4,0,4,MultiPPI,511.1111111111111,0.23202291529163466,0.2291965085479779,-0.002826406743656751,7.988575080588358e-06,1.0,0.23273043162992296,-0.0035339230819450562,1.2488612349104045e-05,1.0,0.1992087469654437,0.2591842701305121,0.05997552316506841,0.0002340948808006286,511.0525047159924,0.05860639511865884,0.017729224637150764,200,5,0.0001,ledoitwolf
4,0,4,OMPPI(DAG),511.1111111111111,0.23202291529163466,0.22922881388999347,-0.002794101401641186,7.807002642653239e-06,1.0,0.23273043162992296,-0.003501617739929491,1.2261326796588918e-05,1.0,0.1986732767192324,0.25978435106075454,0.061111074341522124,0.00024304330603889136,508.5535527143157,2.5575583967954003,0.014663105830550194,200,5,0.0001,ledoitwolf
4,0,4,OMPPI(Exhaustive),511.1111111111111,0.23202291529163466,0.23320439773035298,0.0011814824387183231,1.3959007529997962e-06,1.0,0.23273043162992296,0.00047396610043001774,2.2464386435683766e-07,1.0,0.20309925939233014,0.2633095360683758,0.06021027667604566,0.0002359310347072069,508.5535527143157,2.5575583967954003,0.01561909168958664,200,5,0.0001,ledoitwolf
4,0,4,VectorPPI++,511.1111111111111,0.23202291529163466,0.2294505596145469,-0.0025723556770877454,6.617013729445553e-06,1.0,0.23273043162992296,-0.0032798720153760508,1.0757560437246956e-05,1.0,0.19523463567092061,0.2636664835581732,0.06843184788725258,0.00030476168194469317,508.6707189268497,2.440392184261384,0.0076021067798137665,200,5,0.0001,ledoitwolf
4,0,4,Classical,822.2222222222222,0.23202291529163466,0.2571879141326704,0.025164998841035735,0.0006332771666693299,1.0,0.23273043162992296,0.02445748250274743,0.0005981684503721967,1.0,0.2291452803674744,0.2852305478978664,0.05608526753039199,0.00020471111241713517,820.0,2.2222222222221717,0.006117848679423332,200,5,0.0001,ledoitwolf
4,0,4,MultiPPI,822.2222222222222,0.23202291529163466,0.2206097459765019,-0.011413169315132754,0.00013026043381588785,1.0,0.23273043162992296,-0.01212068565342106,0.00014691102070904708,1.0,0.19681859034314292,0.2444009016098609,0.04758231126671794,0.00014734482726237648,822.1809893104171,0.04123291180508204,0.01780574768781662,200,5,0.0001,ledoitwolf
4,0,4,OMPPI(DAG),822.2222222222222,0.23202291529163466,0.2523218011348703,0.020298885843235637,0.00041204476647671215,1.0,0.23273043162992296,0.01959136950494733,0.00038382175907938025,1.0,0.2284061042074244,0.2762374980623162,0.047831393854891775,0.0001488914983141991,819.1477677635714,3.0744544586507345,0.01400107704102993,200,5,0.0001,ledoitwolf
4,0,4,OMPPI(Exhaustive),822.2222222222222,0.23202291529163466,0.24535247784723124,0.013329562555596586,0.00017767723792356258,1.0,0.23273043162992296,0.01262204621730828,0.00015931605071186627,1.0,0.21979645978745171,0.27090849590701077,0.05111203611955903,0.00017001615520474697,819.1477677635714,3.0744544586507345,0.01290084794163704,200,5,0.0001,ledoitwolf
4,0,4,VectorPPI++,822.2222222222222,0.23202291529163466,0.22724801722523996,-0.004774898066394695,2.2799651544459796e-05,1.0,0.23273043162992296,-0.005482414404683,3.0056867704675657e-05,1.0,0.19967967021042926,0.25481636424005066,0.05513669402962139,0.00019784508766169527,820.8205826870677,1.4016395351544588,0.006685502827167511,200,5,0.0001,ledoitwolf
4,0,4,Classical,1133.3333333333333,0.23202291529163466,0.21532441157555765,-0.016698503716077007,0.0002788400263558376,1.0,0.23273043162992296,-0.017406020054365312,0.00030296953413296745,1.0,0.19245763224460666,0.23819119090650864,0.045733558661902,0.00013611745469027967,1131.0,2.3333333333332575,0.005804490298032761,200,5,0.0001,ledoitwolf
4,0,4,MultiPPI,1133.3333333333333,0.23202291529163466,0.23009999445629326,-0.0019229208353414018,3.6976245389900746e-06,1.0,0.23273043162992296,-0.002630437173629707,6.919199724413042e-06,1.0,0.20985342145042535,0.25034656746216116,0.04049314601173584,0.00010671042893227453,1133.2865227415637,0.04681059176959934,0.015974298119544983,200,5,0.0001,ledoitwolf
4,0,4,OMPPI(DAG),1133.3333333333333,0.23202291529163466,0.24165764282897978,0.009634727537345122,9.282797471887641e-05,1.0,0.23273043162992296,0.008927211199056817,7.969509979256545e-05,1.0,0.22101455454639207,0.2623007311115675,0.04128617656517544,0.00011093105867674261,1130.198700482079,3.1346328512543096,0.010277042165398598,200,5,0.0001,ledoitwolf
4,0,4,OMPPI(Exhaustive),1133.3333333333333,0.23202291529163466,0.2649514214093423,0.032928506117707645,0.0010842865151439098,0.0,0.23273043162992296,0.03222098977941934,0.0010381921823654455,0.0,0.24410760033263448,0.28579524248605015,0.04168764215341564,0.00011309892865109623,1130.198700482079,3.1346328512543096,0.009732397273182869,200,5,0.0001,ledoitwolf
4,0,4,VectorPPI++,1133.3333333333333,0.23202291529163466,0.2198352411190343,-0.01218767417260036,0.00014853940173746986,1.0,0.23273043162992296,-0.012895190510888666,0.00016628593831211308,1.0,0.19687411646797098,0.2427963657700976,0.04592224930212661,0.0001372429771735528,1130.3879689792495,2.945364354083722,0.0061544571071863174,200,5,0.0001,ledoitwolf
4,0,4,Classical,1444.4444444444443,0.23202291529163466,0.2151653657048679,-0.016857549586766746,0.0002841769780702997,1.0,0.23273043162992296,-0.01756506592505505,0.00030853154095153006,1.0,0.19495734008165308,0.23537339132808274,0.04041605124642967,0.0001063044844809032,1442.0,2.4444444444443434,0.006361227482557297,200,5,0.0001,ledoitwolf
4,0,4,MultiPPI,1444.4444444444443,0.23202291529163466,0.2269542542494131,-0.005068661042221562,2.5691324760934567e-05,1.0,0.23273043162992296,-0.005776177380509867,3.336422513111383e-05,1.0,0.2095653581376064,0.24434315036121979,0.03477779222361335,7.871324986182423e-05,1444.4122825403476,0.032161904096710714,0.018759632483124733,200,5,0.0001,ledoitwolf
4,0,4,OMPPI(DAG),1444.4444444444443,0.23202291529163466,0.2269771272079868,-0.005045788083647862,2.5459977385082764e-05,1.0,0.23273043162992296,-0.005753304421936167,3.310051177147026e-05,1.0,0.20873035357089534,0.24522390084507825,0.036493547274182934,8.667143491677344e-05,1441.8101027038356,2.634341740608761,0.01808973029255867,200,5,0.0001,ledoitwolf
4,0,4,OMPPI(Exhaustive),1444.4444444444443,0.23202291529163466,0.23822087116716256,0.006197955875527905,3.841465703499088e-05,1.0,0.23273043162992296,0.0054904395372396,3.014492631208379e-05,1.0,0.21955265784079978,0.2568890844935253,0.03733642665272557,9.072131319518273e-05,1441.8101027038356,2.634341740608761,0.01592634804546833,200,5,0.0001,ledoitwolf
4,0,4,VectorPPI++,1444.4444444444443,0.23202291529163466,0.2351771798963433,0.0031542646047086342,9.949385196517716e-06,1.0,0.23273043162992296,0.002446748266420329,5.986577079230884e-06,1.0,0.21433812606947913,0.2560162337232075,0.041678107653728313,0.0001130472002093394,1440.9553552714315,3.4890891730128715,0.0073690637946128845,200,5,0.0001,ledoitwolf
4,0,4,Classical,1755.5555555555554,0.23202291529163466,0.22645491589666317,-0.00556799939497149,3.100261726240288e-05,1.0,0.23273043162992296,-0.0062755157332597955,3.938209771839123e-05,1.0,0.20798268953888716,0.24492714225443918,0.036944452715552016,8.8826449153829e-05,1752.0,3.5555555555554292,0.007289992645382881,200,5,0.0001,ledoitwolf
4,0,4,MultiPPI,1755.5555555555554,0.23202291529163466,0.23753549384165504,0.0055125785500203806,3.03885222701448e-05,1.0,0.23273043162992296,0.004805062211732075,2.308862285861554e-05,1.0,0.2208709423287571,0.254200045354553,0.033329103025795864,7.229213954605112e-05,1755.516663173339,0.038892382216317856,0.01725795678794384,200,5,0.0001,ledoitwolf
4,0,4,OMPPI(DAG),1755.5555555555554,0.23202291529163466,0.22203596659636163,-0.009986948695273029,9.973914424201566e-05,1.0,0.23273043162992296,-0.010694465033561334,0.00011437158235406603,1.0,0.20529385531957262,0.23877807787315064,0.03348422255357803,7.296662624480195e-05,1753.9450848878641,1.6104706676912883,0.014739152044057846,200,5,0.0001,ledoitwolf
4,0,4,OMPPI(Exhaustive),1755.5555555555554,0.23202291529163466,0.2200098779882059,-0.012013037303428759,0.0001443130652535709,1.0,0.23273043162992296,-0.012720553641717064,0.00016181248495180127,1.0,0.20345111258286042,0.23656864339355138,0.03311753081069096,7.137723571893491e-05,1753.9450848878641,1.6104706676912883,0.01411835290491581,200,5,0.0001,ledoitwolf
4,0,4,VectorPPI++,1755.5555555555554,0.23202291529163466,0.2201317598811154,-0.011891155410519244,0.0001413995769971211,1.0,0.23273043162992296,-0.01259867174880755,0.00015872652983420148,1.0,0.2014321818813061,0.23883133788092473,0.03739915599961865,9.10264130614237e-05,1752.9402640955775,2.615291459977925,0.007706403732299805,200,5,0.0001,ledoitwolf
4,0,4,Classical,2066.6666666666665,0.23202291529163466,0.2173281840919049,-0.01469473119972975,0.00021593512503231092,1.0,0.23273043162992296,-0.015402247538018055,0.00023722922922238322,1.0,0.20038843689767774,0.23426793128613208,0.033879494388454334,7.469949526947587e-05,2064.0,2.666666666666515,0.006499072536826134,200,5,0.0001,ledoitwolf
4,0,4,MultiPPI,2066.6666666666665,0.23202291529163466,0.23480544942675485,0.002782534135120196,7.742496213109097e-06,1.0,0.23273043162992296,0.0020750177968318906,4.305698857169073e-06,1.0,0.2194586244011226,0.25015227445238714,0.030693650051264523,6.131135315015948e-05,2066.617061412702,0.049605253964728035,0.01501869224011898,200,5,0.0001,ledoitwolf
4,0,4,OMPPI(DAG),2066.6666666666665,0.23202291529163466,0.24231271693108533,0.010289801639450674,0.00010588001777924178,1.0,0.23273043162992296,0.009582285301162369,9.182019159287238e-05,1.0,0.22699774276084692,0.2576276911013237,0.03062994834047682,6.105712563454953e-05,2064.738210018864,1.9284566478027045,0.014548450708389282,200,5,0.0001,ledoitwolf
4,0,4,OMPPI(Exhaustive),2066.6666666666665,0.23202291529163466,0.2482011508095715,0.016178235517936845,0.00026173530447383327,0.0,0.23273043162992296,0.01547071917964854,0.0002393431519355452,0.0,0.23314772633900385,0.2632545752801392,0.030106848941135314,5.898946178216198e-05,2064.738210018864,1.9284566478027045,0.013977162539958954,200,5,0.0001,ledoitwolf
4,0,4,VectorPPI++,2066.6666666666665,0.23202291529163466,0.23654213077460276,0.004519215482968103,2.0423308581498625e-05,1.0,0.23273043162992296,0.0038116991446797976,1.45290503695527e-05,1.0,0.21915419051435764,0.2539300710348479,0.034775880520490215,7.870459651034913e-05,2064.6726053238317,1.9940613428348115,0.006682578474283218,200,5,0.0001,ledoitwolf
4,0,4,Classical,2377.7777777777774,0.23202291529163466,0.22419991070486836,-0.007823004586766297,6.119940076456652e-05,1.0,0.23273043162992296,-0.008530520925054602,7.276978725279443e-05,1.0,0.2081992630416022,0.24020055836813453,0.03200129532653235,6.664674478997125e-05,2374.0,3.7777777777773736,0.006377341225743294,200,5,0.0001,ledoitwolf
4,0,4,MultiPPI,2377.7777777777774,0.23202291529163466,0.227502020800126,-0.004520894491508665,2.043848700335339e-05,1.0,0.23273043162992296,-0.00522841082979697,2.733627980513824e-05,1.0,0.21346155628283792,0.24154248531741407,0.02808092903457616,5.1317651200437625e-05,2377.747013204779,0.030764572998577933,0.015846123918890953,200,5,0.0001,ledoitwolf
4,0,4,OMPPI(DAG),2377.7777777777774,0.23202291529163466,0.23680018202301842,0.004777266731383761,2.2822277422786088e-05,1.0,0.23273043162992296,0.004069750393095456,1.656286826210062e-05,1.0,0.22279502161736284,0.25080534242867397,0.028010320811311138,5.1059903839526376e-05,2375.054915112136,2.7228626656415145,0.015191439539194107,200,5,0.0001,ledoitwolf
4,0,4,OMPPI(Exhaustive),2377.7777777777774,0.23202291529163466,0.22367904361000923,-0.008343871681625425,6.96201946394307e-05,1.0,0.23273043162992296,-0.009051388019913731,8.192762508703781e-05,1.0,0.20937852522697323,0.23797956199304524,0.02860103676607201,5.323624059741921e-05,2375.054915112136,2.7228626656415145,0.012157265096902847,200,5,0.0001,ledoitwolf
4,0,4,VectorPPI++,2377.7777777777774,0.23202291529163466,0.23291882071764386,0.0008959054260092025,8.026465323527306e-07,1.0,0.23273043162992296,0.00018838908772089713,3.5490448372311875e-08,1.0,0.2166606404712032,0.24917700096408452,0.03251636049288133,6.880938655434841e-05,2375.0750366799416,2.7027410978357693,0.006621193140745163,200,5,0.0001,ledoitwolf
4,0,4,Classical,2688.8888888888887,0.23202291529163466,0.23849865024730765,0.006475734955672996,4.193514321612514e-05,1.0,0.23273043162992296,0.0057682186173846905,3.327234601794335e-05,1.0,0.22315531111916248,0.2538419893754528,0.030686678256290362,6.128350363488539e-05,2686.0,2.888888888888687,0.005826272070407867,200,5,0.0001,ledoitwolf
4,0,4,MultiPPI,2688.8888888888887,0.23202291529163466,0.23391401885499336,0.0018911035633586981,3.5762726873479655e-06,1.0,0.23273043162992296,0.0011835872250703927,1.4008787193498324e-06,1.0,0.2205514057448046,0.2472766319651821,0.026725226220377478,4.648219269478554e-05,2688.8464682456506,0.04242064323807426,0.0170527882874012,200,5,0.0001,ledoitwolf
4,0,4,OMPPI(DAG),2688.8888888888887,0.23202291529163466,0.2259128153921339,-0.006110099899500759,3.733332078187919e-05,1.0,0.23273043162992296,-0.006817616237789065,4.6479891165765124e-05,1.0,0.21266871197101622,0.23915691881325157,0.026488206842235372,4.566137074913808e-05,2685.813665898135,3.0752229907539004,0.01607162319123745,200,5,0.0001,ledoitwolf
4,0,4,OMPPI(Exhaustive),2688.8888888888887,0.23202291529163466,0.22534887403373383,-0.006674041257900831,4.454282671216251e-05,1.0,0.23273043162992296,-0.007381557596189137,5.448739254585754e-05,1.0,0.21233098253589922,0.23836676553156844,0.026035782995669207,4.4114881080196823e-05,2685.813665898135,3.0752229907539004,0.012617669999599457,200,5,0.0001,ledoitwolf
4,0,4,VectorPPI++,2688.8888888888887,0.23202291529163466,0.2297718593497467,-0.0022510559418879583,5.0672528535090835e-06,1.0,0.23273043162992296,-0.0029585722801762637,8.753149937027376e-06,1.0,0.2148457027217516,0.2446980159777418,0.029852313255990214,5.799623582667628e-05,2686.2249004401597,2.6639884487290146,0.006400734186172485,200,5,0.0001,ledoitwolf
4,0,4,Classical,3000.0,0.23202291529163466,0.23571018151968448,0.0036872662280498236,1.3595932236516773e-05,1.0,0.23273043162992296,0.0029797498897615182,8.87890940553378e-06,1.0,0.2211539931022139,0.25026636993715506,0.029112376834941157,5.515681180896243e-05,2999.0,1.0,0.007126634940505028,200,5,0.0001,ledoitwolf
4,0,4,MultiPPI,3000.0,0.23202291529163466,0.23016593540732236,-0.0018569798843122987,3.448374290740518e-06,1.0,0.23273043162992296,-0.002564496222600604,6.576640875732767e-06,1.0,0.2176546314794096,0.2426772393352351,0.025022607855825517,4.074825041293058e-05,2999.9697128484595,0.030287151540505874,0.015687493607401848,200,5,0.0001,ledoitwolf
4,0,4,OMPPI(DAG),3000.0,0.23202291529163466,0.22297943448177301,-0.009043480809861643,8.17845451583358e-05,1.0,0.23273043162992296,-0.009750997148149948,9.508194538322841e-05,1.0,0.21048388409604585,0.23547498486750018,0.02499110077145434,4.064569912896612e-05,2997.095996646405,2.904003353594817,0.01734822802245617,200,5,0.0001,ledoitwolf
4,0,4,OMPPI(Exhaustive),3000.0,0.23202291529163466,0.2253348456634337,-0.006688069628200954,4.473027535166405e-05,1.0,0.23273043162992296,-0.00739558596648926,5.469469178773288e-05,1.0,0.21266849748142816,0.23800119384543925,0.025332696364011073,4.176443995794421e-05,2997.095996646405,2.904003353594817,0.016213299706578255,200,5,0.0001,ledoitwolf
4,0,4,VectorPPI++,3000.0,0.23202291529163466,0.2207093473592297,-0.011313567932404955,0.00012799681936114175,1.0,0.23273043162992296,-0.01202108427069326,0.00014450646704310891,1.0,0.20668109998124976,0.23473759473720965,0.02805649475595988,5.12283831959032e-05,2997.7922867323414,2.207713267658619,0.006092717871069908,200,5,0.0001,ledoitwolf
5,0,5,Classical,200.0,0.23202291529163466,0.24593220357542536,0.013909288283790705,0.00019346830056159736,1.0,0.2330969259437009,0.012835277631724457,0.00016474435188344616,1.0,0.18688999608223922,0.3049744110686115,0.1180844149863723,0.0009074631353300709,197.0,3.0,0.008176509290933609,200,5,0.0001,ledoitwolf
5,0,5,MultiPPI,200.0,0.23202291529163466,0.24609512498920424,0.014072209697569588,0.00019802708577237155,1.0,0.2330969259437009,0.01299819904550334,0.00016895317842652392,1.0,0.19746130844582596,0.29472894153258256,0.09726763308675658,0.000615716117750181,199.95472647243764,0.04527352756235814,0.45820621214807034,200,5,0.0001,ledoitwolf
5,0,5,OMPPI(DAG),200.0,0.23202291529163466,0.22836800087475007,-0.0036549144168845915,1.3358399394750833e-05,1.0,0.2330969259437009,-0.00472892506895084,2.2362732307751708e-05,1.0,0.17438427268316103,0.2823517290663391,0.10796745638317805,0.0007586292201713046,198.0826870677007,1.9173129322992963,0.019878346472978592,200,5,0.0001,ledoitwolf
5,0,5,OMPPI(Exhaustive),200.0,0.23202291529163466,0.2999300486701475,0.06790713337851284,0.004611378763687133,0.0,0.2330969259437009,0.06683312272644659,0.004466666293368272,0.0,0.24943431011709263,0.3504257872232024,0.10099147710610974,0.000663763359451485,198.0826870677007,1.9173129322992963,0.01816098392009735,200,5,0.0001,ledoitwolf
5,0,5,VectorPPI++,200.0,0.23202291529163466,0.19069563941699663,-0.041327275874638025,0.0017079437312184382,1.0,0.2330969259437009,-0.042401286526704274,0.0017978690991196733,1.0,0.13202526659826688,0.24936601223572638,0.11734074563745948,0.0008960691256523108,197.3148186962901,2.6851813037098964,0.007690785452723503,200,5,0.0001,ledoitwolf
5,0,5,Classical,511.1111111111111,0.23202291529163466,0.22758280108874337,-0.004440114202891282,1.9714614134716885e-05,1.0,0.2330969259437009,-0.005514124854957531,3.040557291606041e-05,1.0,0.19228237329643466,0.2628832288810521,0.07060085558461743,0.00032438723424733635,508.0,3.111111111111086,0.007703408598899841,200,5,0.0001,ledoitwolf
5,0,5,MultiPPI,511.1111111111111,0.23202291529163466,0.22575177682514525,-0.006271138466489412,3.932717766588318e-05,1.0,0.2330969259437009,-0.0073451491185556606,5.3951215573818994e-05,1.0,0.19635607094380292,0.25514748270648757,0.058791411762684626,0.0002249425451621123,511.06780549151125,0.0433056195998347,0.01984366402029991,200,5,0.0001,ledoitwolf
5,0,5,OMPPI(DAG),511.1111111111111,0.23202291529163466,0.22891459327190494,-0.0031083220197297146,9.661665778336612e-06,1.0,0.2330969259437009,-0.004182332671795963,1.7491906577571957e-05,1.0,0.19575121996644929,0.2620779665773606,0.06632674661091129,0.0002862999137390936,507.9496960804863,3.1614150306247666,0.019976723939180374,200,5,0.0001,ledoitwolf
5,0,5,OMPPI(Exhaustive),511.1111111111111,0.23202291529163466,0.2190804709555926,-0.012942444336042053,0.00016750686539154702,1.0,0.2330969259437009,-0.014016454988108301,0.00019646101043366607,1.0,0.1912147194103269,0.24694622250085832,0.05573150309053144,0.0002021367780905095,507.9496960804863,3.1614150306247666,0.018277116119861603,200,5,0.0001,ledoitwolf
5,0,5,VectorPPI++,511.1111111111111,0.23202291529163466,0.22430069402752348,-0.007722221264111179,5.963270125189085e-05,1.0,0.2330969259437009,-0.008796231916177427,7.737369592317841e-05,1.0,0.18352372202904488,0.2650776660260021,0.08155394399695717,0.00043284635420463965,508.98553762313975,2.1255734879713373,0.00813259743154049,200,5,0.0001,ledoitwolf
5,0,5,Classical,822.2222222222222,0.23202291529163466,0.23461697025950423,0.0025940549678695746,6.729121176328819e-06,1.0,0.2330969259437009,0.001520044315803326,2.3105347220060018e-06,1.0,0.2064045019610407,0.26282943855796775,0.05642493659692704,0.0002071982037667626,819.0,3.2222222222221717,0.007673695683479309,200,5,0.0001,ledoitwolf
5,0,5,MultiPPI,822.2222222222222,0.23202291529163466,0.22776781960044878,-0.004255095691185873,1.810583934114858e-05,1.0,0.2330969259437009,-0.005329106343252121,2.8399374417689995e-05,1.0,0.20396414280948602,0.2515714963914115,0.047607353581925506,0.0001474999616594186,822.1804653112555,0.04175691096668288,0.020273147150874138,200,5,0.0001,ledoitwolf
5,0,5,OMPPI(DAG),822.2222222222222,0.23202291529163466,0.22011228159533797,-0.01191063369629669,0.00014186319504735817,1.0,0.2330969259437009,-0.01298464434836294,0.0001686009888534736,1.0,0.19631045356227678,0.24391410962839916,0.04760365606612235,0.0001474770508181705,819.9684552504716,2.253766971750565,0.019890442490577698,200,5,0.0001,ledoitwolf
5,0,5,OMPPI(Exhaustive),822.2222222222222,0.23202291529163466,0.24517916314814367,0.013156247856509012,0.000173086857661898,1.0,0.2330969259437009,0.012082237204442764,0.0001459804558644209,1.0,0.22071490526230797,0.26964342103397937,0.04892851577167137,0.0001558001639066194,819.9684552504716,2.253766971750565,0.018493104726076126,200,5,0.0001,ledoitwolf
5,0,5,VectorPPI++,822.2222222222222,0.23202291529163466,0.24760858387658063,0.015585668584945978,0.00024291306523977196,1.0,0.2330969259437009,0.014511657932879729,0.00021058821596091118,1.0,0.21815718414925506,0.2770599836039062,0.05890279945465114,0.0002257957162591638,820.0737790819535,2.1484431402686823,0.008027063682675362,200,5,0.0001,ledoitwolf
5,0,5,Classical,1133.3333333333333,0.23202291529163466,0.23606733605053382,0.004044420758899159,1.6357339275014447e-05,1.0,0.2330969259437009,0.0029704101068329103,8.823336202775101e-06,1.0,0.21223428714684134,0.2599003849542263,0.047666097807384976,0.00014786419601477374,1132.0,1.3333333333332575,0.007349174469709396,200,5,0.0001,ledoitwolf
5,0,5,MultiPPI,1133.3333333333333,0.23202291529163466,0.23017273856767267,-0.0018501767239619826,3.4231539098906946e-06,1.0,0.2330969259437009,-0.002924187376028231,8.550871810122872e-06,1.0,0.2110551203233217,0.24929035681202366,0.03823523648870195,9.514180533912402e-05,1133.2802347516244,0.053098581708809434,0.021644264459609985,200,5,0.0001,ledoitwolf
5,0,5,OMPPI(DAG),1133.3333333333333,0.23202291529163466,0.24165176154685855,0.009628846255223894,9.271468020673921e-05,1.0,0.2330969259437009,0.008554835603157646,7.318521219705364e-05,1.0,0.22118778338276965,0.2621157397109474,0.04092795632817779,0.00010901441922124718,1130.9582896667366,2.375043666596639,0.01967748813331127,200,5,0.0001,ledoitwolf
5,0,5,OMPPI(Exhaustive),1133.3333333333333,0.23202291529163466,0.23143501149771545,-0.0005879037939192089,3.456308709045996e-07,1.0,0.2330969259437009,-0.0016619144459854573,2.7619596257751494e-06,1.0,0.21217605127846212,0.2506939717169688,0.03851792043850664,9.655382656419091e-05,1130.9582896667366,2.375043666596639,0.018496602773666382,200,5,0.0001,ledoitwolf
5,0,5,VectorPPI++,1133.3333333333333,0.23202291529163466,0.2157168739282216,-0.01630604136341307,0.00026588698494533797,1.0,0.2330969259437009,-0.01738005201547932,0.0003020662080607667,1.0,0.1931672919652401,0.23826645589120307,0.045099163925962985,0.00013236732981907658,1131.744498008803,1.588835324530237,0.007890796288847923,200,5,0.0001,ledoitwolf
5,0,5,Classical,1444.4444444444443,0.23202291529163466,0.23482501197493535,0.0028020966833006977,7.85174582256477e-06,1.0,0.2330969259437009,0.0017280860312344493,2.9862813313476298e-06,1.0,0.21430275130920312,0.2553472726406676,0.04104452133146447,0.00010963626124623122,1442.0,2.4444444444443434,0.007337536662817001,200,5,0.0001,ledoitwolf
5,0,5,MultiPPI,1444.4444444444443,0.23202291529163466,0.23499538864116637,0.0029724733495317124,8.835597813676277e-06,1.0,0.2330969259437009,0.001898462697465464,3.6041606136678456e-06,1.0,0.21625267491930933,0.2537381023630234,0.03748542744371411,9.144685236948946e-05,1444.4099769440368,0.034467500407572516,0.018882302567362785,200,5,0.0001,ledoitwolf
5,0,5,OMPPI(DAG),1444.4444444444443,0.23202291529163466,0.21697709217031333,-0.015045823121321328,0.00022637679339808747,1.0,0.2330969259437009,-0.016119833773387576,0.00025984904088164674,1.0,0.19891889716164743,0.23503528717897923,0.03611639001733179,8.488921063380866e-05,1442.6263885977783,1.818055846666084,0.019462015479803085,200,5,0.0001,ledoitwolf
5,0,5,OMPPI(Exhaustive),1444.4444444444443,0.23202291529163466,0.23223965248107856,0.00021673718944389964,4.697500928804084e-08,1.0,0.2330969259437009,-0.0008572734626223488,7.349177897165117e-07,1.0,0.21377051945982387,0.2507087855023332,0.03693826604250938,8.879670210682214e-05,1442.6263885977783,1.818055846666084,0.018939804285764694,200,5,0.0001,ledoitwolf
5,0,5,VectorPPI++,1444.4444444444443,0.23202291529163466,0.23673406829585567,0.004711153004221008,2.219496262918063e-05,1.0,0.2330969259437009,0.0036371423521547597,1.3228804489837858e-05,1.0,0.21494066553299626,0.25852747105871504,0.04358680552571879,0.00012363855143405827,1442.9976944036891,1.4467500407552052,0.00803743489086628,200,5,0.0001,ledoitwolf
5,0,5,Classical,1755.5555555555554,0.23202291529163466,0.23131087310501644,-0.0007120421866182169,5.070040755240517e-07,1.0,0.2330969259437009,-0.0017860528386844654,3.189984742572837e-06,1.0,0.21255881256252168,0.2500629336475112,0.037504121084989496,9.153808253653216e-05,1752.0,3.5555555555554292,0.007318189367651939,200,5,0.0001,ledoitwolf
5,0,5,MultiPPI,1755.5555555555554,0.23202291529163466,0.21915033870669884,-0.012872576584935819,0.0001657032279350379,1.0,0.2330969259437009,-0.013946587237002067,0.00019450729555930895,1.0,0.20246139418837006,0.23583928322502762,0.03337788903665759,7.250393200506311e-05,1755.5223223642843,0.0332331912711652,0.023142071440815926,200,5,0.0001,ledoitwolf
5,0,5,OMPPI(DAG),1755.5555555555554,0.23202291529163466,0.2354750635938357,0.00345214830220103,1.1917327900389456e-05,1.0,0.2330969259437009,0.0023781376501347817,5.655538682988581e-06,1.0,0.21823246829128515,0.25271765889638625,0.034485190605101086,7.739431987814899e-05,1754.0734646824565,1.4820908730989686,0.019490718841552734,200,5,0.0001,ledoitwolf
5,0,5,OMPPI(Exhaustive),1755.5555555555554,0.23202291529163466,0.23511108293467853,0.003088167643043871,9.536779391543137e-06,1.0,0.2330969259437009,0.0020141569909776225,4.05682838430403e-06,1.0,0.2189256303017314,0.25129653556762566,0.032370905265894256,6.819515427892551e-05,1754.0734646824565,1.4820908730989686,0.018834594637155533,200,5,0.0001,ledoitwolf
5,0,5,VectorPPI++,1755.5555555555554,0.23202291529163466,0.22597685170893664,-0.006046063582698019,3.655488484602721e-05,1.0,0.2330969259437009,-0.007120074234764268,5.069545710855397e-05,1.0,0.20647120914819653,0.24548249426967675,0.03901128512148022,9.904312644398145e-05,1754.5034583944666,1.0520971610887955,0.007988689467310905,200,5,0.0001,ledoitwolf
5,0,5,Classical,2066.6666666666665,0.23202291529163466,0.2333745495209542,0.0013516342293195538,1.826915089868264e-06,1.0,0.2330969259437009,0.00027762357725330533,7.707485064692199e-08,1.0,0.21587245551065085,0.25087664353125755,0.035004188020606716,7.974139748559015e-05,2064.0,2.666666666666515,0.007313469424843788,200,5,0.0001,ledoitwolf
5,0,5,MultiPPI,2066.6666666666665,0.23202291529163466,0.22549335485294852,-0.006529560438686133,4.263515952245504e-05,1.0,0.2330969259437009,-0.007603571090752381,5.781429333212536e-05,1.0,0.2101206714711234,0.24086603823477365,0.030745366763650243,6.151813813147708e-05,2066.626493397611,0.04017326905568552,0.018921969458460808,200,5,0.0001,ledoitwolf
5,0,5,OMPPI(DAG),2066.6666666666665,0.23202291529163466,0.23188794481448038,-0.00013497047715427257,1.8217029703252016e-08,1.0,0.2330969259437009,-0.001208981129220521,1.4616353708113262e-06,1.0,0.21676739965637123,0.24700848997258953,0.030241090316218296,5.951668273697803e-05,2065.2106476629638,1.4560190037027496,0.01932758092880249,200,5,0.0001,ledoitwolf
5,0,5,OMPPI(Exhaustive),2066.6666666666665,0.23202291529163466,0.22818855926550635,-0.003834356026128305,1.4702286135106446e-05,1.0,0.2330969259437009,-0.004908366678194553,2.4092063447610636e-05,1.0,0.2127972846797729,0.2435798338512398,0.030782549171466885,6.166702402152512e-05,2065.2106476629638,1.4560190037027496,0.01880408264696598,200,5,0.0001,ledoitwolf
5,0,5,VectorPPI++,2066.6666666666665,0.23202291529163466,0.23872844137600807,0.006705526084373414,4.496408006821225e-05,1.0,0.2330969259437009,0.005631515432307166,3.1713966064313764e-05,1.0,0.22016516549708637,0.2572917172549298,0.037126551757843414,8.970425753377998e-05,2064.3391322573884,2.327534409278087,0.008059525862336159,200,5,0.0001,ledoitwolf
5,0,5,Classical,2377.7777777777774,0.23202291529163466,0.24071491485868465,0.008691999567049996,7.555085647359732e-05,1.0,0.2330969259437009,0.007617988914983748,5.803375510881526e-05,1.0,0.22416163618681367,0.25726819353055563,0.033106557343741974,7.132994197738322e-05,2375.0,2.7777777777773736,0.007532235234975815,200,5,0.0001,ledoitwolf
5,0,5,MultiPPI,2377.7777777777774,0.23202291529163466,0.25127435360647055,0.01925143831483589,0.0003706178771899313,0.0,0.2330969259437009,0.01817742766276964,0.000330418876435223,0.0,0.23683452370953714,0.265714183503404,0.02887965979386681,5.4278516882473235e-05,2377.7309788304337,0.04679894734363188,0.02018527314066887,200,5,0.0001,ledoitwolf
5,0,5,OMPPI(DAG),2377.7777777777774,0.23202291529163466,0.23774636270631264,0.005723447414677979,3.275785030858404e-05,1.0,0.2330969259437009,0.0046494367626117306,2.161726220952545e-05,1.0,0.2236553586851209,0.2518373667275044,0.02818200804238349,5.168775811304002e-05,2374.7049884720186,3.0727893057587607,0.01838400773704052,200,5,0.0001,ledoitwolf
5,0,5,OMPPI(Exhaustive),2377.7777777777774,0.23202291529163466,0.2374439407729763,0.005421025481341629,2.9387517269355243e-05,1.0,0.2330969259437009,0.004347014829275381,1.889653792594007e-05,1.0,0.2232026383883755,0.25168524315757707,0.028482604769201534,5.279626909367423e-05,2374.7049884720186,3.0727893057587607,0.018275873735547066,200,5,0.0001,ledoitwolf
5,0,5,VectorPPI++,2377.7777777777774,0.23202291529163466,0.24465693198968524,0.012634016698050587,0.00015961837792662106,1.0,0.2330969259437009,0.011560006045984339,0.00013363373978319447,1.0,0.22722474943560086,0.26208911454376965,0.034864365108168774,7.910562179188345e-05,2375.2624187801302,2.5153589976471267,0.00833062268793583,200,5,0.0001,ledoitwolf
5,0,5,Classical,2688.8888888888887,0.23202291529163466,0.22263133613157193,-0.009391579160062724,8.820175911972446e-05,1.0,0.2330969259437009,-0.010465589812128973,0.00010952857011573774,1.0,0.20746394278735486,0.237798729475789,0.03033478668843415,5.988605672899858e-05,2687.0,1.8888888888886868,0.007558437064290047,200,5,0.0001,ledoitwolf
5,0,5,MultiPPI,2688.8888888888887,0.23202291529163466,0.21969861763892085,-0.012324297652713812,0.00015188831263268716,1.0,0.2330969259437009,-0.01339830830478006,0.0001795146654299383,0.0,0.20647904939464587,0.23291818588319582,0.026439136488549977,4.549234879822721e-05,2688.8394466568852,0.04944223200345732,0.021593285724520683,200,5,0.0001,ledoitwolf
5,0,5,OMPPI(DAG),2688.8888888888887,0.23202291529163466,0.2304402462505224,-0.0015826690411122613,2.5048412936952043e-06,1.0,0.2330969259437009,-0.0026566796931785097,7.05794699214706e-06,1.0,0.21770604294278964,0.24317444955825515,0.02546840661546552,4.221311263551975e-05,2685.723747642004,3.1651412468845592,0.020276764407753944,200,5,0.0001,ledoitwolf
5,0,5,OMPPI(Exhaustive),2688.8888888888887,0.23202291529163466,0.23417450022454642,0.00215158493291176,4.629317723532902e-06,1.0,0.2330969259437009,0.0010775742808455113,1.161166330739721e-06,1.0,0.22071559762559562,0.24763340282349722,0.026917805197901604,4.71544971905526e-05,2685.723747642004,3.1651412468845592,0.019188567996025085,200,5,0.0001,ledoitwolf
5,0,5,VectorPPI++,2688.8888888888887,0.23202291529163466,0.2449521406125548,0.01292922532092014,0.0001671648673991225,1.0,0.2330969259437009,0.011855214668853892,0.00014054611484460848,1.0,0.2294017023187733,0.26050257890633627,0.03110087658756299,6.294903639888855e-05,2687.3506602389434,1.5382286499452675,0.008256146684288979,200,5,0.0001,ledoitwolf
5,0,5,Classical,3000.0,0.23202291529163466,0.24322280078486774,0.011199885493233086,0.00012543743506153291,1.0,0.2330969259437009,0.010125874841166838,0.00010253334129897553,1.0,0.22856874853153672,0.25787685303819874,0.029308104506662037,5.5900963010857856e-05,2998.0,2.0,0.007660459727048874,200,5,0.0001,ledoitwolf
5,0,5,MultiPPI,3000.0,0.23202291529163466,0.2236754265107149,-0.00834748878091976,6.968056894758125e-05,1.0,0.2330969259437009,-0.009421499432986008,8.876465156575567e-05,1.0,0.21101377008249575,0.23633708293893405,0.02532331285643828,4.173350567826594e-05,2999.970027247956,0.02997275204415928,0.01919207163155079,200,5,0.0001,ledoitwolf
5,0,5,OMPPI(DAG),3000.0,0.23202291529163466,0.2257054088682564,-0.00631750642337825,3.9910887409425446e-05,1.0,0.2330969259437009,-0.007391517075444498,5.463452467658759e-05,1.0,0.21297534378583846,0.23843547395067435,0.025460130164835917,4.218568116091761e-05,2997.6759589184653,2.3240410815346877,0.02121659927070141,200,5,0.0001,ledoitwolf
5,0,5,OMPPI(Exhaustive),3000.0,0.23202291529163466,0.23724228554338583,0.005219370251751176,2.724182582486514e-05,1.0,0.2330969259437009,0.004145359599684928,1.7184006210699988e-05,1.0,0.22457442915200881,0.24991014193476285,0.025335712782754035,4.17743865138075e-05,2997.6759589184653,2.3240410815346877,0.019085662439465523,200,5,0.0001,ledoitwolf
5,0,5,VectorPPI++,3000.0,0.23202291529163466,0.2304633554588082,-0.0015595598328264626,2.432226872165704e-06,1.0,0.2330969259437009,-0.002633570484892711,6.935693498898029e-06,1.0,0.21480005329466428,0.2461266576229521,0.03132660432828782,6.386611080239154e-05,2998.1863341018657,1.8136658981343317,0.008429480716586113,200,5,0.0001,ledoitwolf
6,0,6,Classical,200.0,0.23202291529163466,0.2545868347338936,0.02256391944225894,0.000509130460596751,1.0,0.23202538203193485,0.02256145270195875,0.0005090191480227218,1.0,0.19520364687735497,0.3139700225904322,0.11876637571307723,0.0009179749581092126,197.0,3.0,0.008646992966532707,200,5,0.0001,ledoitwolf
6,0,6,MultiPPI,200.0,0.23202291529163466,0.22153216672685971,-0.010490748564774943,0.00011005580544932753,1.0,0.23202538203193485,-0.010493215305075132,0.000110107567438663,1.0,0.1737940973071522,0.26927023614656725,0.09547613883941504,0.0005932442278553512,199.95923286522742,0.04076713477257954,0.41028520837426186,200,5,0.0001,ledoitwolf
6,0,6,OMPPI(DAG),200.0,0.23202291529163466,0.18771625953231563,-0.044306655759319025,0.0019630797445747976,1.0,0.23202538203193485,-0.04430912249961921,0.001963298336686262,1.0,0.13951339428963191,0.23591912477499935,0.09640573048536745,0.0006048525641059674,196.9302033116747,3.0697966883253116,0.017748700454831123,200,5,0.0001,ledoitwolf
6,0,6,OMPPI(Exhaustive),200.0,0.23202291529163466,0.20993680601127454,-0.022086109280360117,0.00048779622314400927,1.0,0.23202538203193485,-0.022088576020660305,0.00048790519062048946,1.0,0.16086195969247447,0.2590116523300746,0.09814969263760015,0.0006269338430077651,196.9302033116747,3.0697966883253116,0.016965871676802635,200,5,0.0001,ledoitwolf
6,0,6,VectorPPI++,200.0,0.23202291529163466,0.22804625839523848,-0.003976656896396175,1.5813800071655255e-05,1.0,0.23202538203193485,-0.003979123636696363,1.5833424916115693e-05,1.0,0.17013666780879164,0.28595584898168536,0.11581918117289369,0.0008729810310146537,198.8302242716412,1.1697757283587862,0.008584465831518173,200,5,0.0001,ledoitwolf
6,0,6,Classical,511.1111111111111,0.23202291529163466,0.2553393173581243,0.02331640206648966,0.0005436546053262033,1.0,0.23202538203193485,0.023313935326189472,0.0005435395803937454,1.0,0.2193845230852376,0.29129411163101104,0.07190958854577346,0.00033652507850442557,508.0,3.111111111111086,0.00763336755335331,200,5,0.0001,ledoitwolf
6,0,6,MultiPPI,511.1111111111111,0.23202291529163466,0.2542961588209075,0.022273243529272846,0.0004960973773142947,1.0,0.23202538203193485,0.022270776788972657,0.0004959874987842432,1.0,0.22322370613194126,0.28536861150987375,0.06214490537793249,0.00025133610984110123,511.06267029972753,0.04844081138355705,0.01999042183160782,200,5,0.0001,ledoitwolf
6,0,6,OMPPI(DAG),511.1111111111111,0.23202291529163466,0.23115494664318317,-0.0008679686484514837,7.533695746946953e-07,1.0,0.23202538203193485,-0.0008704353887516725,7.576577659912752e-07,1.0,0.20197403741458525,0.2603358558717811,0.058361818457195874,0.00022166721111793863,508.1857053028715,2.9254058082395886,0.017922809347510338,200,5,0.0001,ledoitwolf
6,0,6,OMPPI(Exhaustive),511.1111111111111,0.23202291529163466,0.2256191716916168,-0.006403743600017858,4.1007932094769677e-05,1.0,0.23202538203193485,-0.006406210340318047,4.103953092439787e-05,1.0,0.19569460808688083,0.25554373529635277,0.059849127209471956,0.00023310922978267982,508.1857053028715,2.9254058082395886,0.016704944893717766,200,5,0.0001,ledoitwolf
6,0,6,VectorPPI++,511.1111111111111,0.23202291529163466,0.22332309415895144,-0.008699821132683222,7.568688774068158e-05,1.0,0.23202538203193485,-0.00870228787298341,7.572981422427414e-05,1.0,0.18855027889044368,0.2580959094274592,0.0695456305370155,0.000314762890385294,508.6864389016977,2.424672209413359,0.00825345516204834,200,5,0.0001,ledoitwolf
6,0,6,Classical,822.2222222222222,0.23202291529163466,0.2214924471934022,-0.010530468098232465,0.00011089075836789167,1.0,0.23202538203193485,-0.010532934838532654,0.0001109427163127749,1.0,0.1941979154260844,0.24878697896072,0.054589063534635614,0.00019393451789299825,819.0,3.2222222222221717,0.007629020139575005,200,5,0.0001,ledoitwolf
6,0,6,MultiPPI,822.2222222222222,0.23202291529163466,0.2111448849689151,-0.020878030322719565,0.00043589215015639763,1.0,0.23202538203193485,-0.020880497063019754,0.0004359951575987766,1.0,0.1867557637589784,0.23553400617885178,0.04877824241987337,0.00015484462053546154,822.1895828966673,0.03263932555489646,0.019127532839775085,200,5,0.0001,ledoitwolf
6,0,6,OMPPI(DAG),822.2222222222222,0.23202291529163466,0.22438527387028157,-0.007637641421353092,5.833356648116848e-05,1.0,0.23202538203193485,-0.007640108161653281,5.8371252721761074e-05,1.0,0.19999714886392211,0.24877339887664102,0.04877625001271893,0.00015483197115681772,819.5216935652902,2.700528656931965,0.01744573377072811,200,5,0.0001,ledoitwolf
6,0,6,OMPPI(Exhaustive),822.2222222222222,0.23202291529163466,0.24211704057652872,0.010094125284894062,0.00010189136526713763,1.0,0.23202538203193485,0.010091658544593873,0.00010184157218067453,1.0,0.21805656825028685,0.2661775129027706,0.048120944652483705,0.000150699605431992,819.5216935652902,2.700528656931965,0.016187872737646103,200,5,0.0001,ledoitwolf
6,0,6,VectorPPI++,822.2222222222222,0.23202291529163466,0.2259354517042899,-0.006087463587344744,3.7057212927248134e-05,1.0,0.23202538203193485,-0.006089930327644932,3.7087251395569515e-05,1.0,0.197293554686596,0.2545773487219838,0.057283794035387796,0.00021355383542129172,820.7952211276462,1.427001094575985,0.008313151076436043,200,5,0.0001,ledoitwolf
6,0,6,Classical,1133.3333333333333,0.23202291529163466,0.24417704754206043,0.012154132250425775,0.00014772293076083994,1.0,0.23202538203193485,0.012151665510125587,0.00014766297466997573,1.0,0.22015094235476387,0.268203152729357,0.04805221037459313,0.00015026940477959701,1131.0,2.3333333333332575,0.007641753181815147,200,5,0.0001,ledoitwolf
6,0,6,MultiPPI,1133.3333333333333,0.23202291529163466,0.2498602919053369,0.017837376613702244,0.0003181720044590517,1.0,0.23202538203193485,0.017834909873402055,0.0003180840101923741,1.0,0.22857009536776812,0.2711504884429057,0.042580393075137585,0.00011799487896798616,1133.3112555019911,0.022077831342130594,0.022575704380869865,200,5,0.0001,ledoitwolf
6,0,6,OMPPI(DAG),1133.3333333333333,0.23202291529163466,0.23512685731229993,0.0031039420206652735,9.63445606765162e-06,1.0,0.23202538203193485,0.0031014752803650847,9.619148914715681e-06,1.0,0.2156362428412402,0.2546174717833597,0.03898122894211949,9.889057001288933e-05,1130.8784321945084,2.45490113882488,0.01769399642944336,200,5,0.0001,ledoitwolf
6,0,6,OMPPI(Exhaustive),1133.3333333333333,0.23202291529163466,0.2106708785567718,-0.021352036734862856,0.00045590947272693285,0.0,0.23202538203193485,-0.021354503475163045,0.0004560148186707506,0.0,0.19027167919575644,0.23107007791778716,0.04079839872203074,0.00010832534044846496,1130.8784321945084,2.45490113882488,0.016151925548911095,200,5,0.0001,ledoitwolf
6,0,6,VectorPPI++,1133.3333333333333,0.23202291529163466,0.23685702405313885,0.004834108761504197,2.3368607518051637e-05,1.0,0.23202538203193485,0.004831642021204008,2.334476462106435e-05,1.0,0.21301817795288294,0.26069587015339474,0.04767769220051181,0.0001479361383051348,1132.1565709494864,1.1767623838468353,0.008289532735943794,200,5,0.0001,ledoitwolf
6,0,6,Classical,1444.4444444444443,0.23202291529163466,0.23861634231185508,0.0065934270202204215,4.3473279870972746e-05,1.0,0.23202538203193485,0.006590960279920233,4.3440757411486195e-05,1.0,0.21775005110505105,0.25948263351865913,0.041732582413608076,0.0001133429067055503,1442.0,2.4444444444443434,0.007656693458557129,200,5,0.0001,ledoitwolf
6,0,6,MultiPPI,1444.4444444444443,0.23202291529163466,0.22673859042009675,-0.005284324871537904,2.792408934795409e-05,1.0,0.23202538203193485,-0.005286791611838093,2.7950165547001622e-05,1.0,0.2087641149896294,0.2447130658505641,0.0359489508609347,8.410392563887899e-05,1444.3892265772377,0.05521786720669297,0.019402552396059036,200,5,0.0001,ledoitwolf
6,0,6,OMPPI(DAG),1444.4444444444443,0.23202291529163466,0.24970388794709297,0.017680972655458316,0.0003126167940430647,1.0,0.23202538203193485,0.017678505915158127,0.0003125295713922809,1.0,0.23121273082873534,0.2681950450654506,0.036982314236715295,8.90086052032716e-05,1442.2179836512262,2.226460793218166,0.017789917066693306,200,5,0.0001,ledoitwolf
6,0,6,OMPPI(Exhaustive),1444.4444444444443,0.23202291529163466,0.22552458542217674,-0.0064983298694579195,4.222829109228898e-05,1.0,0.23202538203193485,-0.006500796609758108,4.2260356561442513e-05,1.0,0.20748068937375488,0.2435684814705986,0.0360877920968437,8.475482877815236e-05,1442.2179836512262,2.226460793218166,0.016132347285747528,200,5,0.0001,ledoitwolf
6,0,6,VectorPPI++,1444.4444444444443,0.23202291529163466,0.22718402440404675,-0.004838890887587904,2.3414865021981256e-05,1.0,0.23202538203193485,-0.004841357627888093,2.3438743681110225e-05,1.0,0.20617767289342478,0.24819037591466872,0.04201270302124394,0.00011486959105501387,1442.4303081115072,2.0141363329371416,0.008475016802549362,200,5,0.0001,ledoitwolf
6,0,6,Classical,1755.5555555555554,0.23202291529163466,0.24919964385349286,0.0171767285618582,0.0002950400040877553,1.0,0.23202538203193485,0.017174261821558012,0.00029495526911542516,1.0,0.2295770765788459,0.2688222111281398,0.03924513454929388,0.00010023409449914918,1753.0,2.5555555555554292,0.007604820653796196,200,5,0.0001,ledoitwolf
6,0,6,MultiPPI,1755.5555555555554,0.23202291529163466,0.2260446945338141,-0.005978220757820563,3.5739123429236664e-05,1.0,0.23202538203193485,-0.005980687498120751,3.576862295017785e-05,1.0,0.20945074919879744,0.24263863986883075,0.03318789067003329,7.16808469475576e-05,1755.5183399706561,0.037215584899286114,0.02102607674896717,200,5,0.0001,ledoitwolf
6,0,6,OMPPI(DAG),1755.5555555555554,0.23202291529163466,0.2291120513558739,-0.00291086393576076,8.473128852512624e-06,1.0,0.23202538203193485,-0.002913330676060949,8.487495628077745e-06,1.0,0.2123160354619909,0.2459080672497569,0.033592031787766,7.343724430621273e-05,1752.9499056801508,2.6056498754046515,0.017865564674139023,200,5,0.0001,ledoitwolf
6,0,6,OMPPI(Exhaustive),1755.5555555555554,0.23202291529163466,0.23222157176604605,0.00019865647441139056,3.946439482556347e-08,1.0,0.23202538203193485,0.00019618973411120177,3.849041177062405e-08,1.0,0.21621698979460666,0.24822615373748544,0.03200916394287879,6.667952359677748e-05,1752.9499056801508,2.6056498754046515,0.01604342646896839,200,5,0.0001,ledoitwolf
6,0,6,VectorPPI++,1755.5555555555554,0.23202291529163466,0.22750154430744435,-0.004521370984190309,2.0442795576678045e-05,1.0,0.23202538203193485,-0.004523837724490498,2.0465107757523368e-05,1.0,0.208772118533201,0.2462309700816877,0.03745885154848672,9.131723290723857e-05,1753.5390903374555,2.0164652180999383,0.008484523743391037,200,5,0.0001,ledoitwolf
6,0,6,Classical,2066.6666666666665,0.23202291529163466,0.2366862315777692,0.004663316286134533,2.174651878452758e-05,1.0,0.23202538203193485,0.004660849545834345,2.1723518488904218e-05,1.0,0.2190204581723567,0.25435200498318167,0.03533154681082494,8.123985302932074e-05,2065.0,1.666666666666515,0.0077188704162836075,200,5,0.0001,ledoitwolf
6,0,6,MultiPPI,2066.6666666666665,0.23202291529163466,0.23387826962105693,0.0018553543294222707,3.442339687705964e-06,1.0,0.23202538203193485,0.001852887589122082,3.433192417922641e-06,1.0,0.21872501339912243,0.24903152584299143,0.03030651244386902,5.9774472367272685e-05,2066.6137078180673,0.05295884859924627,0.021029427647590637,200,5,0.0001,ledoitwolf
6,0,6,OMPPI(DAG),2066.6666666666665,0.23202291529163466,0.23541034845269831,0.0033874331610636577,1.1474703420673725e-05,1.0,0.23202538203193485,0.003384966420763469,1.145799766969625e-05,1.0,0.22031794423317128,0.2505027526722253,0.030184808439054064,5.929535516521273e-05,2065.104171033326,1.5624956333404043,0.017885809764266014,200,5,0.0001,ledoitwolf
6,0,6,OMPPI(Exhaustive),2066.6666666666665,0.23202291529163466,0.22702630923548944,-0.004996606056145214,2.496607208030703e-05,1.0,0.23202538203193485,-0.004999072796445403,2.499072882416046e-05,1.0,0.2122850331160786,0.24176758535490028,0.02948255223882166,5.6568411057298915e-05,2065.104171033326,1.5624956333404043,0.016464799642562866,200,5,0.0001,ledoitwolf
6,0,6,VectorPPI++,2066.6666666666665,0.23202291529163466,0.21738279878975242,-0.014640116501882239,0.00021433301118868465,1.0,0.23202538203193485,-0.014642583242182428,0.00021440524400424165,1.0,0.2001629615103186,0.23460263606918624,0.03443967455886766,7.719015347315355e-05,2065.065395095368,1.6012715712986392,0.008522607386112213,200,5,0.0001,ledoitwolf
6,0,6,Classical,2377.7777777777774,0.23202291529163466,0.21542831508527735,-0.016594600206357307,0.00027538075600883397,0.0,0.23202538203193485,-0.016597066946657496,0.0002754626312318308,0.0,0.19964940533226583,0.23120722483828887,0.031557819506023016,6.481235504919294e-05,2375.0,2.7777777777773736,0.0077093299478292465,200,5,0.0001,ledoitwolf
6,0,6,MultiPPI,2377.7777777777774,0.23202291529163466,0.24993411876710836,0.017911203475473703,0.0003208112099398212,0.0,0.23202538203193485,0.017908736735173514,0.00032072285144975327,0.0,0.23547251043569534,0.2643957270985214,0.028923216662826066,5.444236819735192e-05,2377.7475372039403,0.03024057383709078,0.02003088779747486,200,5,0.0001,ledoitwolf
6,0,6,OMPPI(DAG),2377.7777777777774,0.23202291529163466,0.23891264738496806,0.006889732093333406,4.746840831790832e-05,1.0,0.23202538203193485,0.006887265353033217,4.7434424043091764e-05,1.0,0.22478170140965587,0.25304359336028026,0.028261891950624375,5.198119867418239e-05,2375.524208761266,2.253569016511392,0.017942417412996292,200,5,0.0001,ledoitwolf
6,0,6,OMPPI(Exhaustive),2377.7777777777774,0.23202291529163466,0.24125806807449832,0.00923515278286366,8.528804692283439e-05,1.0,0.23202538203193485,0.00923268604256347,8.524249156054632e-05,1.0,0.22702560161483676,0.2554905345341599,0.028464932919323102,5.273077520294471e-05,2375.524208761266,2.253569016511392,0.016472455114126205,200,5,0.0001,ledoitwolf
6,0,6,VectorPPI++,2377.7777777777774,0.23202291529163466,0.2342311664731443,0.002208251181509635,4.876373280638699e-06,1.0,0.23202538203193485,0.0022057844412094463,4.865485001081669e-06,1.0,0.21781595640351176,0.2506463765427768,0.032830420139265064,7.014499808733493e-05,2376.844267449172,0.9335103286052799,0.008452212437987328,200,5,0.0001,ledoitwolf
6,0,6,Classical,2688.8888888888887,0.23202291529163466,0.23575070105425072,0.003727785762616065,1.3896386691963036e-05,1.0,0.23202538203193485,0.003725319022315876,1.3878001818028514e-05,1.0,0.22051628138309823,0.2509851207254032,0.030468839342304984,6.041651194242435e-05,2686.0,2.888888888888687,0.007657051086425781,200,5,0.0001,ledoitwolf
6,0,6,MultiPPI,2688.8888888888887,0.23202291529163466,0.23962679438690873,0.007603879095274074,5.781897729554607e-05,1.0,0.23202538203193485,0.0076014123549738855,5.778146979034963e-05,1.0,0.22635930002135546,0.252894288752462,0.026534988731106563,4.582280195006264e-05,2688.857053028715,0.03183586017348716,0.01969137229025364,200,5,0.0001,ledoitwolf
6,0,6,OMPPI(DAG),2688.8888888888887,0.23202291529163466,0.23629388050059308,0.004270965208958422,1.8241143816133255e-05,1.0,0.23202538203193485,0.004268498468658233,1.822007917693768e-05,1.0,0.22301756400212602,0.24957019699906013,0.02655263299693409,4.588376135075143e-05,2686.8809473904844,2.007941498404307,0.017997533082962036,200,5,0.0001,ledoitwolf
6,0,6,OMPPI(Exhaustive),2688.8888888888887,0.23202291529163466,0.22843643392683752,-0.0035864813647971394,1.2862848580037152e-05,1.0,0.23202538203193485,-0.003588948105097328,1.2880548501081703e-05,1.0,0.21512254854684487,0.24175031930683016,0.026627770759985295,4.614380947068239e-05,2686.8809473904844,2.007941498404307,0.01665482297539711,200,5,0.0001,ledoitwolf
6,0,6,VectorPPI++,2688.8888888888887,0.23202291529163466,0.21752188861556207,-0.014501026676072587,0.00021027977466016879,1.0,0.23202538203193485,-0.014503493416372776,0.00021035132127876846,1.0,0.2026827458005724,0.23236103143055173,0.029678285629979328,5.7322014828697485e-05,2686.7004820792285,2.188406809660137,0.008471088483929634,200,5,0.0001,ledoitwolf
6,0,6,Classical,3000.0,0.23202291529163466,0.23364747948998943,0.001624564198354772,2.6392088345760833e-06,1.0,0.23202538203193485,0.0016220974580545833,2.6312001634271407e-06,1.0,0.2191598367438328,0.24813512223614606,0.028975285492313266,5.4638563664815995e-05,2996.0,4.0,0.007535461336374283,200,5,0.0001,ledoitwolf
6,0,6,MultiPPI,3000.0,0.23202291529163466,0.23549515227956583,0.003472236987931171,1.205642970035733e-05,1.0,0.23202538203193485,0.003469770247630982,1.2039305571345167e-05,1.0,0.22291135088193043,0.24807895367720123,0.025167602795270808,4.122185477092206e-05,2999.962691259694,0.03730874030588893,0.02028590254485607,200,5,0.0001,ledoitwolf
6,0,6,OMPPI(DAG),3000.0,0.23202291529163466,0.23010883294046308,-0.0019140823511715754,3.663711247066506e-06,1.0,0.23202538203193485,-0.0019165490914717642,3.6731604200212447e-06,1.0,0.2176383937664949,0.24257927211443125,0.024940878347936363,4.048249908443384e-05,2997.300985118424,2.699014881576204,0.018149103969335556,200,5,0.0001,ledoitwolf
6,0,6,OMPPI(Exhaustive),3000.0,0.23202291529163466,0.22823781470140359,-0.003785100590231072,1.4326986478167609e-05,1.0,0.23202538203193485,-0.0037875673305312607,1.43456662833077e-05,1.0,0.21591126888550283,0.24056436051730434,0.02465309163180152,3.955365366224214e-05,2997.300985118424,2.699014881576204,0.016711192205548286,200,5,0.0001,ledoitwolf
6,0,6,VectorPPI++,3000.0,0.23202291529163466,0.22816568783607546,-0.0038572274555591923,1.4878203643919641e-05,1.0,0.23202538203193485,-0.003859694195859381,1.4897239285550594e-05,1.0,0.21356774114162172,0.2427636345305292,0.02919589338890747,5.5473729549340063e-05,2998.644309369105,1.3556906308949692,0.008428458124399185,200,5,0.0001,ledoitwolf
7,0,7,Classical,200.0,0.23202291529163466,0.20306182647882282,-0.02896108881281184,0.0008387446652235752,1.0,0.23350724549196078,-0.030445419013137964,0.0009269235388855427,1.0,0.14965009821950567,0.25647355473814,0.1068234565186343,0.0007426378490064498,199.0,1.0,0.009008590131998062,200,5,0.0001,ledoitwolf
7,0,7,MultiPPI,200.0,0.23202291529163466,0.24098100774093803,0.008958092449303373,8.024742033026611e-05,1.0,0.23350724549196078,0.00747376224897725,5.585712215423749e-05,1.0,0.18978367014455932,0.29217834533731674,0.10239467519275743,0.0006823364506309993,199.94267449172082,0.057325508279177484,0.3682378400117159,200,5,0.0001,ledoitwolf
7,0,7,OMPPI(DAG),200.0,0.23202291529163466,0.26989016365169566,0.037867248360061,0.0014339284983625425,1.0,0.23350724549196078,0.03638291815973488,0.001323716733817966,1.0,0.21696331414961206,0.32281701315377925,0.10585369900416722,0.0007292155217506772,198.07943827289878,1.9205617271012159,0.015992043539881706,200,5,0.0001,ledoitwolf
7,0,7,OMPPI(Exhaustive),200.0,0.23202291529163466,0.19869183786083314,-0.03333107743080152,0.0011109607226980865,1.0,0.23350724549196078,-0.03481540763112764,0.001212112608521581,1.0,0.15393506984823824,0.24344860587342804,0.08951353602518983,0.0005214603036070761,198.07943827289878,1.9205617271012159,0.015121867880225182,200,5,0.0001,ledoitwolf
7,0,7,VectorPPI++,200.0,0.23202291529163466,0.2222397315013511,-0.009783183790283562,9.571068507446703e-05,1.0,0.23350724549196078,-0.011267513990609684,0.00012695687152858499,1.0,0.17025842432554056,0.27422103867716163,0.1039626143516211,0.0007033932737089007,198.4797736323622,1.5202263676378038,0.008809169754385948,200,5,0.0001,ledoitwolf
7,0,7,Classical,511.1111111111111,0.23202291529163466,0.2295707353031423,-0.00245217998849237,6.01318669596244e-06,1.0,0.23350724549196078,-0.003936510188818493,1.5496112466671805e-05,1.0,0.19394012715244374,0.26520134345384083,0.07126121630139708,0.00033048388553576317,509.0,2.111111111111086,0.007621912285685539,200,5,0.0001,ledoitwolf
7,0,7,MultiPPI,511.1111111111111,0.23202291529163466,0.26286945467179657,0.030846539380161908,0.0009515089917318793,1.0,0.23350724549196078,0.029362209179835785,0.0008621393279204328,1.0,0.22989919325781238,0.29583971608578075,0.06594052282796835,0.0002829753456813142,511.06455669670925,0.046554414401839495,0.020408423617482185,200,5,0.0001,ledoitwolf
7,0,7,OMPPI(DAG),511.1111111111111,0.23202291529163466,0.2191399293443691,-0.012882985947265557,0.00016597132691744182,1.0,0.23350724549196078,-0.01436731614759168,0.00020641977328484862,1.0,0.18790037391620515,0.250379484772533,0.0624791108563279,0.00025404667052320175,507.7359044225529,3.375206688558194,0.01597144454717636,200,5,0.0001,ledoitwolf
7,0,7,OMPPI(Exhaustive),511.1111111111111,0.23202291529163466,0.22826395949134673,-0.0037589558002879275,1.4129748708518253e-05,1.0,0.23350724549196078,-0.00524328600061405,2.7492048084235284e-05,1.0,0.19744411056350258,0.2590838084191909,0.061639697855688284,0.00024726624240202114,507.7359044225529,3.375206688558194,0.014856122434139252,200,5,0.0001,ledoitwolf
7,0,7,VectorPPI++,511.1111111111111,0.23202291529163466,0.2363721815590185,0.004349266267383856,1.8916117064603094e-05,1.0,0.23350724549196078,0.002864936067057733,8.20785866832823e-06,1.0,0.194449440177775,0.27829492294026204,0.08384548276248702,0.0004575127124754798,509.65562775099556,1.4554833601155224,0.008173774927854538,200,5,0.0001,ledoitwolf
7,0,7,Classical,822.2222222222222,0.23202291529163466,0.2310051114192958,-0.0010178038723388516,1.0359247225479613e-06,1.0,0.23350724549196078,-0.0025021340726649743,6.260674917591011e-06,1.0,0.20301697958468565,0.258993243253906,0.05597626366922034,0.000203916157937618,819.0,3.2222222222221717,0.007525952532887459,200,5,0.0001,ledoitwolf
7,0,7,MultiPPI,822.2222222222222,0.23202291529163466,0.22137202857200144,-0.010650886719633212,0.00011344138791445913,1.0,0.23350724549196078,-0.012135216919959335,0.00014726348969446734,1.0,0.19748866177156674,0.24525539537243615,0.047766733600869415,0.0001484892162975306,822.1924124921401,0.029809730082092756,0.019823044538497925,200,5,0.0001,ledoitwolf
7,0,7,OMPPI(DAG),822.2222222222222,0.23202291529163466,0.23227550696348948,0.00025259167185481823,6.380255269041217e-08,1.0,0.23350724549196078,-0.0012317385284713045,1.5171798025206547e-06,1.0,0.20752764439030952,0.25702336953666943,0.049495725146359935,0.0001594333638673068,820.3844057849507,1.8378164372714991,0.01599612645804882,200,5,0.0001,ledoitwolf
7,0,7,OMPPI(Exhaustive),822.2222222222222,0.23202291529163466,0.23979246895130873,0.007769553659674078,6.0365964070554855e-05,1.0,0.23350724549196078,0.006285223459347955,3.9504033933937874e-05,1.0,0.21494230679922863,0.2646426311033888,0.049700324304160194,0.00016075417902646958,820.3844057849507,1.8378164372714991,0.014895638450980186,200,5,0.0001,ledoitwolf
7,0,7,VectorPPI++,822.2222222222222,0.23202291529163466,0.21181128059158716,-0.0202116347000475,0.0004085101772481641,1.0,0.23350724549196078,-0.02169596490037362,0.00047071489295824414,1.0,0.18007697860753513,0.24354558257563919,0.06346860396810407,0.00026215715680457015,819.3263466778453,2.8958755443768496,0.008204983547329903,200,5,0.0001,ledoitwolf
7,0,7,Classical,1133.3333333333333,0.23202291529163466,0.2398728199445516,0.007849904652916934,6.162100305988692e-05,1.0,0.23350724549196078,0.006365574452590811,4.0520538111476803e-05,1.0,0.21581311126728997,0.2639325286218132,0.04811941735452327,0.00015069003955380184,1131.0,2.3333333333332575,0.007604001089930534,200,5,0.0001,ledoitwolf
7,0,7,MultiPPI,1133.3333333333333,0.23202291529163466,0.19677861248923417,-0.035244302802400485,0.0012421608800272947,0.0,0.23350724549196078,-0.03672863300272661,0.0013489924822489782,0.0,0.17752539644911908,0.21603182852934927,0.03850643208023018,9.649623884823122e-05,1133.2831691469294,0.0501641864038902,0.01950920559465885,200,5,0.0001,ledoitwolf
7,0,7,OMPPI(DAG),1133.3333333333333,0.23202291529163466,0.24992403417187573,0.017901118880241068,0.00032045005716452323,1.0,0.23350724549196078,0.016416788679914945,0.0002695109505609835,1.0,0.22939283993582366,0.2704552284079278,0.04106238847210414,0.00010973173381104478,1129.9260113183818,3.4073220149514327,0.016111740842461586,200,5,0.0001,ledoitwolf
7,0,7,OMPPI(Exhaustive),1133.3333333333333,0.23202291529163466,0.2496554799241938,0.017632564632559133,0.0003109073355213752,1.0,0.23350724549196078,0.01614823443223301,0.0002607654752783558,1.0,0.22900835022297306,0.2703026096254145,0.04129425940244144,0.00011097449817827298,1129.9260113183818,3.4073220149514327,0.01496896892786026,200,5,0.0001,ledoitwolf
7,0,7,VectorPPI++,1133.3333333333333,0.23202291529163466,0.22589423989385327,-0.006128675397781391,3.75606621313709e-05,1.0,0.23350724549196078,-0.007613005598107514,5.795785423681635e-05,1.0,0.19954112327763385,0.2522473565100727,0.052706233232438844,0.00018078724458708923,1131.3372458604065,1.9960874729267744,0.008300866931676865,200,5,0.0001,ledoitwolf
7,0,7,Classical,1444.4444444444443,0.23202291529163466,0.220944159047108,-0.011078756244526644,0.0001227388399256381,1.0,0.23350724549196078,-0.012563086444852767,0.00015783114102084332,1.0,0.2006221780781614,0.24126614001605462,0.04064396193789321,0.00010750679098197512,1443.0,1.4444444444443434,0.007562672719359398,200,5,0.0001,ledoitwolf
7,0,7,MultiPPI,1444.4444444444443,0.23202291529163466,0.218597469777603,-0.013425445514031659,0.0001802425872502328,1.0,0.23350724549196078,-0.014909775714357781,0.0002223014118524531,1.0,0.20148987797285284,0.23570506158235316,0.034215183609500315,7.618712343897293e-05,1444.3940473695243,0.050397074920056184,0.019752370193600655,200,5,0.0001,ledoitwolf
7,0,7,OMPPI(DAG),1444.4444444444443,0.23202291529163466,0.2295200599016753,-0.0025028553899593686,6.264285103048663e-06,1.0,0.23350724549196078,-0.003987185590285491,1.589764893138026e-05,1.0,0.21124260983422835,0.24779750996912223,0.03655490013489386,8.696310348776628e-05,1441.9035841542652,2.5408602901791255,0.015607582405209541,200,5,0.0001,ledoitwolf
7,0,7,OMPPI(Exhaustive),1444.4444444444443,0.23202291529163466,0.21568458561638099,-0.01633832967525367,0.00026694101657727474,1.0,0.23350724549196078,-0.017822659875579794,0.00031764720504060196,1.0,0.19732018405234292,0.23404898718041905,0.03672880312807611,8.779249252613472e-05,1441.9035841542652,2.5408602901791255,0.014555694535374641,200,5,0.0001,ledoitwolf
7,0,7,VectorPPI++,1444.4444444444443,0.23202291529163466,0.239561700456953,0.007538785165318335,5.683328176882379e-05,1.0,0.23350724549196078,0.006054454964992212,3.665642492311884e-05,1.0,0.21563980083072787,0.2634836000831781,0.04784379925245026,0.00014896874037654973,1442.8430098511844,1.6014345932599099,0.008304029703140259,200,5,0.0001,ledoitwolf
7,0,7,Classical,1755.5555555555554,0.23202291529163466,0.2339237003847697,0.0019007850931350434,3.6129839702843956e-06,1.0,0.23350724549196078,0.0004164548928089207,1.7343467774448961e-07,1.0,0.2148596565786256,0.2529877441909138,0.03812808761228819,9.460930943336533e-05,1753.0,2.5555555555554292,0.007514338940382004,200,5,0.0001,ledoitwolf
7,0,7,MultiPPI,1755.5555555555554,0.23202291529163466,0.23824090349629118,0.006217988204656522,3.8663377313247634e-05,1.0,0.23350724549196078,0.004733658004330399,2.2407518101961253e-05,1.0,0.2217186199659875,0.2547631870265949,0.033044567060607384,7.106306895316868e-05,1755.5148815761895,0.04067397936591988,0.020899228751659393,200,5,0.0001,ledoitwolf
7,0,7,OMPPI(DAG),1755.5555555555554,0.23202291529163466,0.2234715621152543,-0.008551353176380366,7.312564114719058e-05,1.0,0.23350724549196078,-0.010035683376706489,0.00010071494083750296,1.0,0.20688990994452722,0.24005321428598136,0.03316330434145416,7.157468075143813e-05,1753.02033116747,2.535224388085453,0.01581203006207943,200,5,0.0001,ledoitwolf
7,0,7,OMPPI(Exhaustive),1755.5555555555554,0.23202291529163466,0.23255995062516857,0.000537035333533914,2.884069494638822e-07,1.0,0.23350724549196078,-0.0009472948667922088,8.973675646508685e-07,1.0,0.21593858689359954,0.2491813143567376,0.033242727463138076,7.191792107957533e-05,1753.02033116747,2.535224388085453,0.014582673087716103,200,5,0.0001,ledoitwolf
7,0,7,VectorPPI++,1755.5555555555554,0.23202291529163466,0.23197443521087738,-4.848008075727939e-05,2.350318230232331e-09,1.0,0.23350724549196078,-0.0015328102810834021,2.349507357794978e-06,1.0,0.21080503936557948,0.2531438310561753,0.042338791690595796,0.00011665967055035081,1753.7662963739258,1.7892591816296317,0.008327765390276909,200,5,0.0001,ledoitwolf
7,0,7,Classical,2066.6666666666665,0.23202291529163466,0.22532619015222607,-0.0066967251394085825,4.48461275927869e-05,1.0,0.23350724549196078,-0.008181055339734705,6.692966647180173e-05,1.0,0.2079958435662482,0.24265653673820395,0.034660693171955755,7.818407714594364e-05,2064.0,2.666666666666515,0.007589804008603096,200,5,0.0001,ledoitwolf
7,0,7,MultiPPI,2066.6666666666665,0.23202291529163466,0.22477527299938826,-0.007247642292246392,5.252831879635854e-05,1.0,0.23350724549196078,-0.008731972492572515,7.624734361104306e-05,1.0,0.20944528691469072,0.2401052590840858,0.03065997216939509,6.117688209776408e-05,2066.621882204988,0.04478446167831862,0.020944353193044662,200,5,0.0001,ledoitwolf
7,0,7,OMPPI(DAG),2066.6666666666665,0.23202291529163466,0.22205404659033579,-0.009968868701298872,9.937834318373625e-05,1.0,0.23350724549196078,-0.011453198901624995,0.000131175765080184,1.0,0.20673748843886902,0.23737060474180255,0.03063311630293353,6.106975619352675e-05,2063.296164326137,3.3705023405295833,0.01573687605559826,200,5,0.0001,ledoitwolf
7,0,7,OMPPI(Exhaustive),2066.6666666666665,0.23202291529163466,0.23356464595662937,0.0015417306649947171,2.3769334433850526e-06,1.0,0.23350724549196078,5.7400464668594386e-05,3.2948133441705525e-09,1.0,0.2180016441092683,0.24912764780399044,0.031126003694722102,6.305079341113394e-05,2063.296164326137,3.3705023405295833,0.01460723951458931,200,5,0.0001,ledoitwolf
7,0,7,VectorPPI++,2066.6666666666665,0.23202291529163466,0.23843015961322078,0.006407244321586125,4.1052779796497644e-05,1.0,0.23350724549196078,0.0049229141212600025,2.4235083445301142e-05,1.0,0.21716564532419425,0.2596946739022473,0.042529028578053095,0.00011771037750354132,2065.1071054286313,1.5595612380352577,0.008547576144337654,200,5,0.0001,ledoitwolf
7,0,7,Classical,2377.7777777777774,0.23202291529163466,0.2361187110816558,0.004095795790021145,1.6775543153554937e-05,1.0,0.23350724549196078,0.0026114655896950223,6.81975252616117e-06,1.0,0.21951148299587026,0.25272593916744135,0.03321445617157111,7.17956478428342e-05,2376.0,1.7777777777773736,0.007408900186419487,200,5,0.0001,ledoitwolf
7,0,7,MultiPPI,2377.7777777777774,0.23202291529163466,0.24049110208105245,0.008468186789417798,7.171018750047011e-05,1.0,0.23350724549196078,0.006983856589091675,4.8774252856999205e-05,1.0,0.2259614948506643,0.2550207093114406,0.02905921446077632,5.49555510349586e-05,2377.734018025571,0.04375975220636974,0.021243562921881676,200,5,0.0001,ledoitwolf
7,0,7,OMPPI(DAG),2377.7777777777774,0.23202291529163466,0.2345732195566348,0.002550304265000136,6.504051844077885e-06,1.0,0.23350724549196078,0.0010659740646740135,1.1363007065576378e-06,1.0,0.22057020103358121,0.24857623807968837,0.028006037046107175,5.104428731623128e-05,2376.340599455041,1.4371783227365995,0.015708915889263153,200,5,0.0001,ledoitwolf
7,0,7,OMPPI(Exhaustive),2377.7777777777774,0.23202291529163466,0.22187545771440031,-0.010147457577234342,0.00010297089528177067,1.0,0.23350724549196078,-0.011631787777560465,0.00013529848690220503,1.0,0.20801634113189246,0.23573457429690817,0.027718233165015715,5.000056525735127e-05,2376.340599455041,1.4371783227365995,0.014587122946977615,200,5,0.0001,ledoitwolf
7,0,7,VectorPPI++,2377.7777777777774,0.23202291529163466,0.22925055461089272,-0.0027723606807419365,7.685983744123893e-06,1.0,0.23350724549196078,-0.004256690881068059,1.811941725696797e-05,1.0,0.21115554684189736,0.24734556237988808,0.036190015537990734,8.52356673449485e-05,2376.030391951373,1.7473858264042974,0.008431512862443924,200,5,0.0001,ledoitwolf
7,0,7,Classical,2688.8888888888887,0.23202291529163466,0.22118835474394732,-0.010834560547687333,0.00011738770226150283,1.0,0.23350724549196078,-0.012318890748013456,0.0001517550692614915,1.0,0.20626923473372685,0.2361074747541678,0.02983824002044092,5.79415665424579e-05,2687.0,1.8888888888886868,0.007573811337351799,200,5,0.0001,ledoitwolf
7,0,7,MultiPPI,2688.8888888888887,0.23202291529163466,0.22987943403115488,-0.0021434812604797793,4.594511914027983e-06,1.0,0.23350724549196078,-0.003627811460805902,1.3161015995154653e-05,1.0,0.21621177583625062,0.24354709222605914,0.027335316389808507,4.862863022933018e-05,2688.8554810312303,0.03340785765840337,0.02054494619369507,200,5,0.0001,ledoitwolf
7,0,7,OMPPI(DAG),2688.8888888888887,0.23202291529163466,0.23029434617578054,-0.0017285691158541172,2.9879511882846844e-06,1.0,0.23350724549196078,-0.00321289931618024,1.0322722015911453e-05,1.0,0.21686502010057376,0.24372367225098732,0.026858652150413564,4.694747679259031e-05,2685.832529867952,3.056359020936725,0.015375681221485138,200,5,0.0001,ledoitwolf
7,0,7,OMPPI(Exhaustive),2688.8888888888887,0.23202291529163466,0.2205753374642736,-0.011447577827361055,0.00013104703811348846,1.0,0.23350724549196078,-0.012931908027687178,0.00016723424523656008,1.0,0.20727426917972858,0.23387640574881863,0.026602136569090048,4.605500820601313e-05,2685.832529867952,3.056359020936725,0.014625845476984978,200,5,0.0001,ledoitwolf
7,0,7,VectorPPI++,2688.8888888888887,0.23202291529163466,0.2339801418042694,0.0019572265126347466,3.830735621760372e-06,1.0,0.23350724549196078,0.00047289631230862383,2.236309221950955e-07,1.0,0.2160296032636759,0.2519306803448629,0.035901077081187,8.388006976972079e-05,2686.953678474114,1.9352104147747013,0.008504953235387802,200,5,0.0001,ledoitwolf
7,0,7,Classical,3000.0,0.23202291529163466,0.23816539476301243,0.006142479471377776,3.773005405629741e-05,1.0,0.23350724549196078,0.004658149271051654,2.1698354631399053e-05,1.0,0.22366701461335697,0.2526637749126679,0.028996760299310902,5.4719583568499895e-05,2998.0,2.0,0.007594101130962372,200,5,0.0001,ledoitwolf
7,0,7,MultiPPI,3000.0,0.23202291529163466,0.2250118232911398,-0.007011092000494851,4.9155411039402886e-05,1.0,0.23350724549196078,-0.008495422200820973,7.217219837020187e-05,1.0,0.2123067390935798,0.2377169074886998,0.025410168395119982,4.202027719196565e-05,2999.944036889541,0.0559631104588334,0.020419375970959663,200,5,0.0001,ledoitwolf
7,0,7,OMPPI(DAG),3000.0,0.23202291529163466,0.24419080931967108,0.012167894028036419,0.00014805764507752435,1.0,0.23350724549196078,0.010683563827710296,0.00011413853606075988,1.0,0.23132478239886284,0.2570568362404793,0.025732053841616455,4.309161088366192e-05,2997.859777824355,2.1402221756447943,0.015551192685961723,200,5,0.0001,ledoitwolf
7,0,7,OMPPI(Exhaustive),3000.0,0.23202291529163466,0.2313816433618799,-0.0006412719297547442,4.112296878913736e-07,1.0,0.23350724549196078,-0.002125602130080867,4.518184415404319e-06,1.0,0.21882651804144482,0.243936768682315,0.02511025064087018,4.103419538500935e-05,2997.859777824355,2.1402221756447943,0.014641735702753067,200,5,0.0001,ledoitwolf
7,0,7,VectorPPI++,3000.0,0.23202291529163466,0.2259339506886836,-0.0060889646029510525,3.7075489935990866e-05,1.0,0.23350724549196078,-0.007573294803277175,5.735479417734507e-05,1.0,0.2102178754801368,0.24165002589723042,0.031432150417093636,6.429719319913719e-05,2998.0419199329285,1.958080067071478,0.0085823405534029,200,5,0.0001,ledoitwolf
