method,V_report,V_true,coverage,width,active_sets,n_active_sets,optimizer_success,optimizer_message,optimizer_iterations,optimizer_relative_gap,unbiasedness_error,budget_relative_error,setting,direction,eta_min_R,q,eig_min_R_hat,variance_ratio_report_over_true,full_noise_norm,true_variance_relative_to_OMPPI,reported_width_relative_to_OMPPI
OMPPI,0.06496412521725765,0.06496412521725765,0.95,0.9991136308639014,full nested chain,6,,,,,,,opposite_R_perturbation,opposite,0.1,0.0,0.09999999999999915,1.0,0.02,1.0,1.0
VectorPPI++,0.08034795327148056,0.08034795327148056,0.95,1.1111315922417981,joint predictor vector,2,,,,,,,opposite_R_perturbation,opposite,0.1,0.0,0.09999999999999915,1.0,0.02,1.2368049750962584,1.1121173387265655
MultiPPI,0.05837781845292706,0.05837781845292706,0.95,0.9471134792175158,"(0, 1, 2, 3, 4, 5);(5,);(3, 5);(4, 5);(1, 4, 5);(2, 4, 5)",6,True,Optimization terminated successfully,26.0,3.5679140150600865e-07,5.837552663479073e-12,0.0,opposite_R_perturbation,opposite,0.1,0.0,0.09999999999999915,1.0,0.02,0.8986162479321596,0.9479537161339469
OMPPI,0.06496412521725765,0.06496412521725765,0.95,0.9991136308639014,full nested chain,6,,,,,,,opposite_R_perturbation,opposite,0.1,0.06666666666666667,0.0973373684863775,1.0,0.02,1.0,1.0
VectorPPI++,0.08059220703157494,0.08036915508943884,0.9503168507954949,1.112819202890839,joint predictor vector,2,,,,,,,opposite_R_perturbation,opposite,0.1,0.06666666666666667,0.0973373684863775,1.002775342628498,0.02,1.2371313370365966,1.1138064465486475
MultiPPI,0.05851381896886143,0.05838834729805179,0.9502455198102311,0.9482160640074222,"(0, 1, 2, 3, 4, 5);(5,);(3, 5);(4, 5);(1, 4, 5);(2, 4, 5)",6,True,Optimization terminated successfully,26.0,8.402396937398954e-07,5.8510973843795e-12,1.8189894035458566e-16,opposite_R_perturbation,opposite,0.1,0.06666666666666667,0.0973373684863775,1.0021489162926491,0.02,0.8987783196154081,0.9490572790879955
OMPPI,0.06496412521725765,0.06496412521725765,0.95,0.9991136308639014,full nested chain,6,,,,,,,opposite_R_perturbation,opposite,0.1,0.13333333333333333,0.09467366935012493,1.0,0.02,1.0,1.0
VectorPPI++,0.08079638388482735,0.08042373949437992,0.9505278052672359,1.1142279507435786,joint predictor vector,2,,,,,,,opposite_R_perturbation,opposite,0.1,0.13333333333333333,0.09467366935012493,1.0046335123533203,0.02,1.2379715608487165,1.1152164441797692
MultiPPI,0.05862998329727855,0.05841519731893252,0.950419319635736,0.9491568184330341,"(0, 1, 2, 3, 4, 5);(5,);(3, 5);(4, 5);(1, 4, 5);(2, 4, 5)",6,True,Optimization terminated successfully,27.0,2.0045324797207173e-06,5.862532681533139e-12,1.8189894035458566e-16,opposite_R_perturbation,opposite,0.1,0.13333333333333333,0.09467366935012493,1.0036768852662323,0.02,0.8991916249711092,0.9499988681090547
OMPPI,0.06496412521725765,0.06496412521725765,0.95,0.9991136308639014,full nested chain,6,,,,,,,opposite_R_perturbation,opposite,0.1,0.2,0.09200890299366465,1.0,0.02,1.0,1.0
VectorPPI++,0.08096665365149885,0.08050161702683165,0.950657123042449,1.1154013911621887,joint predictor vector,2,,,,,,,opposite_R_perturbation,opposite,0.1,0.2,0.09200890299366465,1.0057767364413588,0.02,1.2391703383615558,1.116390925622481
MultiPPI,0.05872644820221454,0.0584829538542428,0.9504745363131755,0.9499373294158593,"(0, 1, 2, 3, 4, 5);(5,);(3, 5);(4, 5);(2, 4, 5);(1, 3, 4, 5)",6,True,Optimization terminated successfully,24.0,2.586814252193686e-06,5.872413666452303e-12,0.0,opposite_R_perturbation,opposite,0.1,0.2,0.09200890299366465,1.0041635097395833,0.02,0.9002346088500375,0.950780071526478
OMPPI,0.06496412521725765,0.06496412521725765,0.95,0.9991136308639014,full nested chain,6,,,,,,,opposite_R_perturbation,opposite,0.1,0.26666666666666666,0.0893430698208182,1.0,0.02,1.0,1.0
VectorPPI++,0.08110781846481854,0.08059605083912161,0.9507218100913639,1.1163733151037516,joint predictor vector,2,,,,,,,opposite_R_perturbation,opposite,0.1,0.26666666666666666,0.0893430698208182,1.0063497853848755,0.02,1.2406239685301166,1.1173637118116981
MultiPPI,0.05880076875423445,0.05852955951266169,0.9505278281127332,0.9505382302559944,"(0, 1, 2, 3, 4, 5);(5,);(3, 5);(4, 5);(2, 4, 5);(1, 3, 4, 5)",6,True,Optimization terminated successfully,21.0,1.733745370738618e-07,5.8798521607172916e-12,1.8189894035458566e-16,opposite_R_perturbation,opposite,0.1,0.26666666666666666,0.0893430698208182,1.0046337140383585,0.02,0.9009520149301321,0.9513815054590884
OMPPI,0.06496412521725765,0.06496412521725765,0.95,0.9991136308639014,full nested chain,6,,,,,,,opposite_R_perturbation,opposite,0.1,0.3333333333333333,0.08667617023680409,1.0,0.02,1.0,1.0
VectorPPI++,0.08122364859257517,0.08070259079659448,0.9507338485028358,1.1171701774302925,joint predictor vector,2,,,,,,,opposite_R_perturbation,opposite,0.1,0.3333333333333333,0.08667617023680409,1.0064565188160313,0.02,1.2422639499370325,1.1181612810790214
MultiPPI,0.058862633286161786,0.058581709623561226,0.950546141006346,0.9510381314046452,"(0, 1, 2, 3, 4, 5);(5,);(3, 5);(4, 5);(2, 4, 5);(1, 3, 4, 5)",6,True,Optimization terminated successfully,23.0,5.36439349494667e-07,5.8862914542601175e-12,1.8189894035458566e-16,opposite_R_perturbation,opposite,0.1,0.3333333333333333,0.08667617023680409,1.004795415914041,0.02,0.9017547673835075,0.9518818500977844
OMPPI,0.06496412521725765,0.06496412521725765,0.95,0.9991136308639014,full nested chain,6,,,,,,,opposite_R_perturbation,opposite,0.1,0.4,0.08400820464823026,1.0,0.02,1.0,1.0
VectorPPI++,0.08131712007719971,0.08081839141530875,0.9507016357361029,1.1178128075737943,joint predictor vector,2,,,,,,,opposite_R_perturbation,opposite,0.1,0.4,0.08400820464823026,1.0061709798123561,0.02,1.244046481731727,1.1188044813353788
MultiPPI,0.05891359857591853,0.05863789375603804,0.9505355420482537,0.9514497630632847,"(0, 1, 2, 3, 4, 5);(5,);(3, 5);(4, 5);(2, 4, 5);(1, 3, 4, 5)",6,True,Optimization terminated successfully,22.0,1.3092155774420454e-07,5.890954390963543e-12,3.637978807091713e-16,opposite_R_perturbation,opposite,0.1,0.4,0.08400820464823026,1.0047018199703346,0.02,0.902619615979389,0.9522938469377069
OMPPI,0.06496412521725765,0.06496412521725765,0.95,0.9991136308639014,full nested chain,6,,,,,,,opposite_R_perturbation,opposite,0.1,0.4666666666666667,0.08133917346310024,1.0,0.02,1.0,1.0
VectorPPI++,0.0813905853008842,0.08094177156492874,0.9506309269410547,1.1183176325633772,joint predictor vector,2,,,,,,,opposite_R_perturbation,opposite,0.1,0.4666666666666667,0.08133917346310024,1.0055448963777056,0.02,1.2459456860880909,1.1193097541832193
MultiPPI,0.05895490072047602,0.058697186940094626,0.9505002776989651,0.951783217746182,"(0, 1, 2, 3, 4, 5);(5,);(3, 5);(4, 5);(2, 4, 5);(1, 3, 4, 5)",6,True,Optimization terminated successfully,23.0,3.6933215866773273e-07,5.895173238457119e-12,0.0,opposite_R_perturbation,opposite,0.1,0.4666666666666667,0.08133917346310024,1.0043905644174125,0.02,0.9035323225517978,0.9526275974467546
OMPPI,0.06496412521725765,0.06496412521725765,0.95,0.9991136308639014,full nested chain,6,,,,,,,opposite_R_perturbation,opposite,0.1,0.5333333333333333,0.07866907709079797,1.0,0.02,1.0,1.0
VectorPPI++,0.08144589660151694,0.08107193138389429,0.9505254543214459,1.1186975603964442,joint predictor vector,2,,,,,,,opposite_R_perturbation,opposite,0.1,0.5333333333333333,0.07866907709079797,1.00461275821655,0.02,1.2479492506482273,1.1196900190713468
MultiPPI,0.05898752100825855,0.058759098453317234,0.9504432191627106,0.9520464965285148,"(0, 1, 2, 3, 4, 5);(5,);(3, 5);(4, 5);(2, 4, 5);(1, 3, 4, 5)",6,True,Optimization terminated successfully,23.0,2.5682379709957092e-09,5.898170840623607e-12,1.8189894035458566e-16,opposite_R_perturbation,opposite,0.1,0.5333333333333333,0.07866907709079797,1.0038874414508383,0.02,0.9044853333560773,0.9528911097983028
OMPPI,0.06496412521725765,0.06496412521725765,0.95,0.9991136308639014,full nested chain,6,,,,,,,opposite_R_perturbation,opposite,0.1,0.6,0.07599791594209812,1.0,0.02,1.0,1.0
VectorPPI++,0.08148449620095108,0.08120877533632276,0.9503873286061295,1.1189626207893817,joint predictor vector,2,,,,,,,opposite_R_perturbation,opposite,0.1,0.6,0.07599791594209812,1.003395210228038,0.02,1.2500557048176757,1.1199553146140653
MultiPPI,0.05901223388841964,0.058823477367833256,0.9503661524550633,0.9522459060548056,"(0, 1, 2, 3, 4, 5);(5,);(3, 5);(4, 5);(2, 4, 5);(1, 3, 4, 5)",6,True,Optimization terminated successfully,22.0,7.099488415773441e-08,5.9011684427900946e-12,0.0,opposite_R_perturbation,opposite,0.1,0.6,0.07599791594209812,1.0032088636890006,0.02,0.905476325142709,0.9530906962318483
OMPPI,0.06496412521725765,0.06496412521725765,0.95,0.9991136308639014,full nested chain,6,,,,,,,opposite_R_perturbation,opposite,0.08,0.0,0.07999999999999957,1.0,0.02,1.0,1.0
VectorPPI++,0.08193799978715532,0.08193799978715532,0.95,1.1220721046927442,joint predictor vector,2,,,,,,,opposite_R_perturbation,opposite,0.08,0.0,0.07999999999999957,1.0,0.02,1.2612807378400375,1.123067557113123
MultiPPI,0.05994263329614059,0.05994263329614059,0.95,0.9597232047024656,"(0, 1, 2, 3, 4, 5);(5,);(3, 5);(4, 5);(1, 4, 5);(2, 4, 5)",6,True,Optimization terminated successfully,23.0,6.6689646181309735e-06,5.994205132253683e-12,1.8189894035458566e-16,opposite_R_perturbation,opposite,0.08,0.0,0.07999999999999957,1.0,0.02,0.9227036167373327,0.9605746284060042
OMPPI,0.06496412521725765,0.06496412521725765,0.95,0.9991136308639014,full nested chain,6,,,,,,,opposite_R_perturbation,opposite,0.08,0.06666666666666667,0.07786998764002526,1.0,0.02,1.0,1.0
VectorPPI++,0.08227644787176719,0.08196389245795876,0.950434808469016,1.1243870977779502,joint predictor vector,2,,,,,,,opposite_R_perturbation,opposite,0.08,0.06666666666666667,0.07786998764002526,1.0038133305341586,0.02,1.2616793065995928,1.1253846039571385
MultiPPI,0.06013702143688793,0.0599564562079711,0.9503437259840661,0.9612780897305521,"(0, 1, 2, 3, 4, 5);(5,);(3, 5);(4, 5);(1, 4, 5);(2, 4, 5)",6,True,Optimization terminated successfully,24.0,3.8217344667375917e-07,6.013856079789548e-12,0.0,opposite_R_perturbation,opposite,0.08,0.06666666666666667,0.07786998764002526,1.003011606094438,0.02,0.9229163943555069,0.9621308928588692
OMPPI,0.06496412521725765,0.06496412521725765,0.95,0.9991136308639014,full nested chain,6,,,,,,,opposite_R_perturbation,opposite,0.08,0.13333333333333333,0.07573930680076321,1.0,0.02,1.0,1.0
VectorPPI++,0.08256604229347289,0.08203019979505097,0.9507423892999503,1.1263641532969089,joint predictor vector,2,,,,,,,opposite_R_perturbation,opposite,0.08,0.13333333333333333,0.07573930680076321,1.0065322588480914,0.02,1.262699982809277,1.1273634134317416
MultiPPI,0.06030541263951848,0.059991530332644975,0.9505955613042112,0.9626229985195186,"(0, 1, 2, 3, 4, 5);(5,);(3, 5);(4, 5);(1, 4, 5);(2, 4, 5)",6,True,Optimization terminated successfully,30.0,6.017380566616928e-06,6.030398402856463e-12,0.0,opposite_R_perturbation,opposite,0.08,0.13333333333333333,0.07573930680076321,1.0052321103517958,0.02,0.9234562942549758,0.9634769947910424
OMPPI,0.06496412521725765,0.06496412521725765,0.95,0.9991136308639014,full nested chain,6,,,,,,,opposite_R_perturbation,opposite,0.08,0.2,0.07360795767916836,1.0,0.02,1.0,1.0
VectorPPI++,0.08281456930243292,0.08212414838996132,0.9509533005869009,1.1280580795842312,joint predictor vector,2,,,,,,,opposite_R_perturbation,opposite,0.08,0.2,0.07360795767916836,1.008407038928345,0.02,1.2641461439727835,1.129058842495058
MultiPPI,0.06044684494309918,0.06007006062668833,0.9507130815194602,0.9637511415086333,"(0, 1, 2, 3, 4, 5);(5,);(3, 5);(4, 5);(2, 4, 5);(1, 3, 4, 5)",6,True,Optimization terminated successfully,30.0,1.59060759770689e-06,6.044498235269202e-12,0.0,opposite_R_perturbation,opposite,0.08,0.2,0.07360795767916836,1.0062724144520583,0.02,0.9246651197995471,0.964606138618396
OMPPI,0.06496412521725765,0.06496412521725765,0.95,0.9991136308639014,full nested chain,6,,,,,,,opposite_R_perturbation,opposite,0.08,0.26666666666666666,0.07147594047273553,1.0,0.02,1.0,1.0
VectorPPI++,0.08302811548832387,0.08223712074387865,0.951089077551847,1.1295115521467363,joint predictor vector,2,,,,,,,opposite_R_perturbation,opposite,0.08,0.26666666666666666,0.07147594047273553,1.0096184635027374,0.02,1.2658851399731068,1.1305136045137167
MultiPPI,0.06056373359152283,0.060129220516497925,0.950820582234815,0.9646825148603544,"(0, 1, 2, 3, 4, 5);(5,);(3, 5);(4, 5);(2, 4, 5);(1, 3, 4, 5)",6,True,Optimization terminated successfully,22.0,1.1350338565562387e-07,6.056488643935154e-12,1.8189894035458566e-16,opposite_R_perturbation,opposite,0.08,0.26666666666666666,0.07147594047273553,1.0072263214339472,0.02,0.9255757745587969,0.965538338243093
OMPPI,0.06496412521725765,0.06496412521725765,0.95,0.9991136308639014,full nested chain,6,,,,,,,opposite_R_perturbation,opposite,0.08,0.3333333333333333,0.0693432553794912,1.0,0.02,1.0,1.0
VectorPPI++,0.08321148996228395,0.08236331386730586,0.9511650647024517,1.1307581741446158,joint predictor vector,2,,,,,,,opposite_R_perturbation,opposite,0.08,0.3333333333333333,0.0693432553794912,1.0102979840799577,0.02,1.2678276447479375,1.1317613324591373
MultiPPI,0.06066489812396034,0.060194615925024994,0.950886540841136,0.9654878725386413,"(0, 1, 2, 3, 4, 5);(5,);(3, 5);(4, 5);(2, 4, 5);(1, 3, 4, 5)",6,True,Optimization terminated successfully,22.0,1.1229006214084278e-06,6.06648065115678e-12,3.637978807091713e-16,opposite_R_perturbation,opposite,0.08,0.3333333333333333,0.0693432553794912,1.0078126953998858,0.02,0.9265824133507204,0.9663444103988603
OMPPI,0.06496412521725765,0.06496412521725765,0.95,0.9991136308639014,full nested chain,6,,,,,,,opposite_R_perturbation,opposite,0.08,0.4,0.0672099025980004,1.0,0.02,1.0,1.0
VectorPPI++,0.08336852368592282,0.08249887737176562,0.9511922443217071,1.1318246342636926,joint predictor vector,2,,,,,,,opposite_R_perturbation,opposite,0.08,0.4,0.0672099025980004,1.0105413108864294,0.02,1.2699143888394864,1.1328287386941567
MultiPPI,0.06075248482516204,0.06026406709563294,0.9509193439903054,0.9661845966702319,"(0, 1, 2, 3, 4, 5);(5,);(3, 5);(4, 5);(2, 4, 5);(1, 3, 4, 5)",6,True,Optimization terminated successfully,22.0,1.2556900028604744e-06,6.0749183461439316e-12,0.0,opposite_R_perturbation,opposite,0.08,0.4,0.0672099025980004,1.008104626074341,0.02,0.9276514829391383,0.9670417526330847
OMPPI,0.06496412521725765,0.06496412521725765,0.95,0.9991136308639014,full nested chain,6,,,,,,,opposite_R_perturbation,opposite,0.08,0.4666666666666667,0.06507588232736118,1.0,0.02,1.0,1.0
VectorPPI++,0.08350228510600191,0.0826413521443517,0.9511784391737637,1.1327322537450175,joint predictor vector,2,,,,,,,opposite_R_perturbation,opposite,0.08,0.4666666666666667,0.06507588232736118,1.0104177017838043,0.02,1.2721075188494666,1.1337371633750812
MultiPPI,0.060828218869397516,0.0603361441369402,0.9509250642933469,0.9667866319368714,"(0, 1, 2, 3, 4, 5);(5,);(3, 5);(4, 5);(2, 4, 5);(1, 3, 4, 5)",6,True,Optimization terminated successfully,26.0,1.8731791420948493e-06,6.082689907316308e-12,1.8189894035458566e-16,opposite_R_perturbation,opposite,0.08,0.4666666666666667,0.06507588232736118,1.0081555548418955,0.02,0.928760972847087,0.9676443219986121
OMPPI,0.06496412521725765,0.06496412521725765,0.95,0.9991136308639014,full nested chain,6,,,,,,,opposite_R_perturbation,opposite,0.08,0.5333333333333333,0.0629411947672048,1.0,0.02,1.0,1.0
VectorPPI++,0.08361523745380325,0.0827893028746576,0.9511291129800736,1.1334981102081225,joint predictor vector,2,,,,,,,opposite_R_perturbation,opposite,0.08,0.5333333333333333,0.0629411947672048,1.0099763441708902,0.02,1.2743849408852612,1.1345036992719468
MultiPPI,0.06089349458377925,0.06040995437829638,0.950908074839758,0.9673052297837508,"(0, 1, 2, 3, 4, 5);(5,);(3, 5);(4, 5);(2, 4, 5);(1, 3, 4, 5)",6,True,Optimization terminated successfully,22.0,1.945885540179841e-06,6.089240223161596e-12,1.8189894035458566e-16,opposite_R_perturbation,opposite,0.08,0.5333333333333333,0.0629411947672048,1.0080043133695296,0.02,0.9298971420960278,0.968163379922415
OMPPI,0.06496412521725765,0.06496412521725765,0.95,0.9991136308639014,full nested chain,6,,,,,,,opposite_R_perturbation,opposite,0.08,0.6,0.06080584011769465,1.0,0.02,1.0,1.0
VectorPPI++,0.0837093544641028,0.08294207954405897,0.9510479040159334,1.1341358614923327,joint predictor vector,2,,,,,,,opposite_R_perturbation,opposite,0.08,0.6,0.06080584011769465,1.0092507316462478,0.02,1.2767366491379382,1.1351420163407058
MultiPPI,0.06094944195072045,0.060485005058442565,0.950871459213328,0.9677494952682323,"(0, 1, 2, 3, 4, 5);(5,);(3, 5);(4, 5);(2, 4, 5);(1, 3, 4, 5)",6,True,Optimization terminated successfully,22.0,2.7602419447396075e-07,6.094569293679797e-12,0.0,opposite_R_perturbation,opposite,0.08,0.6,0.06080584011769465,1.0076785459772901,0.02,0.9310524055571333,0.9686080395394571
OMPPI,0.06496412521725765,0.06496412521725765,0.95,0.9991136308639014,full nested chain,6,,,,,,,opposite_R_perturbation,opposite,0.06,0.0,0.05999999999999908,1.0,0.02,1.0,1.0
VectorPPI++,0.08256021674499539,0.08256021674499539,0.95,1.1263244165931616,joint predictor vector,2,,,,,,,opposite_R_perturbation,opposite,0.06,0.0,0.05999999999999908,1.0,0.02,1.2708585926292648,1.1273236414753598
MultiPPI,0.060806085268035756,0.060806085268035756,0.95,0.9666107233106305,"(0, 1, 2, 3, 4, 5);(5,);(3, 5);(4, 5);(1, 4, 5);(2, 4, 5)",6,True,Optimization terminated successfully,23.0,5.980074541661369e-07,6.08058048356952e-12,0.0,opposite_R_perturbation,opposite,0.06,0.0,0.05999999999999908,1.0,0.02,0.9359948289103212,0.9674682573140688
OMPPI,0.06496412521725765,0.06496412521725765,0.95,0.9991136308639014,full nested chain,6,,,,,,,opposite_R_perturbation,opposite,0.06,0.06666666666666667,0.05840255740843676,1.0,0.02,1.0,1.0
VectorPPI++,0.08304469663894787,0.08259428559060106,0.9506205727186257,1.1296243312102552,joint predictor vector,2,,,,,,,opposite_R_perturbation,opposite,0.06,0.06666666666666667,0.05840255740843676,1.0054532955291773,0.02,1.2713830181563035,1.1306264836298003
MultiPPI,0.06109775126993511,0.06082599935224328,0.9505090186660474,0.968926200575602,"(0, 1, 2, 3, 4, 5);(5,);(3, 5);(4, 5);(1, 4, 5);(2, 4, 5)",6,True,Optimization terminated successfully,23.0,4.6427300914757984e-07,6.1097793491171615e-12,0.0,opposite_R_perturbation,opposite,0.06,0.06666666666666667,0.05840255740843676,1.0044676934302075,0.02,0.9363013686219069,0.9697857887673924
OMPPI,0.06496412521725765,0.06496412521725765,0.95,0.9991136308639014,full nested chain,6,,,,,,,opposite_R_perturbation,opposite,0.06,0.13333333333333333,0.056804746768892245,1.0,0.02,1.0,1.0
VectorPPI++,0.08346499338817645,0.08268115120559602,0.95107361228817,1.1324792891177964,joint predictor vector,2,,,,,,,opposite_R_perturbation,opposite,0.06,0.13333333333333333,0.056804746768892245,1.0094803007838065,0.02,1.2727201502227241,1.133483974328904
MultiPPI,0.061352004812471425,0.06087637336195679,0.9508865831036415,0.9709401630463883,"(0, 1, 2, 3, 4, 5);(5,);(3, 5);(4, 5);(1, 4, 5);(2, 4, 5)",6,True,Optimization terminated successfully,25.0,1.655100354968225e-06,6.134648344868765e-12,1.8189894035458566e-16,opposite_R_perturbation,opposite,0.06,0.13333333333333333,0.056804746768892245,1.0078130713813493,0.02,0.9370767813523184,0.971801537936028
OMPPI,0.06496412521725765,0.06496412521725765,0.95,0.9991136308639014,full nested chain,6,,,,,,,opposite_R_perturbation,opposite,0.06,0.2,0.05520656816087188,1.0,0.02,1.0,1.0
VectorPPI++,0.08383161903245767,0.08280353716576647,0.9514011032700438,1.134963809793606,joint predictor vector,2,,,,,,,opposite_R_perturbation,opposite,0.06,0.2,0.05520656816087188,1.0124159172648997,0.02,1.2746040509103906,1.1359706991608545
MultiPPI,0.06156723395767381,0.06097668347601412,0.9510965075213607,0.9726417510110182,"(0, 1, 2, 3, 4, 5);(5,);(3, 5);(4, 5);(2, 4, 5);(1, 3, 4, 5)",6,True,Optimization terminated successfully,29.0,4.732885203141202e-07,6.1562976938489555e-12,0.0,opposite_R_perturbation,opposite,0.06,0.2,0.05520656816087188,1.0096848573585013,0.02,0.9386208660871143,0.9735046354737511
OMPPI,0.06496412521725765,0.06496412521725765,0.95,0.9991136308639014,full nested chain,6,,,,,,,opposite_R_perturbation,opposite,0.06,0.26666666666666666,0.05360802166404095,1.0,0.02,1.0,1.0
VectorPPI++,0.08415281203296904,0.08294971342552362,0.9516326309889633,1.1371359849556493,joint predictor vector,2,,,,,,,opposite_R_perturbation,opposite,0.06,0.26666666666666666,0.05360802166404095,1.0145039513430703,0.02,1.2768541583238024,1.1381448013800035
MultiPPI,0.061751799393234726,0.06106004964272282,0.9512801205860244,0.9740985462937016,"(0, 1, 2, 3, 4, 5);(5,);(3, 5);(4, 5);(2, 4, 5);(1, 3, 4, 5)",6,True,Optimization terminated successfully,30.0,3.5798973456454122e-06,6.174949440662658e-12,1.8189894035458566e-16,opposite_R_perturbation,opposite,0.06,0.26666666666666666,0.05360802166404095,1.0113290073388328,0.02,0.9399041307571133,0.9749627231603576
OMPPI,0.06496412521725765,0.06496412521725765,0.95,0.9991136308639014,full nested chain,6,,,,,,,opposite_R_perturbation,opposite,0.06,0.3333333333333333,0.0520091073582238,1.0,0.02,1.0,1.0
VectorPPI++,0.08443510778266408,0.08311168327653895,0.9517893641619866,1.1390416841678344,joint predictor vector,2,,,,,,,opposite_R_perturbation,opposite,0.06,0.3333333333333333,0.0520091073582238,1.015923447269401,0.02,1.2793473782428524,1.1400521912436943
MultiPPI,0.06191428522819458,0.061151483277357616,0.9514075564567825,0.9753792639108544,"(0, 1, 2, 3, 4, 5);(5,);(3, 5);(4, 5);(2, 4, 5);(1, 3, 4, 5)",6,True,Optimization terminated successfully,29.0,7.357086915679439e-07,6.191269719124648e-12,1.8189894035458566e-16,opposite_R_perturbation,opposite,0.06,0.3333333333333333,0.0520091073582238,1.0124739729922365,0.02,0.941311578857569,0.976244576973167
OMPPI,0.06496412521725765,0.06496412521725765,0.95,0.9991136308639014,full nested chain,6,,,,,,,opposite_R_perturbation,opposite,0.06,0.4,0.05040982532340397,1.0,0.02,1.0,1.0
VectorPPI++,0.08468374335251802,0.08328401611728387,0.9518866146651455,1.1407175160764875,joint predictor vector,2,,,,,,,opposite_R_perturbation,opposite,0.06,0.4,0.05040982532340397,1.0168066731227634,0.02,1.2820001168146193,1.1417295098758145
MultiPPI,0.06205786721893141,0.061247690624184795,0.951491274010771,0.9765095829977889,"(0, 1, 2, 3, 4, 5);(5,);(3, 5);(4, 5);(2, 4, 5);(1, 3, 4, 5)",6,True,Optimization terminated successfully,28.0,3.824496452221352e-06,6.2060356853521625e-12,1.8189894035458566e-16,opposite_R_perturbation,opposite,0.06,0.4,0.05040982532340397,1.0132278717203862,0.02,0.9427925092403832,0.9773758988288774
OMPPI,0.06496412521725765,0.06496412521725765,0.95,0.9991136308639014,full nested chain,6,,,,,,,opposite_R_perturbation,opposite,0.06,0.4666666666666667,0.048810175639724666,1.0,0.02,1.0,1.0
VectorPPI++,0.08490294963555603,0.08346308325149315,0.9519355193450276,1.1421929517913438,joint predictor vector,2,,,,,,,opposite_R_perturbation,opposite,0.06,0.4666666666666667,0.048810175639724666,1.0172515359841696,0.02,1.284756517114176,1.1432062545315556
MultiPPI,0.06218511346800764,0.06134644010306593,0.9515404218141494,0.9775102099672268,"(0, 1, 2, 3, 4, 5);(5,);(3, 5);(4, 5);(2, 4, 5);(1, 3, 4, 5)",6,True,Optimization terminated successfully,28.0,2.646655761482031e-06,6.218359160925502e-12,0.0,opposite_R_perturbation,opposite,0.06,0.4666666666666667,0.048810175639724666,1.0136711007767147,0.02,0.9443125709444528,0.9783774135100181
OMPPI,0.06496412521725765,0.06496412521725765,0.95,0.9991136308639014,full nested chain,6,,,,,,,opposite_R_perturbation,opposite,0.06,0.5333333333333333,0.047210158387486295,1.0,0.02,1.0,1.0
VectorPPI++,0.08509616530434652,0.08364655181083674,0.951944164235685,1.1434918710959467,joint predictor vector,2,,,,,,,opposite_R_perturbation,opposite,0.06,0.5333333333333333,0.047210158387486295,1.0173302241649844,0.02,1.2875806690400278,1.1445063261795418
MultiPPI,0.06229811802418651,0.061446246747953785,0.9515617600446138,0.9783979864996758,"(0, 1, 2, 3, 4, 5);(5,);(3, 5);(4, 5);(2, 4, 5);(1, 3, 4, 5)",6,True,Optimization terminated successfully,25.0,6.9656062867620976e-06,6.229683435776678e-12,1.8189894035458566e-16,opposite_R_perturbation,opposite,0.06,0.5333333333333333,0.047210158387486295,1.0138636828336647,0.02,0.945848905722364,0.9792659776382858
OMPPI,0.06496412521725765,0.06496412521725765,0.95,0.9991136308639014,full nested chain,6,,,,,,,opposite_R_perturbation,opposite,0.06,0.6,0.04560977364714821,1.0,0.02,1.0,1.0
VectorPPI++,0.08526619534381019,0.08383304839171529,0.9519183445299446,1.144633702475177,joint predictor vector,2,,,,,,,opposite_R_perturbation,opposite,0.06,0.6,0.04560977364714821,1.0170952503766584,0.02,1.2904514316379208,1.1456491705407412
MultiPPI,0.06239859987199605,0.06154616267791718,0.9515602854162395,0.9791867071753835,"(0, 1, 2, 3, 4, 5);(5,);(3, 5);(4, 5);(2, 4, 5);(1, 3, 4, 5)",6,True,Optimization terminated successfully,23.0,7.221241210590244e-06,6.239675442998305e-12,1.8189894035458566e-16,opposite_R_perturbation,opposite,0.06,0.6,0.04560977364714821,1.0138503711196396,0.02,0.9473869227375897,0.9800553980318658
OMPPI,0.06496412521725765,0.06496412521725765,0.95,0.9991136308639014,full nested chain,6,,,,,,,opposite_R_perturbation,opposite,0.04,0.0,0.04000000000000001,1.0,0.02,1.0,1.0
VectorPPI++,0.08092578661859895,0.08092578661859895,0.95,1.1151198623065193,joint predictor vector,2,,,,,,,opposite_R_perturbation,opposite,0.04,0.0,0.04000000000000001,1.0,0.02,1.2456996280325667,1.1161091470069435
MultiPPI,0.05998967527409229,0.05998967527409229,0.95,0.9600997182214732,"(0, 1, 2, 3, 4, 5);(5,);(3, 5);(4, 5);(1, 4, 5);(2, 4, 5)",6,True,Optimization terminated successfully,23.0,4.941861472564069e-07,5.998979091259571e-12,0.0,opposite_R_perturbation,opposite,0.04,0.0,0.04000000000000001,1.0,0.02,0.9234277391324911,0.9609514759510447
OMPPI,0.06496412521725765,0.06496412521725765,0.95,0.9991136308639014,full nested chain,6,,,,,,,opposite_R_perturbation,opposite,0.04,0.06666666666666667,0.03893508087456447,1.0,0.02,1.0,1.0
VectorPPI++,0.08169160816947824,0.0809770557496523,0.951000093683823,1.1203837713557447,joint predictor vector,2,,,,,,,opposite_R_perturbation,opposite,0.04,0.06666666666666667,0.03893508087456447,1.0088241343577005,0.02,1.2464888194652521,1.121377725961946
MultiPPI,0.060486284230157006,0.06002318375823058,0.9508755984851112,0.964065495880749,"(0, 1, 2, 3, 4, 5);(5,);(3, 5);(4, 5);(1, 4, 5);(2, 4, 5)",6,True,Optimization terminated successfully,23.0,3.4054637538556587e-06,6.04838401585539e-12,0.0,opposite_R_perturbation,opposite,0.04,0.06666666666666667,0.03893508087456447,1.007715360014753,0.02,0.9239435389531804,0.9649207718717165
OMPPI,0.06496412521725765,0.06496412521725765,0.95,0.9991136308639014,full nested chain,6,,,,,,,opposite_R_perturbation,opposite,0.04,0.13333333333333333,0.0378700015681005,1.0,0.02,1.0,1.0
VectorPPI++,0.08236097406089493,0.08110726790549416,0.951737963088519,1.1249645155064845,joint predictor vector,2,,,,,,,opposite_R_perturbation,opposite,0.04,0.13333333333333333,0.0378700015681005,1.0154573836325196,0.02,1.2484931896527423,1.1259625339449768
MultiPPI,0.060919989856056476,0.06010775934313465,0.9515228863168135,0.9675156482231071,"(0, 1, 2, 3, 4, 5);(5,);(3, 5);(4, 5);(1, 4, 5);(2, 4, 5)",6,True,Optimization terminated successfully,26.0,5.688232817948539e-07,6.092237825328084e-12,1.8189894035458566e-16,opposite_R_perturbation,opposite,0.04,0.13333333333333333,0.0378700015681005,1.0135129061837937,0.02,0.9252454203318832,0.9683739850356435
OMPPI,0.06496412521725765,0.06496412521725765,0.95,0.9991136308639014,full nested chain,6,,,,,,,opposite_R_perturbation,opposite,0.04,0.2,0.036804762103167306,1.0,0.02,1.0,1.0
VectorPPI++,0.08295005150836238,0.08128985212780873,0.952282670995372,1.1289804374635208,joint predictor vector,2,,,,,,,opposite_R_perturbation,opposite,0.04,0.2,0.036804762103167306,1.0204232058134806,0.02,1.2513037288804154,1.129982018649198
MultiPPI,0.06128974672784037,0.06025847365779929,0.9519204227609066,0.9704473982360328,"(0, 1, 2, 3, 4, 5);(5,);(3, 5);(4, 5);(2, 4, 5);(1, 3, 4, 5)",6,True,Optimization terminated successfully,27.0,5.002376468954373e-06,6.128986207443177e-12,1.8189894035458566e-16,opposite_R_perturbation,opposite,0.04,0.2,0.036804762103167306,1.0171141585148267,0.02,0.9275653825288743,0.971308335966669
OMPPI,0.06496412521725765,0.06496412521725765,0.95,0.9991136308639014,full nested chain,6,,,,,,,opposite_R_perturbation,opposite,0.04,0.26666666666666666,0.03573936250235868,1.0,0.02,1.0,1.0
VectorPPI++,0.08347151525024679,0.08150673295379635,0.9526824257452184,1.1325235335917125,joint predictor vector,2,,,,,,,opposite_R_perturbation,opposite,0.04,0.26666666666666666,0.03573936250235868,1.0241057667906308,0.02,1.254642199540373,1.1335282580545478
MultiPPI,0.06161307872024299,0.060396979532694,0.9522512461412922,0.9730038123666298,"(0, 1, 2, 3, 4, 5);(5,);(3, 5);(4, 5);(2, 4, 5);(1, 3, 4, 5)",6,True,Optimization terminated successfully,25.0,1.6140253751869867e-06,6.161404719762231e-12,0.0,opposite_R_perturbation,opposite,0.04,0.26666666666666666,0.03573936250235868,1.0201350994198426,0.02,0.9296974188555626,0.9738670180340796
OMPPI,0.06496412521725765,0.06496412521725765,0.95,0.9991136308639014,full nested chain,6,,,,,,,opposite_R_perturbation,opposite,0.04,0.3333333333333333,0.03467380278829581,1.0,0.02,1.0,1.0
VectorPPI++,0.08393543426603775,0.08174551643494307,0.9529715234671796,1.1356663494707637,joint predictor vector,2,,,,,,,opposite_R_perturbation,opposite,0.04,0.3333333333333333,0.03467380278829581,1.0267894549646344,0.02,1.2583178202055965,1.136673862099939
MultiPPI,0.0618997989825208,0.060548236926785244,0.9524892424009548,0.9752651512293419,"(0, 1, 2, 3, 4, 5);(5,);(3, 5);(4, 5);(2, 4, 5);(1, 3, 4, 5)",6,True,Optimization terminated successfully,23.0,7.750175631565473e-08,6.189715406890173e-12,1.8189894035458566e-16,opposite_R_perturbation,opposite,0.04,0.3333333333333333,0.03467380278829581,1.0223220712003531,0.02,0.9320257407345287,0.9761303630559635
OMPPI,0.06496412521725765,0.06496412521725765,0.95,0.9991136308639014,full nested chain,6,,,,,,,opposite_R_perturbation,opposite,0.04,0.4,0.03360808298363121,1.0,0.02,1.0,1.0
VectorPPI++,0.0843498997896589,0.0819976811040738,0.9531747465980915,1.1384668050877034,joint predictor vector,2,,,,,,,opposite_R_perturbation,opposite,0.04,0.4,0.03360808298363121,1.0286864049557645,0.02,1.262199418984729,1.1394768021564352
MultiPPI,0.062155318124937055,0.06070660237829081,0.9526563136253237,0.9772760000411119,"(0, 1, 2, 3, 4, 5);(5,);(3, 5);(4, 5);(2, 4, 5);(1, 3, 4, 5)",6,True,Optimization terminated successfully,25.0,1.796328684926448e-07,6.215472581061476e-12,3.637978807091713e-16,opposite_R_perturbation,opposite,0.04,0.4,0.03360808298363121,1.0238642205277546,0.02,0.9344634777313089,0.978142995803283
OMPPI,0.06496412521725765,0.06496412521725765,0.95,0.9991136308639014,full nested chain,6,,,,,,,opposite_R_perturbation,opposite,0.04,0.4666666666666667,0.03254220311104304,1.0,0.02,1.0,1.0
VectorPPI++,0.08472147835824834,0.08225739233736537,0.9533102215716398,1.1409716391594307,joint predictor vector,2,,,,,,,opposite_R_perturbation,opposite,0.04,0.4666666666666667,0.03254220311104304,1.0299558003343567,0.02,1.2661971828647633,1.141983858405444
MultiPPI,0.06238401903502466,0.06086821092328052,0.9527685146061922,0.9790722959872691,"(0, 1, 2, 3, 4, 5);(5,);(3, 5);(4, 5);(2, 4, 5);(1, 3, 4, 5)",6,True,Optimization terminated successfully,25.0,1.1489960971810675e-07,6.238343175368755e-12,0.0,opposite_R_perturbation,opposite,0.04,0.4666666666666667,0.03254220311104304,1.0249031159081494,0.02,0.9369511360265488,0.9799408853432385
OMPPI,0.06496412521725765,0.06496412521725765,0.95,0.9991136308639014,full nested chain,6,,,,,,,opposite_R_perturbation,opposite,0.04,0.5333333333333333,0.03147616319324184,1.0,0.02,1.0,1.0
VectorPPI++,0.08505554393701881,0.08252071309451925,0.953391315871317,1.143218910805446,joint predictor vector,2,,,,,,,opposite_R_perturbation,opposite,0.04,0.5333333333333333,0.03147616319324184,1.0307175101552524,0.02,1.2702505085467957,1.1442331237308228
MultiPPI,0.0625894863849983,0.06103043505672392,0.9528377490035793,0.9806833016960501,"(0, 1, 2, 3, 4, 5);(5,);(3, 5);(4, 5);(2, 4, 5);(1, 3, 4, 5)",6,True,Optimization terminated successfully,23.0,1.5956783184164066e-06,6.2589933236267825e-12,1.8189894035458566e-16,opposite_R_perturbation,opposite,0.04,0.5333333333333333,0.03147616319324184,1.0255454729566542,0.02,0.9394482701432766,0.9815533202645678
OMPPI,0.06496412521725765,0.06496412521725765,0.95,0.9991136308639014,full nested chain,6,,,,,,,opposite_R_perturbation,opposite,0.04,0.6,0.030409963252968835,1.0,0.02,1.0,1.0
VectorPPI++,0.08535652479496453,0.08278507262750898,0.953427919894847,1.1452398440107003,joint predictor vector,2,,,,,,,opposite_R_perturbation,opposite,0.04,0.6,0.030409963252968835,1.0310617854866877,0.02,1.2743198242207254,1.1462558498180515
MultiPPI,0.06277467684970228,0.061191510946568654,0.952872935282518,0.9821330583999547,"(0, 1, 2, 3, 4, 5);(5,);(3, 5);(4, 5);(2, 4, 5);(1, 3, 4, 5)",6,True,Optimization terminated successfully,27.0,1.7420335472075254e-06,6.27742302583556e-12,0.0,opposite_R_perturbation,opposite,0.04,0.6,0.030409963252968835,1.025872312656506,0.02,0.9419277292186672,0.9830043631280817
OMPPI,0.06496412521725765,0.06496412521725765,0.95,0.9991136308639014,full nested chain,6,,,,,,,opposite_R_perturbation,opposite,0.02,0.0,0.019999999999999744,1.0,0.02,1.0,1.0
VectorPPI++,0.07029954469021471,0.07029954469021471,0.95,1.039332104846196,joint predictor vector,2,,,,,,,opposite_R_perturbation,opposite,0.02,0.0,0.019999999999999744,1.0,0.02,1.0821287049600679,1.0402541540220196
MultiPPI,0.05211847317526202,0.05211847317526202,0.95,0.8948988065702633,"(0, 1, 2, 3, 4, 5);(5,);(3, 5);(4, 5);(1, 4, 5);(2, 4, 5)",6,True,Optimization terminated successfully,26.0,7.952533550465346e-06,5.212275056010185e-12,0.0,opposite_R_perturbation,opposite,0.02,0.0,0.019999999999999744,1.0,0.02,0.8022654503691646,0.8956927209535448
OMPPI,0.06496412521725765,0.06496412521725765,0.95,0.9991136308639014,full nested chain,6,,,,,,,opposite_R_perturbation,opposite,0.02,0.06666666666666667,0.019467560869983778,1.0,0.02,1.0,1.0
VectorPPI++,0.0719341826905002,0.0704086027478199,0.9524181428581548,1.0513461858129216,joint predictor vector,2,,,,,,,opposite_R_perturbation,opposite,0.02,0.06666666666666667,0.019467560869983778,1.0216675219098497,0.02,1.0838074477621986,1.0522788933465521
MultiPPI,0.053313440281756136,0.052200372648687,0.9523806726440411,0.9050997413145175,"(0, 1, 2, 3, 4, 5);(5,);(3, 5);(4, 5);(1, 4, 5);(2, 4, 5)",6,True,Optimization terminated successfully,29.0,2.24386355941554e-06,5.331179941947539e-12,0.0,opposite_R_perturbation,opposite,0.02,0.06666666666666667,0.019467560869983778,1.0213229825112586,0.02,0.8035261380664297,0.9059027055129925
OMPPI,0.06496412521725765,0.06496412521725765,0.95,0.9991136308639014,full nested chain,6,,,,,,,opposite_R_perturbation,opposite,0.02,0.13333333333333333,0.018935082509143435,1.0,0.02,1.0,1.0
VectorPPI++,0.07336415371388591,0.07068365899290632,0.9541510715310944,1.0617445557326237,joint predictor vector,2,,,,,,,opposite_R_perturbation,opposite,0.02,0.13333333333333333,0.018935082509143435,1.0379224103444984,0.02,1.0880414191143342,1.062686488237146
MultiPPI,0.05435494060548998,0.05240605264698099,0.9540742522516257,0.913897731778047,"(0, 1, 2, 3, 4, 5);(5,);(3, 5);(4, 5);(1, 4, 5);(2, 4, 5)",6,True,Optimization terminated successfully,33.0,1.1903170464779261e-05,5.435318861657379e-12,1.8189894035458566e-16,opposite_R_perturbation,opposite,0.02,0.13333333333333333,0.018935082509143435,1.0371882227352085,0.02,0.8066921931407671,0.9147085011620041
OMPPI,0.06496412521725765,0.06496412521725765,0.95,0.9991136308639014,full nested chain,6,,,,,,,opposite_R_perturbation,opposite,0.02,0.2,0.018402564920182645,1.0,0.02,1.0,1.0
VectorPPI++,0.07462506656467824,0.07106657601307584,0.9554029033936804,1.0708298094464301,joint predictor vector,2,,,,,,,opposite_R_perturbation,opposite,0.02,0.2,0.018402564920182645,1.0500726326106897,0.02,1.0939357033656643,1.0717798019836022
MultiPPI,0.055250424964250575,0.052733641446512866,0.9551639999718553,0.921395099457381,"(0, 1, 2, 3, 4, 5);(5,);(3, 5);(4, 5);(2, 4, 5);(1, 3, 4, 5)",6,True,Optimization terminated successfully,26.0,6.916109625015323e-07,5.524691815139704e-12,0.0,opposite_R_perturbation,opposite,0.02,0.2,0.018402564920182645,1.0477263365225868,0.02,0.8117348039422876,0.9222125201721854
OMPPI,0.06496412521725765,0.06496412521725765,0.95,0.9991136308639014,full nested chain,6,,,,,,,opposite_R_perturbation,opposite,0.02,0.26666666666666666,0.017870008105807335,1.0,0.02,1.0,1.0
VectorPPI++,0.07574463546885951,0.07151823511820951,0.956309206402745,1.078832513492454,joint predictor vector,2,,,,,,,opposite_R_perturbation,opposite,0.02,0.26666666666666666,0.017870008105807335,1.0590954229178664,0.02,1.100888142171285,1.0797896056724021
MultiPPI,0.05604004187963313,0.05306776013970376,0.9560014066717781,0.9279558463431002,"(0, 1, 2, 3, 4, 5);(5,);(3, 5);(4, 5);(2, 4, 5);(1, 3, 4, 5)",6,True,Optimization terminated successfully,21.0,7.476592209282527e-08,5.60440582830779e-12,1.8189894035458566e-16,opposite_R_perturbation,opposite,0.02,0.26666666666666666,0.017870008105807335,1.0560091801897173,0.02,0.8168779301226758,0.9287790874604791
OMPPI,0.06496412521725765,0.06496412521725765,0.95,0.9991136308639014,full nested chain,6,,,,,,,opposite_R_perturbation,opposite,0.02,0.3333333333333333,0.01733741206872318,1.0,0.02,1.0,1.0
VectorPPI++,0.07674475744627063,0.07201201451653738,0.9569624236069585,1.0859315363944588,joint predictor vector,2,,,,,,,opposite_R_perturbation,opposite,0.02,0.3333333333333333,0.01733741206872318,1.0657215738444088,0.02,1.1084889433315646,1.0868949265115009
MultiPPI,0.05674150543809781,0.0534311903096613,0.9565923520796344,0.9337454825907208,"(0, 1, 2, 3, 4, 5);(5,);(3, 5);(4, 5);(2, 4, 5);(1, 3, 4, 5)",6,True,Optimization terminated successfully,23.0,1.2204515531347629e-06,5.67412783425425e-12,1.8189894035458566e-16,opposite_R_perturbation,opposite,0.02,0.3333333333333333,0.01733741206872318,1.0619547329799603,0.02,0.8224722511227991,0.9345738600156432
OMPPI,0.06496412521725765,0.06496412521725765,0.95,0.9991136308639014,full nested chain,6,,,,,,,opposite_R_perturbation,opposite,0.02,0.4,0.016804776811639773,1.0,0.02,1.0,1.0
VectorPPI++,0.07764296249868435,0.07252967019108875,0.9574270439184662,1.0922678117666824,joint predictor vector,2,,,,,,,opposite_R_perturbation,opposite,0.02,0.4,0.016804776811639773,1.0704993183358478,0.02,1.116457274665515,1.0932368231451648
MultiPPI,0.057368133832550176,0.05381028007987446,0.9570012234502658,0.9388872642395591,"(0, 1, 2, 3, 4, 5);(5,);(3, 5);(4, 5);(2, 4, 5);(1, 3, 4, 5)",6,True,Optimization terminated successfully,24.0,3.8074635036952756e-07,5.736633390540646e-12,1.8189894035458566e-16,opposite_R_perturbation,opposite,0.02,0.4,0.016804776811639773,1.066118476755641,0.02,0.8283076220901658,0.9397202032242654
OMPPI,0.06496412521725765,0.06496412521725765,0.95,0.9991136308639014,full nested chain,6,,,,,,,opposite_R_perturbation,opposite,0.02,0.4666666666666667,0.016272102337268234,1.0,0.02,1.0,1.0
VectorPPI++,0.07845344786435979,0.07305867234153224,0.9577489413915685,1.0979538957759778,joint predictor vector,2,,,,,,,opposite_R_perturbation,opposite,0.02,0.4666666666666667,0.016272102337268234,1.073841685729084,0.02,1.1246002635639936,1.0989279515950678
MultiPPI,0.05793067639487893,0.05419572985588038,0.9572736469434515,0.9434793221388259,"(0, 1, 2, 3, 4, 5);(5,);(3, 5);(4, 5);(2, 4, 5);(1, 3, 4, 5)",6,True,Optimization terminated successfully,24.0,3.864542786402269e-07,5.793143742494067e-12,1.8189894035458566e-16,opposite_R_perturbation,opposite,0.02,0.4666666666666667,0.016272102337268234,1.068915882283174,0.02,0.8342408933335923,0.9443163349928774
OMPPI,0.06496412521725765,0.06496412521725765,0.95,0.9991136308639014,full nested chain,6,,,,,,,opposite_R_perturbation,opposite,0.02,0.5333333333333333,0.01573938864832036,1.0,0.02,1.0,1.0
VectorPPI++,0.07918782956141956,0.07359044836674425,0.9579612889881663,1.1030807520038381,joint predictor vector,2,,,,,,,opposite_R_perturbation,opposite,0.02,0.5333333333333333,0.01573938864832036,1.0760612459755685,0.02,1.1327859510250902,1.104059356141543
MultiPPI,0.05843790142201263,0.054581228023430586,0.9574425136675475,0.9476007426768811,"(0, 1, 2, 3, 4, 5);(5,);(3, 5);(4, 5);(2, 4, 5);(1, 3, 4, 5)",6,True,Optimization terminated successfully,25.0,4.933134611121449e-06,5.8436588901145115e-12,1.8189894035458566e-16,opposite_R_perturbation,opposite,0.02,0.5333333333333333,0.01573938864832036,1.0706593372528455,0.02,0.8401749094734388,0.948441411871762
OMPPI,0.06496412521725765,0.06496412521725765,0.95,0.9991136308639014,full nested chain,6,,,,,,,opposite_R_perturbation,opposite,0.02,0.6,0.015206635747510258,1.0,0.02,1.0,1.0
VectorPPI++,0.07985569755705504,0.0741192043611194,0.9580883988028825,1.107722661613874,joint predictor vector,2,,,,,,,opposite_R_perturbation,opposite,0.02,0.6,0.015206635747510258,1.0773955042472747,0.02,1.1409251508158493,1.1087053838471426
MultiPPI,0.05889702893447926,0.054962535432854974,0.9575318864666347,0.951315954482069,"(0, 1, 2, 3, 4, 5);(5,);(3, 5);(4, 5);(2, 4, 5);(1, 3, 4, 5)",6,True,Optimization terminated successfully,25.0,8.388117009677508e-08,5.889400078729068e-12,0.0,opposite_R_perturbation,opposite,0.02,0.6,0.015206635747510258,1.0715850073261424,0.02,0.8460444168076665,0.9521599196474746
OMPPI,0.06496412521725765,0.06496412521725765,0.95,0.9991136308639014,full nested chain,6,,,,,,,pure_R_perturbation,worst,0.1,0.0,0.09999999999999915,1.0,0.02,1.0,1.0
VectorPPI++,0.08034795327148056,0.08034795327148056,0.95,1.1111315922417981,joint predictor vector,2,,,,,,,pure_R_perturbation,worst,0.1,0.0,0.09999999999999915,1.0,0.02,1.2368049750962584,1.1121173387265655
MultiPPI,0.05837781845292706,0.05837781845292706,0.95,0.9471134792175158,"(0, 1, 2, 3, 4, 5);(5,);(3, 5);(4, 5);(1, 4, 5);(2, 4, 5)",6,True,Optimization terminated successfully,26.0,3.5679140150600865e-07,5.837552663479073e-12,0.0,pure_R_perturbation,worst,0.1,0.0,0.09999999999999915,1.0,0.02,0.8986162479321596,0.9479537161339469
OMPPI,0.06496412521725765,0.06496412521725765,0.95,0.9991136308639014,full nested chain,6,,,,,,,pure_R_perturbation,worst,0.1,0.06666666666666667,0.09333333333333335,1.0,0.02,1.0,1.0
VectorPPI++,0.08005560190447406,0.08037527015178186,0.9495422104114288,1.10910828701605,joint predictor vector,2,,,,,,,pure_R_perturbation,worst,0.1,0.06666666666666667,0.09333333333333335,0.9960228034480737,0.02,1.2372254668709102,1.110092238514492
MultiPPI,0.05821777058679011,0.05839155939201897,0.949657836684286,0.9458142911624288,"(0, 1, 2, 3, 4, 5);(5,);(3, 5);(4, 5);(1, 4, 5);(2, 4, 5)",6,True,Optimization terminated successfully,24.0,1.0349275465541653e-07,5.821676474226933e-12,1.8189894035458566e-16,pure_R_perturbation,worst,0.1,0.06666666666666667,0.09333333333333335,0.9970237341314675,0.02,0.8988277637348576,0.946653375497053
OMPPI,0.06496412521725765,0.06496412521725765,0.95,0.9991136308639014,full nested chain,6,,,,,,,pure_R_perturbation,worst,0.1,0.13333333333333333,0.08666666666666678,1.0,0.02,1.0,1.0
VectorPPI++,0.0797045708715268,0.08047404323480886,0.9488919167437291,1.1066739841960083,joint predictor vector,2,,,,,,,pure_R_perturbation,worst,0.1,0.13333333333333333,0.08666666666666678,0.9904382539716952,0.02,1.2387458919162204,1.1076557760893553
MultiPPI,0.05802811131724773,0.05844164121883931,0.949182463546022,0.9442724184637861,"(0, 1, 2, 3, 4, 5);(5,);(3, 5);(4, 5);(1, 4, 5);(2, 4, 5)",6,True,Optimization terminated successfully,24.0,2.0627215659358794e-06,5.802469615900918e-12,1.8189894035458566e-16,pure_R_perturbation,worst,0.1,0.13333333333333333,0.08666666666666678,0.9929240539285492,0.02,0.8995986788615196,0.945110134917591
OMPPI,0.06496412521725765,0.06496412521725765,0.95,0.9991136308639014,full nested chain,6,,,,,,,pure_R_perturbation,worst,0.1,0.2,0.08000000000000021,1.0,0.02,1.0,1.0
VectorPPI++,0.07928064502084628,0.08067961980861818,0.9479713843047946,1.103727019014484,joint predictor vector,2,,,,,,,pure_R_perturbation,worst,0.1,0.2,0.08000000000000021,0.9826601217123924,0.02,1.24191035496597,1.1047061964915108
MultiPPI,0.05780134219754363,0.05854676302075162,0.9485188112294933,0.9424255425925457,"(0, 1, 2, 3, 4, 5);(5,);(3, 5);(4, 5);(1, 4, 5);(2, 4, 5)",6,True,Optimization terminated successfully,22.0,5.257470612602097e-06,5.78004311080349e-12,1.8189894035458566e-16,pure_R_perturbation,worst,0.1,0.2,0.08000000000000021,0.9872679413045641,0.02,0.901216830442269,0.9432616205802945
OMPPI,0.06496412521725765,0.06496412521725765,0.95,0.9991136308639014,full nested chain,6,,,,,,,pure_R_perturbation,worst,0.1,0.26666666666666666,0.07333333333333365,1.0,0.02,1.0,1.0
VectorPPI++,0.07876431023932845,0.0810477328137428,0.9466598583232111,1.1001270005317692,joint predictor vector,2,,,,,,,pure_R_perturbation,worst,0.1,0.26666666666666666,0.07333333333333365,0.9718262004976508,0.02,1.2475767593683007,1.1011029842326592
MultiPPI,0.057527119714891356,0.05873662484663373,0.9475813131089446,0.9401873461345803,"(0, 1, 2, 3, 4, 5);(5,);(3, 5);(4, 5);(1, 4, 5);(2, 4, 5)",6,True,Optimization terminated successfully,21.0,1.4715033177113134e-06,5.752509579792786e-12,0.0,pure_R_perturbation,worst,0.1,0.26666666666666666,0.07333333333333365,0.9794079905867847,0.02,0.9041393946305368,0.9410214384940686
OMPPI,0.06496412521725765,0.06496412521725765,0.95,0.9991136308639014,full nested chain,6,,,,,,,pure_R_perturbation,worst,0.1,0.3333333333333333,0.06666666666666701,1.0,0.02,1.0,1.0
VectorPPI++,0.07812807117868875,0.08166887484632354,0.9447627655391659,1.0956747111678582,joint predictor vector,2,,,,,,,pure_R_perturbation,worst,0.1,0.3333333333333333,0.06666666666666701,0.9566443926857383,0.02,1.2571380677135369,1.0966467449958255
MultiPPI,0.05719077576669119,0.05905990180702824,0.946231908047463,0.9374348191342067,"(0, 1, 2, 3, 4, 5);(5,);(3, 5);(4, 5);(1, 4, 5);(2, 4, 5)",6,True,Optimization terminated successfully,21.0,7.68402440886227e-06,5.719091866751569e-12,1.8189894035458566e-16,pure_R_perturbation,worst,0.1,0.3333333333333333,0.06666666666666701,0.9683520293270345,0.02,0.9091156328129704,0.9382664695742735
OMPPI,0.06496412521725765,0.06496412521725765,0.95,0.9991136308639014,full nested chain,6,,,,,,,pure_R_perturbation,worst,0.1,0.4,0.0600000000000002,1.0,0.02,1.0,1.0
VectorPPI++,0.07733194796809703,0.08269548735877755,0.9419523576789441,1.0900779671996044,joint predictor vector,2,,,,,,,pure_R_perturbation,worst,0.1,0.4,0.0600000000000002,0.935141087355703,0.02,1.2729408282220596,1.0910450358454715
MultiPPI,0.05677080684581695,0.059599518728757704,0.9442374416043608,0.9339865453330385,"(0, 1, 2, 3, 4, 5);(5,);(3, 5);(4, 5);(1, 4, 5);(2, 4, 5)",6,True,Optimization terminated successfully,28.0,3.314714579791989e-06,5.676903391815813e-12,1.8189894035458566e-16,pure_R_perturbation,worst,0.1,0.4,0.0600000000000002,0.9525380079692514,0.02,0.9174220160656478,0.9348151366180946
OMPPI,0.06496412521725765,0.06496412521725765,0.95,0.9991136308639014,full nested chain,6,,,,,,,pure_R_perturbation,worst,0.1,0.4666666666666667,0.05333333333333394,1.0,0.02,1.0,1.0
VectorPPI++,0.0763155254498383,0.08439649504916702,0.9376460005153597,1.0828904808801088,joint predictor vector,2,,,,,,,pure_R_perturbation,worst,0.1,0.4666666666666667,0.05333333333333394,0.9042499384053689,0.02,1.299124628661161,1.083851173108076
MultiPPI,0.05618037848529991,0.06148151313107346,0.9390092268579839,0.9291170227313452,"(0, 1, 2, 3, 4, 5);(5,);(3, 5);(4, 5);(2, 4, 5);(1, 2, 4, 5)",6,True,Optimization terminated successfully,26.0,2.1565742677870246e-06,5.61806157151068e-12,0.0,pure_R_perturbation,worst,0.1,0.4666666666666667,0.05333333333333394,0.9137767700272442,0.02,0.9463917650774578,0.929941293992724
OMPPI,0.06496412521725765,0.06496412521725765,0.95,0.9991136308639014,full nested chain,6,,,,,,,pure_R_perturbation,worst,0.1,0.5333333333333333,0.04666666666666722,1.0,0.02,1.0,1.0
VectorPPI++,0.07498302254881978,0.0872748903638052,0.930738021462608,1.0733949755285241,joint predictor vector,2,,,,,,,pure_R_perturbation,worst,0.1,0.5333333333333333,0.04666666666666722,0.8591591720855014,0.02,1.343432087662757,1.0743472437668518
MultiPPI,0.05529417626391096,0.06357441679147653,0.9324317505401574,0.9217598410475834,"(0, 1, 2, 3, 4, 5);(5,);(3, 5);(4, 5);(2, 4, 5);(1, 2, 4, 5)",6,True,Optimization terminated successfully,30.0,5.1859874851263495e-08,5.529243729540667e-12,0.0,pure_R_perturbation,worst,0.1,0.5333333333333333,0.04666666666666722,0.8697551476606592,0.02,0.9786080637408175,0.9225775853448894
OMPPI,0.06496412521725765,0.06496412521725765,0.95,0.9991136308639014,full nested chain,6,,,,,,,pure_R_perturbation,worst,0.1,0.6,0.04000000000000044,1.0,0.02,1.0,1.0
VectorPPI++,0.07317299366840371,0.09234556499419547,0.9189592026172118,1.0603603952696175,joint predictor vector,2,,,,,,,pure_R_perturbation,worst,0.1,0.6,0.04000000000000044,0.7923823268935885,0.02,1.4214855458357494,1.0613010998085952
MultiPPI,0.05405626188382484,0.06735302803030445,0.9208895120532015,0.9113833529912,"(0, 1, 2, 3, 4, 5);(5,);(3, 5);(4, 5);(2, 4, 5);(1, 2, 4, 5)",6,True,Optimization terminated successfully,32.0,5.076701992171691e-07,5.405453862294962e-12,1.8189894035458566e-16,pure_R_perturbation,worst,0.1,0.6,0.04000000000000044,0.8025810192156924,0.02,1.0367726465192544,0.9121918917302291
OMPPI,0.06496412521725765,0.06496412521725765,0.95,0.9991136308639014,full nested chain,6,,,,,,,pure_R_perturbation,worst,0.08,0.0,0.07999999999999957,1.0,0.02,1.0,1.0
VectorPPI++,0.08193799978715532,0.08193799978715532,0.95,1.1220721046927442,joint predictor vector,2,,,,,,,pure_R_perturbation,worst,0.08,0.0,0.07999999999999957,1.0,0.02,1.2612807378400375,1.123067557113123
MultiPPI,0.05994263329614059,0.05994263329614059,0.95,0.9597232047024656,"(0, 1, 2, 3, 4, 5);(5,);(3, 5);(4, 5);(1, 4, 5);(2, 4, 5)",6,True,Optimization terminated successfully,23.0,6.6689646181309735e-06,5.994205132253683e-12,1.8189894035458566e-16,pure_R_perturbation,worst,0.08,0.0,0.07999999999999957,1.0,0.02,0.9227036167373327,0.9605746284060042
OMPPI,0.06496412521725765,0.06496412521725765,0.95,0.9991136308639014,full nested chain,6,,,,,,,pure_R_perturbation,worst,0.08,0.06666666666666667,0.07466666666666676,1.0,0.02,1.0,1.0
VectorPPI++,0.08154060516756154,0.08197157952796558,0.9493938896136025,1.1193478046892598,joint predictor vector,2,,,,,,,pure_R_perturbation,worst,0.08,0.06666666666666667,0.07466666666666676,0.9947423928770702,0.02,1.261797634522598,1.1203408402319521
MultiPPI,0.05971656597800934,0.059960788980334995,0.9495311233802346,0.9579117477467048,"(0, 1, 2, 3, 4, 5);(5,);(3, 5);(4, 5);(1, 4, 5);(2, 4, 5)",6,True,Optimization terminated successfully,23.0,1.365922792932182e-07,5.971445560248867e-12,0.0,pure_R_perturbation,worst,0.08,0.06666666666666667,0.07466666666666676,0.995926954823664,0.02,0.9229830892020766,0.9587615644062722
OMPPI,0.06496412521725765,0.06496412521725765,0.95,0.9991136308639014,full nested chain,6,,,,,,,pure_R_perturbation,worst,0.08,0.13333333333333333,0.06933333333333333,1.0,0.02,1.0,1.0
VectorPPI++,0.08107097210231112,0.0820934340882836,0.9485515489757401,1.1161197084267804,joint predictor vector,2,,,,,,,pure_R_perturbation,worst,0.08,0.13333333333333333,0.06933333333333333,0.9875451429541501,0.02,1.263673355313273,1.1171098801461727
MultiPPI,0.05945131488084234,0.06002720518274173,0.9488881562006255,0.9557819373703935,"(0, 1, 2, 3, 4, 5);(5,);(3, 5);(4, 5);(1, 4, 5);(2, 4, 5)",6,True,Optimization terminated successfully,22.0,1.2049833511605438e-06,5.945133274565251e-12,0.0,pure_R_perturbation,worst,0.08,0.13333333333333333,0.06933333333333333,0.9904061783295391,0.02,0.9240054411876475,0.956629864557007
OMPPI,0.06496412521725765,0.06496412521725765,0.95,0.9991136308639014,full nested chain,6,,,,,,,pure_R_perturbation,worst,0.08,0.2,0.06400000000000011,1.0,0.02,1.0,1.0
VectorPPI++,0.08051126281252738,0.08234790287004803,0.9473747988796524,1.112260222603337,joint predictor vector,2,,,,,,,pure_R_perturbation,worst,0.08,0.2,0.06400000000000011,0.9776965776478967,0.02,1.2675904215542704,1.1132469703587182
MultiPPI,0.05913676505923522,0.06016711265829441,0.947997077288802,0.9532501198827416,"(0, 1, 2, 3, 4, 5);(5,);(3, 5);(4, 5);(1, 4, 5);(2, 4, 5)",6,True,Optimization terminated successfully,27.0,4.672488836088805e-06,5.913491918363434e-12,0.0,pure_R_perturbation,worst,0.08,0.2,0.06400000000000011,0.9828752360959913,0.02,0.9261590525090465,0.9540958009535881
OMPPI,0.06496412521725765,0.06496412521725765,0.95,0.9991136308639014,full nested chain,6,,,,,,,pure_R_perturbation,worst,0.08,0.26666666666666666,0.05866666666666673,1.0,0.02,1.0,1.0
VectorPPI++,0.07983699827094035,0.0828048992708906,0.9457104225766164,1.1075929599372603,joint predictor vector,2,,,,,,,pure_R_perturbation,worst,0.08,0.26666666666666666,0.05866666666666673,0.9641579057992574,0.02,1.2746250179459595,1.108575567104975
MultiPPI,0.058758955406708134,0.06042063160987827,0.9467422182649983,0.9502002053080639,"(0, 1, 2, 3, 4, 5);(5,);(3, 5);(4, 5);(1, 4, 5);(2, 4, 5)",6,True,Optimization terminated successfully,20.0,2.003680031514959e-06,5.8759663801311035e-12,3.637978807091713e-16,pure_R_perturbation,worst,0.08,0.26666666666666666,0.05866666666666673,0.9724981987295468,0.02,0.9300614979085039,0.9510431806304719
OMPPI,0.06496412521725765,0.06496412521725765,0.95,0.9991136308639014,full nested chain,6,,,,,,,pure_R_perturbation,worst,0.08,0.3333333333333333,0.05333333333333336,1.0,0.02,1.0,1.0
VectorPPI++,0.07901367992526967,0.08357802999366054,0.9433100838863719,1.101867138459859,joint predictor vector,2,,,,,,,pure_R_perturbation,worst,0.08,0.3333333333333333,0.05333333333333336,0.9453881592000065,0.02,1.2865259050922788,1.1028446659336537
MultiPPI,0.058298067113774575,0.06085362252142381,0.9449356508333491,0.9464663208876002,"(0, 1, 2, 3, 4, 5);(5,);(3, 5);(4, 5);(1, 4, 5);(2, 4, 5)",6,True,Optimization terminated successfully,20.0,7.997755298789771e-06,5.829559057701772e-12,0.0,pure_R_perturbation,worst,0.08,0.3333333333333333,0.05333333333333336,0.9580048762627149,0.02,0.9367265751353195,0.9473059836739703
OMPPI,0.06496412521725765,0.06496412521725765,0.95,0.9991136308639014,full nested chain,6,,,,,,,pure_R_perturbation,worst,0.08,0.4,0.04799999999999986,1.0,0.02,1.0,1.0
VectorPPI++,0.07799110796397588,0.08485894522311899,0.9397525773321511,1.0947138980097455,joint predictor vector,2,,,,,,,pure_R_perturbation,worst,0.08,0.4,0.04799999999999986,0.9190676098897346,0.02,1.3062431755884907,1.0956850794470512
MultiPPI,0.057725001803172964,0.06157854686638583,0.9422573565924179,0.941802988636972,"(0, 1, 2, 3, 4, 5);(5,);(3, 5);(4, 5);(1, 4, 5);(2, 4, 5)",6,True,Optimization terminated successfully,25.0,2.263895462138014e-07,5.772493594236039e-12,1.8189894035458566e-16,pure_R_perturbation,worst,0.08,0.4,0.04799999999999986,0.9374206560675368,0.02,0.9478854161500746,0.9426385143225654
OMPPI,0.06496412521725765,0.06496412521725765,0.95,0.9991136308639014,full nested chain,6,,,,,,,pure_R_perturbation,worst,0.08,0.4666666666666667,0.042666666666666714,1.0,0.02,1.0,1.0
VectorPPI++,0.07669332690653552,0.08698643679145346,0.934283555955703,1.085567606615984,joint predictor vector,2,,,,,,,pure_R_perturbation,worst,0.08,0.4666666666666667,0.042666666666666714,0.8816699445961298,0.02,1.3389918897629611,1.0865306738707274
MultiPPI,0.05693936525722865,0.06387634482303295,0.935755588363326,0.9353720690978656,"(0, 1, 2, 3, 4, 5);(5,);(3, 5);(4, 5);(2, 4, 5);(1, 2, 4, 5)",6,True,Optimization terminated successfully,22.0,1.541721522885423e-07,5.694111848697503e-12,0.0,pure_R_perturbation,worst,0.08,0.4666666666666667,0.042666666666666714,0.8913998666482412,0.02,0.983255675488789,0.936201889557927
OMPPI,0.06496412521725765,0.06496412521725765,0.95,0.9991136308639014,full nested chain,6,,,,,,,pure_R_perturbation,worst,0.08,0.5333333333333333,0.03733333333333352,1.0,0.02,1.0,1.0
VectorPPI++,0.07499968667817544,0.09059600553659292,0.9254617711260897,1.0735142438536578,joint predictor vector,2,,,,,,,pure_R_perturbation,worst,0.08,0.5333333333333333,0.03733333333333352,0.8278476102114909,0.02,1.3945543826475812,1.074466617901534
MultiPPI,0.055781613366611894,0.06658458266538972,0.9271765101597569,0.9258137408781976,"(0, 1, 2, 3, 4, 5);(5,);(3, 5);(4, 5);(2, 4, 5);(1, 2, 4, 5)",6,True,Optimization terminated successfully,31.0,3.7492838786803143e-07,5.578093542624174e-12,1.8189894035458566e-16,pure_R_perturbation,worst,0.08,0.5333333333333333,0.03733333333333352,0.8377556955929808,0.02,1.0249438816071612,0.9266350816149673
OMPPI,0.06496412521725765,0.06496412521725765,0.95,0.9991136308639014,full nested chain,6,,,,,,,pure_R_perturbation,worst,0.08,0.6,0.03200000000000022,1.0,0.02,1.0,1.0
VectorPPI++,0.07270624635840983,0.09697520099265891,0.9103194185061523,1.0569731337987236,joint predictor vector,2,,,,,,,pure_R_perturbation,worst,0.08,0.6,0.03200000000000022,0.7497406101165364,0.02,1.4927500473276218,1.0579108333101142
MultiPPI,0.054168415578234874,0.07148106533500861,0.9120260154074615,0.9123283133303174,"(0, 1, 2, 3, 4, 5);(5,);(3, 5);(4, 5);(2, 4, 5);(1, 2, 4, 5)",6,True,Optimization terminated successfully,29.0,2.0497995711182264e-06,5.416778137146139e-12,1.8189894035458566e-16,pure_R_perturbation,worst,0.08,0.6,0.03200000000000022,0.757800899082366,0.02,1.100315983567185,0.9131376903960928
OMPPI,0.06496412521725765,0.06496412521725765,0.95,0.9991136308639014,full nested chain,6,,,,,,,pure_R_perturbation,worst,0.06,0.0,0.05999999999999908,1.0,0.02,1.0,1.0
VectorPPI++,0.08256021674499539,0.08256021674499539,0.95,1.1263244165931616,joint predictor vector,2,,,,,,,pure_R_perturbation,worst,0.06,0.0,0.05999999999999908,1.0,0.02,1.2708585926292648,1.1273236414753598
MultiPPI,0.060806085268035756,0.060806085268035756,0.95,0.9666107233106305,"(0, 1, 2, 3, 4, 5);(5,);(3, 5);(4, 5);(1, 4, 5);(2, 4, 5)",6,True,Optimization terminated successfully,23.0,5.980074541661369e-07,6.08058048356952e-12,0.0,pure_R_perturbation,worst,0.06,0.0,0.05999999999999908,1.0,0.02,0.9359948289103212,0.9674682573140688
OMPPI,0.06496412521725765,0.06496412521725765,0.95,0.9991136308639014,full nested chain,6,,,,,,,pure_R_perturbation,worst,0.06,0.06666666666666667,0.056000000000000195,1.0,0.02,1.0,1.0
VectorPPI++,0.08199794764036403,0.0826046441136137,0.9491511491648548,1.1224824973992094,joint predictor vector,2,,,,,,,pure_R_perturbation,worst,0.06,0.06666666666666667,0.056000000000000195,0.9926554193198238,0.02,1.27154246805235,1.123478313901728
MultiPPI,0.06046867974349144,0.06083235083980964,0.9493102086460725,0.9639251904092212,"(0, 1, 2, 3, 4, 5);(5,);(3, 5);(4, 5);(1, 4, 5);(2, 4, 5)",6,True,Optimization terminated successfully,21.0,2.869704048644081e-07,6.0467186813184526e-12,1.8189894035458566e-16,pure_R_perturbation,worst,0.06,0.06666666666666667,0.056000000000000195,0.9940217484398086,0.02,0.9363991377759611,0.9647803419274203
OMPPI,0.06496412521725765,0.06496412521725765,0.95,0.9991136308639014,full nested chain,6,,,,,,,pure_R_perturbation,worst,0.06,0.13333333333333333,0.052000000000000046,1.0,0.02,1.0,1.0
VectorPPI++,0.08133998175406365,0.08276637215277141,0.9479840395378645,1.117969928726613,joint predictor vector,2,,,,,,,pure_R_perturbation,worst,0.06,0.13333333333333333,0.052000000000000046,0.9827660635399736,0.02,1.274031965734599,1.1189617418790898
MultiPPI,0.06007452831730818,0.06092868377313971,0.9483665408414286,0.9607784899831231,"(0, 1, 2, 3, 4, 5);(5,);(3, 5);(4, 5);(1, 4, 5);(2, 4, 5)",6,True,Optimization terminated successfully,21.0,2.5542899395646527e-07,6.0075278085491846e-12,3.637978807091713e-16,pure_R_perturbation,worst,0.06,0.13333333333333333,0.052000000000000046,0.9859810617440569,0.02,0.9378820013257727,0.9616308498887848
OMPPI,0.06496412521725765,0.06496412521725765,0.95,0.9991136308639014,full nested chain,6,,,,,,,pure_R_perturbation,worst,0.06,0.2,0.04800000000000018,1.0,0.02,1.0,1.0
VectorPPI++,0.08056228487088948,0.08310516297725842,0.9463615870506441,1.1126126007421475,joint predictor vector,2,,,,,,,pure_R_perturbation,worst,0.06,0.2,0.04800000000000018,0.9694016831774364,0.02,1.2792470105513192,1.113599661111727
MultiPPI,0.05960877819630995,0.06113216923157813,0.9470574379252872,0.957046846905656,"(0, 1, 2, 3, 4, 5);(5,);(3, 5);(4, 5);(1, 4, 5);(2, 4, 5)",6,True,Optimization terminated successfully,21.0,1.2647999320292924e-06,5.9605653746075404e-12,0.0,pure_R_perturbation,worst,0.06,0.2,0.04800000000000018,0.9750803700503847,0.02,0.9410142756041981,0.9578958962636996
OMPPI,0.06496412521725765,0.06496412521725765,0.95,0.9991136308639014,full nested chain,6,,,,,,,pure_R_perturbation,worst,0.06,0.26666666666666666,0.04400000000000001,1.0,0.02,1.0,1.0
VectorPPI++,0.07963185062267444,0.08371538005561774,0.9440678740411115,1.1061690196035499,joint predictor vector,2,,,,,,,pure_R_perturbation,worst,0.06,0.26666666666666666,0.04400000000000001,0.95122127582494,0.02,1.2886401498619553,1.1071503635147897
MultiPPI,0.05905089471585118,0.06150192617440512,0.9452067122306702,0.9525577785648209,"(0, 1, 2, 3, 4, 5);(5,);(3, 5);(4, 5);(1, 4, 5);(2, 4, 5)",6,True,Optimization terminated successfully,23.0,5.776937188746958e-07,5.904721156468895e-12,0.0,pure_R_perturbation,worst,0.06,0.26666666666666666,0.04400000000000001,0.9601470781320997,0.02,0.946705985322299,0.953402845421271
OMPPI,0.06496412521725765,0.06496412521725765,0.95,0.9991136308639014,full nested chain,6,,,,,,,pure_R_perturbation,worst,0.06,0.3333333333333333,0.040000000000000036,1.0,0.02,1.0,1.0
VectorPPI++,0.07850210028220575,0.0847507040507379,0.9407491500289984,1.0982942876517094,joint predictor vector,2,,,,,,,pure_R_perturbation,worst,0.06,0.3333333333333333,0.040000000000000036,0.9262707745201588,0.02,1.3045770071914085,1.0992686454513185
MultiPPI,0.058371663438585776,0.062135312158573056,0.9425245479050941,0.9470635488598305,"(0, 1, 2, 3, 4, 5);(5,);(3, 5);(4, 5);(1, 4, 5);(2, 4, 5)",6,True,Optimization terminated successfully,23.0,1.3979860324501937e-06,5.8369975519667605e-12,0.0,pure_R_perturbation,worst,0.06,0.3333333333333333,0.040000000000000036,0.9394281836006195,0.02,0.9564557661751886,0.947903741480271
OMPPI,0.06496412521725765,0.06496412521725765,0.95,0.9991136308639014,full nested chain,6,,,,,,,pure_R_perturbation,worst,0.06,0.4,0.03600000000000016,1.0,0.02,1.0,1.0
VectorPPI++,0.07710511868778605,0.08647119796749997,0.935798275580046,1.0884780903699682,joint predictor vector,2,,,,,,,pure_R_perturbation,worst,0.06,0.4,0.03600000000000016,0.891685561205777,0.02,1.3310607612788878,1.0894437396763332
MultiPPI,0.05752806800794663,0.06319924462469895,0.9385104629052146,0.9401950952576132,"(0, 1, 2, 3, 4, 5);(5,);(3, 5);(4, 5);(1, 4, 5);(2, 4, 5)",6,True,Optimization terminated successfully,21.0,3.0239457777611966e-06,5.752953669002636e-12,1.8189894035458566e-16,pure_R_perturbation,worst,0.06,0.4,0.03600000000000016,0.9102651202489854,0.02,0.9728329968785623,0.9410291944917785
OMPPI,0.06496412521725765,0.06496412521725765,0.95,0.9991136308639014,full nested chain,6,,,,,,,pure_R_perturbation,worst,0.06,0.4666666666666667,0.03200000000000009,1.0,0.02,1.0,1.0
VectorPPI++,0.07533785151079395,0.08933853938384431,0.928114999410417,1.0759316971226076,joint predictor vector,2,,,,,,,pure_R_perturbation,worst,0.06,0.4666666666666667,0.03200000000000009,0.8432850148478899,0.02,1.3751980663954453,1.076886215827407
MultiPPI,0.05639424441711335,0.06622814663347766,0.9294879028902345,0.9308838115522269,"(0, 1, 2, 3, 4, 5);(5,);(3, 5);(4, 5);(2, 4, 5);(1, 2, 4, 5)",6,True,Optimization terminated successfully,29.0,1.5380822869994555e-08,5.639377853583483e-12,1.8189894035458566e-16,pure_R_perturbation,worst,0.06,0.4666666666666667,0.03200000000000009,0.8515147604720472,0.02,1.0194572221513454,0.931709650229996
OMPPI,0.06496412521725765,0.06496412521725765,0.95,0.9991136308639014,full nested chain,6,,,,,,,pure_R_perturbation,worst,0.06,0.5333333333333333,0.028000000000000316,1.0,0.02,1.0,1.0
VectorPPI++,0.07303594307617711,0.09422382041750288,0.9155776857176423,1.0593669199247153,joint predictor vector,2,,,,,,,pure_R_perturbation,worst,0.06,0.5333333333333333,0.028000000000000316,0.775132474490602,0.02,1.4503977403281099,1.0603067430965933
MultiPPI,0.05475501414179691,0.07003603304705715,0.9169048323269142,0.9172548872635944,"(0, 1, 2, 3, 4, 5);(5,);(3, 5);(4, 5);(2, 4, 5);(1, 2, 4, 5)",6,True,Optimization terminated successfully,32.0,1.0934713979563528e-06,5.475397912846347e-12,1.8189894035458566e-16,pure_R_perturbation,worst,0.06,0.5333333333333333,0.028000000000000316,0.7818120438804275,0.02,1.0780724409485645,0.9180686349664489
OMPPI,0.06496412521725765,0.06496412521725765,0.95,0.9991136308639014,full nested chain,6,,,,,,,pure_R_perturbation,worst,0.06,0.6,0.024000000000000167,1.0,0.02,1.0,1.0
VectorPPI++,0.06991994171236521,0.1029070608861413,0.8938128887494123,1.0365222174818722,joint predictor vector,2,,,,,,,pure_R_perturbation,worst,0.06,0.6,0.024000000000000167,0.679447465609053,0.02,1.584059825973061,1.037441773850713
MultiPPI,0.05247468414082012,0.07693689177384022,0.8944796059283635,0.8979517542850319,"(0, 1, 2, 3, 4, 5);(5,);(3, 5);(4, 5);(2, 4, 5);(1, 2, 4, 5)",6,True,Optimization terminated successfully,30.0,6.596005133262242e-06,5.24735810358834e-12,1.8189894035458566e-16,pure_R_perturbation,worst,0.06,0.6,0.024000000000000167,0.6820484026710104,0.02,1.1842981263357644,0.8987483771076189
OMPPI,0.06496412521725765,0.06496412521725765,0.95,0.9991136308639014,full nested chain,6,,,,,,,pure_R_perturbation,worst,0.04,0.0,0.04000000000000001,1.0,0.02,1.0,1.0
VectorPPI++,0.08092578661859895,0.08092578661859895,0.95,1.1151198623065193,joint predictor vector,2,,,,,,,pure_R_perturbation,worst,0.04,0.0,0.04000000000000001,1.0,0.02,1.2456996280325667,1.1161091470069435
MultiPPI,0.05998967527409229,0.05998967527409229,0.95,0.9600997182214732,"(0, 1, 2, 3, 4, 5);(5,);(3, 5);(4, 5);(1, 4, 5);(2, 4, 5)",6,True,Optimization terminated successfully,23.0,4.941861472564069e-07,5.998979091259571e-12,0.0,pure_R_perturbation,worst,0.04,0.0,0.04000000000000001,1.0,0.02,0.9234277391324911,0.9609514759510447
OMPPI,0.06496412521725765,0.06496412521725765,0.95,0.9991136308639014,full nested chain,6,,,,,,,pure_R_perturbation,worst,0.04,0.06666666666666667,0.03733333333333344,1.0,0.02,1.0,1.0
VectorPPI++,0.08004257114012295,0.08099300563413095,0.9486364887175851,1.1090180177747562,joint predictor vector,2,,,,,,,pure_R_perturbation,worst,0.04,0.06666666666666667,0.03733333333333344,0.9882652275148129,0.02,1.2467343378098046,1.1100018891903456
MultiPPI,0.059415964821290315,0.06003402644722706,0.9488058548641347,0.9554977386740328,"(0, 1, 2, 3, 4, 5);(5,);(3, 5);(4, 5);(1, 4, 5);(2, 4, 5)",6,True,Optimization terminated successfully,25.0,9.63486073383733e-07,5.94158056088645e-12,0.0,pure_R_perturbation,worst,0.04,0.06666666666666667,0.03733333333333344,0.9897048113792593,0.02,0.9241104416700293,0.9563454137322145
OMPPI,0.06496412521725765,0.06496412521725765,0.95,0.9991136308639014,full nested chain,6,,,,,,,pure_R_perturbation,worst,0.04,0.13333333333333333,0.03466666666666672,1.0,0.02,1.0,1.0
VectorPPI++,0.07901436395495295,0.08123855403632543,0.9467573149155171,1.1018719079390127,joint predictor vector,2,,,,,,,pure_R_perturbation,worst,0.04,0.13333333333333333,0.03466666666666672,0.9726214959417182,0.02,1.250514091656613,1.102849439644077
MultiPPI,0.05874633731312274,0.06019711138859301,0.9471570333078523,0.9500981752534162,"(0, 1, 2, 3, 4, 5);(5,);(3, 5);(4, 5);(1, 4, 5);(2, 4, 5)",6,True,Optimization terminated successfully,22.0,1.341876049816038e-06,5.874412067896628e-12,0.0,pure_R_perturbation,worst,0.04,0.13333333333333333,0.03466666666666672,0.9758996064428237,0.02,0.9266208262987848,0.9509410600593017
OMPPI,0.06496412521725765,0.06496412521725765,0.95,0.9991136308639014,full nested chain,6,,,,,,,pure_R_perturbation,worst,0.04,0.2,0.03199999999999996,1.0,0.02,1.0,1.0
VectorPPI++,0.0778040402275336,0.08175492075095883,0.9441262493204792,1.0934002316035962,joint predictor vector,2,,,,,,,pure_R_perturbation,worst,0.04,0.2,0.03199999999999996,0.9516740951231502,0.02,1.2584625818872832,1.0943702476145465
MultiPPI,0.0579553195125951,0.06054269101770919,0.9448415342227383,0.9436799740331566,"(0, 1, 2, 3, 4, 5);(5,);(3, 5);(4, 5);(1, 4, 5);(2, 4, 5)",6,True,Optimization terminated successfully,24.0,3.400996543645199e-07,5.795364188543317e-12,0.0,pure_R_perturbation,worst,0.04,0.2,0.03199999999999996,0.9572636851514039,0.02,0.931940371939713,0.9445171648966364
OMPPI,0.06496412521725765,0.06496412521725765,0.95,0.9991136308639014,full nested chain,6,,,,,,,pure_R_perturbation,worst,0.04,0.26666666666666666,0.02933333333333358,1.0,0.02,1.0,1.0
VectorPPI++,0.07636045143506212,0.08268886082277693,0.9403633705496661,1.0832091759533884,joint predictor vector,2,,,,,,,pure_R_perturbation,worst,0.04,0.26666666666666666,0.02933333333333358,0.9234672079800665,0.02,1.2728388252168863,1.0841701509134374
MultiPPI,0.05700755083007104,0.06117300259061102,0.9415167107789901,0.9359319611645819,"(0, 1, 2, 3, 4, 5);(5,);(3, 5);(4, 5);(1, 4, 5);(2, 4, 5)",6,True,Optimization terminated successfully,21.0,2.1869436268489594e-06,5.700773186845254e-12,0.0,pure_R_perturbation,worst,0.04,0.26666666666666666,0.02933333333333358,0.9319070246001083,0.02,0.9416428280382736,0.9367622783359603
OMPPI,0.06496412521725765,0.06496412521725765,0.95,0.9991136308639014,full nested chain,6,,,,,,,pure_R_perturbation,worst,0.04,0.3333333333333333,0.026666666666666793,1.0,0.02,1.0,1.0
VectorPPI++,0.0746111019712927,0.08428092765669173,0.9348318631813299,1.0707296125340535,joint predictor vector,2,,,,,,,pure_R_perturbation,worst,0.04,0.3333333333333333,0.026666666666666793,0.885266738819156,0.02,1.2973456869438855,1.0716795161809856
MultiPPI,0.05585246457710974,0.062257665873936545,0.9366042175893603,0.9264015170696654,"(0, 1, 2, 3, 4, 5);(5,);(3, 5);(4, 5);(1, 4, 5);(2, 4, 5)",6,True,Optimization terminated successfully,31.0,2.375723558935251e-07,5.585198969981775e-12,0.0,pure_R_perturbation,worst,0.04,0.3333333333333333,0.026666666666666793,0.8971178696323682,0.02,0.9583391705149577,0.9272233792553064
OMPPI,0.06496412521725765,0.06496412521725765,0.95,0.9991136308639014,full nested chain,6,,,,,,,pure_R_perturbation,worst,0.04,0.4,0.024000000000000053,1.0,0.02,1.0,1.0
VectorPPI++,0.07244966909172867,0.08694169080720676,0.926412986712049,1.0551064787760365,joint predictor vector,2,,,,,,,pure_R_perturbation,worst,0.04,0.4,0.024000000000000053,0.8333133209059144,0.02,1.3383031098540952,1.056042522274188
MultiPPI,0.05441510269217666,0.06409032191593166,0.9290776624047588,0.9144033600459672,"(0, 1, 2, 3, 4, 5);(5,);(3, 5);(4, 5);(1, 4, 5);(2, 4, 5)",6,True,Optimization terminated successfully,28.0,9.94957150003873e-07,5.441647132897742e-12,1.8189894035458566e-16,pure_R_perturbation,worst,0.04,0.4,0.024000000000000053,0.8490377496239426,0.02,0.9865494486625693,0.9152145780008147
OMPPI,0.06496412521725765,0.06496412521725765,0.95,0.9991136308639014,full nested chain,6,,,,,,,pure_R_perturbation,worst,0.04,0.4666666666666667,0.0213333333333335,1.0,0.02,1.0,1.0
VectorPPI++,0.06971352416316717,0.09140860611625645,0.9130374327244701,1.0349910769050554,joint predictor vector,2,,,,,,,pure_R_perturbation,worst,0.04,0.4666666666666667,0.0213333333333335,0.7626582126687638,0.02,1.4070628336879976,1.0359092749141376
MultiPPI,0.05251206796824794,0.06868816998145734,0.9134175277302015,0.8982715551313322,"(0, 1, 2, 3, 4, 5);(5,);(3, 5);(4, 5);(2, 4, 5);(1, 2, 4, 5)",6,True,Optimization terminated successfully,27.0,1.2894390827670184e-07,5.251465928779453e-12,1.8189894035458566e-16,pure_R_perturbation,worst,0.04,0.4666666666666667,0.0213333333333335,0.7644994470288522,0.02,1.0573246349696155,0.8990684616669935
OMPPI,0.06496412521725765,0.06496412521725765,0.95,0.9991136308639014,full nested chain,6,,,,,,,pure_R_perturbation,worst,0.04,0.5333333333333333,0.018666666666666692,1.0,0.02,1.0,1.0
VectorPPI++,0.06614032213808083,0.09909693949655357,0.8906718948483441,1.008117699241277,joint predictor vector,2,,,,,,,pure_R_perturbation,worst,0.04,0.5333333333333333,0.018666666666666692,0.6674305228203448,0.02,1.5254102039417374,1.009012056386009
MultiPPI,0.049816174502882976,0.07495054924615091,0.8899317122832928,0.8749097849660561,"(0, 1, 2, 3, 4, 5);(5,);(3, 5);(4, 5);(2, 4, 5);(1, 2, 4, 5)",6,True,Optimization terminated successfully,30.0,1.5780851715037075e-06,4.981459689190615e-12,0.0,pure_R_perturbation,worst,0.04,0.5333333333333333,0.018666666666666692,0.6646538951873163,0.02,1.1537221350321574,0.8756859659792148
OMPPI,0.06496412521725765,0.06496412521725765,0.95,0.9991136308639014,full nested chain,6,,,,,,,pure_R_perturbation,worst,0.04,0.6,0.016000000000000215,1.0,0.02,1.0,1.0
VectorPPI++,0.06127613191453499,0.11297747747723064,0.8511025848691971,0.9703396053776373,joint predictor vector,2,,,,,,,pure_R_perturbation,worst,0.04,0.6,0.016000000000000215,0.5423747571889673,0.02,1.739074867850576,0.971200447479248
MultiPPI,0.04606151216283667,0.08639997773207768,0.847589367866026,0.8412928198729349,"(0, 1, 2, 3, 4, 5);(5,);(3, 5);(4, 5);(2, 4, 5);(1, 2, 4, 5)",6,True,Optimization terminated successfully,29.0,5.495253862555881e-07,4.6063153291697745e-12,1.8189894035458566e-16,pure_R_perturbation,worst,0.04,0.6,0.016000000000000215,0.5331194911377325,0.02,1.3299644602791574,0.8420391774111781
OMPPI,0.06496412521725765,0.06496412521725765,0.95,0.9991136308639014,full nested chain,6,,,,,,,pure_R_perturbation,worst,0.02,0.0,0.019999999999999744,1.0,0.02,1.0,1.0
VectorPPI++,0.07029954469021471,0.07029954469021471,0.95,1.039332104846196,joint predictor vector,2,,,,,,,pure_R_perturbation,worst,0.02,0.0,0.019999999999999744,1.0,0.02,1.0821287049600679,1.0402541540220196
MultiPPI,0.05211847317526202,0.05211847317526202,0.95,0.8948988065702633,"(0, 1, 2, 3, 4, 5);(5,);(3, 5);(4, 5);(1, 4, 5);(2, 4, 5)",6,True,Optimization terminated successfully,26.0,7.952533550465346e-06,5.212275056010185e-12,0.0,pure_R_perturbation,worst,0.02,0.0,0.019999999999999744,1.0,0.02,0.8022654503691646,0.8956927209535448
OMPPI,0.06496412521725765,0.06496412521725765,0.95,0.9991136308639014,full nested chain,6,,,,,,,pure_R_perturbation,worst,0.02,0.06666666666666667,0.0186666666666666,1.0,0.02,1.0,1.0
VectorPPI++,0.0684136860369359,0.0704442584260292,0.9465798896368256,1.0252967525215047,joint predictor vector,2,,,,,,,pure_R_perturbation,worst,0.02,0.06666666666666667,0.0186666666666666,0.9711747637853904,0.02,1.0843562995798757,1.0262063501575527
MultiPPI,0.050734182723506646,0.0522279016075352,0.9466075512916956,0.8829343661539563,"(0, 1, 2, 3, 4, 5);(5,);(3, 5);(4, 5);(1, 4, 5);(2, 4, 5)",6,True,Optimization terminated successfully,31.0,1.3787033949833822e-06,5.072942066419728e-12,0.0,pure_R_perturbation,worst,0.02,0.06666666666666667,0.0186666666666666,0.9713999828051095,0.02,0.8039498943897256,0.8837176662183173
OMPPI,0.06496412521725765,0.06496412521725765,0.95,0.9991136308639014,full nested chain,6,,,,,,,pure_R_perturbation,worst,0.02,0.13333333333333333,0.017333333333333267,1.0,0.02,1.0,1.0
VectorPPI++,0.06621449766807108,0.07097802352236465,0.9416491270465248,1.0086828364254887,joint predictor vector,2,,,,,,,pure_R_perturbation,worst,0.02,0.13333333333333333,0.017333333333333267,0.932887313313358,0.02,1.0925726050338536,1.0095776949347726
MultiPPI,0.049112484573930144,0.05263356790714911,0.9416780766826964,0.8687084368710324,"(0, 1, 2, 3, 4, 5);(5,);(3, 5);(4, 5);(1, 4, 5);(2, 4, 5)",6,True,Optimization terminated successfully,22.0,1.0476364484359657e-06,4.9111825717318425e-12,0.0,pure_R_perturbation,worst,0.02,0.13333333333333333,0.017333333333333267,0.9331019447621238,0.02,0.8101943608280445,0.8694791163242245
OMPPI,0.06496412521725765,0.06496412521725765,0.95,0.9991136308639014,full nested chain,6,,,,,,,pure_R_perturbation,worst,0.02,0.2,0.016000000000000094,1.0,0.02,1.0,1.0
VectorPPI++,0.06361710107405477,0.07211494424631082,0.9343589362164024,0.9887011157431096,joint predictor vector,2,,,,,,,pure_R_perturbation,worst,0.02,0.2,0.016000000000000094,0.8821625217759109,0.02,1.1100733521022392,0.9895782473593234
MultiPPI,0.047187285410886924,0.05350287901941388,0.9343276296319794,0.8515116294361758,"(0, 1, 2, 3, 4, 5);(5,);(3, 5);(4, 5);(1, 4, 5);(2, 4, 5)",6,True,Optimization terminated successfully,26.0,8.311866683056694e-06,4.718447854656915e-12,1.8189894035458566e-16,pure_R_perturbation,worst,0.02,0.2,0.016000000000000094,0.8819578735896567,0.02,0.8235757633999649,0.8522670526473561
OMPPI,0.06496412521725765,0.06496412521725765,0.95,0.9991136308639014,full nested chain,6,,,,,,,pure_R_perturbation,worst,0.02,0.26666666666666666,0.0146666666666668,1.0,0.02,1.0,1.0
VectorPPI++,0.06050207163975985,0.07420569426215581,0.9232330211305684,0.9641913021197056,joint predictor vector,2,,,,,,,pure_R_perturbation,worst,0.02,0.26666666666666666,0.0146666666666668,0.8153292310158375,0.02,1.1422564994755466,0.9650466897203679
MultiPPI,0.04486498335570997,0.05511243251652323,0.9230035967208541,0.8302938902631699,"(0, 1, 2, 3, 4, 5);(5,);(3, 5);(4, 5);(1, 4, 5);(2, 4, 5)",6,True,Optimization terminated successfully,25.0,1.8358795429696083e-06,4.486744309417645e-12,1.8189894035458566e-16,pure_R_perturbation,worst,0.02,0.26666666666666666,0.0146666666666668,0.8140628403991972,0.02,0.848351799277098,0.831030490040699
OMPPI,0.06496412521725765,0.06496412521725765,0.95,0.9991136308639014,full nested chain,6,,,,,,,pure_R_perturbation,worst,0.02,0.3333333333333333,0.013333333333333522,1.0,0.02,1.0,1.0
VectorPPI++,0.05669514899229813,0.07785126897215833,0.9055909750244209,0.9333639808499818,joint predictor vector,2,,,,,,,pure_R_perturbation,worst,0.02,0.3333333333333333,0.013333333333333522,0.728249516556677,0.02,1.1983732361792385,0.934192019823543
MultiPPI,0.04200799163017256,0.05794072497587023,0.904856533997632,0.8034226035838707,"(0, 1, 2, 3, 4, 5);(5,);(3, 5);(4, 5);(1, 4, 5);(2, 4, 5)",6,True,Optimization terminated successfully,25.0,3.0905710194547035e-06,4.20052881366928e-12,1.8189894035458566e-16,pure_R_perturbation,worst,0.02,0.3333333333333333,0.013333333333333522,0.725016672602337,0.02,0.8918880194584431,0.8041353643520779
OMPPI,0.06496412521725765,0.06496412521725765,0.95,0.9991136308639014,full nested chain,6,,,,,,,pure_R_perturbation,worst,0.02,0.4,0.012000000000000005,1.0,0.02,1.0,1.0
VectorPPI++,0.051929658385703625,0.08414862468924403,0.8763632202361633,0.8932763161785805,joint predictor vector,2,,,,,,,pure_R_perturbation,worst,0.02,0.4,0.012000000000000005,0.6171183257893618,0.02,1.2953091326609603,0.8940687911606143
MultiPPI,0.03840403830553883,0.06286943354962084,0.8744410014427215,0.7681862578804367,"(0, 1, 2, 3, 4, 5);(5,);(3, 5);(4, 5);(1, 4, 5);(2, 4, 5)",6,True,Optimization terminated successfully,23.0,5.1327472188067286e-06,3.840150419875954e-12,0.0,pure_R_perturbation,worst,0.02,0.4,0.012000000000000005,0.6108538941300903,0.02,0.9677561783425606,0.7688677585313403
OMPPI,0.06496412521725765,0.06496412521725765,0.95,0.9991136308639014,full nested chain,6,,,,,,,pure_R_perturbation,worst,0.02,0.4666666666666667,0.010666666666666732,1.0,0.02,1.0,1.0
VectorPPI++,0.04576917072090114,0.09530081534676027,0.8256221686431044,0.8386188277916516,joint predictor vector,2,,,,,,,pure_R_perturbation,worst,0.02,0.4666666666666667,0.010666666666666732,0.4802600119879987,0.02,1.466976042978313,0.8393628130831575
MultiPPI,0.03362669800184896,0.07345011278517569,0.8152113173275914,0.7188200766534564,"(0, 1, 2, 3, 4, 5);(5,);(3, 5);(4, 5);(2, 4, 5);(1, 2, 4, 5)",6,True,Optimization terminated successfully,28.0,1.3197618144252906e-06,3.3625324746822116e-12,1.8189894035458566e-16,pure_R_perturbation,worst,0.02,0.4666666666666667,0.010666666666666732,0.45781683276919055,0.02,1.130625749820206,0.719457781825993
OMPPI,0.06496412521725765,0.06496412521725765,0.95,0.9991136308639014,full nested chain,6,,,,,,,pure_R_perturbation,worst,0.02,0.5333333333333333,0.009333333333333207,1.0,0.02,1.0,1.0
VectorPPI++,0.03741768921800831,0.11655751948159421,0.7332140170687831,0.7582572447303342,joint predictor vector,2,,,,,,,pure_R_perturbation,worst,0.02,0.5333333333333333,0.009333333333333207,0.32102338299947264,0.02,1.7941828523326413,0.7589299368027774
MultiPPI,0.02688645181829741,0.09089772276179076,0.7135554215366913,0.6427540664813135,"(0, 1, 2, 3, 4, 5);(5,);(3, 5);(4, 5);(2, 4, 5);(1, 2, 4, 5)",6,True,Optimization terminated successfully,28.0,1.7246510949868646e-06,2.688960165642129e-12,1.8189894035458566e-16,pure_R_perturbation,worst,0.02,0.5333333333333333,0.009333333333333207,0.29578795817313086,0.02,1.3991987494298448,0.6433242892758302
OMPPI,0.06496412521725765,0.06496412521725765,0.95,0.9991136308639014,full nested chain,6,,,,,,,pure_R_perturbation,worst,0.02,0.6,0.008000000000000066,1.0,0.02,1.0,1.0
VectorPPI++,0.025038744709489857,0.16716310463287856,0.551878145201464,0.6202751219366393,joint predictor vector,2,,,,,,,pure_R_perturbation,worst,0.02,0.6,0.008000000000000066,0.1497863105885693,0.02,2.5731602491966115,0.6208254024122435
MultiPPI,0.016907689982125745,0.13053216674327886,0.5194346141359991,0.5097065619330348,"(0, 1, 2, 3, 4, 5);(5,);(3, 5);(4, 5);(2, 4, 5);(1, 2, 4, 5)",6,True,Optimization terminated successfully,25.0,2.125947606123763e-06,1.6915358003188885e-12,0.0,pure_R_perturbation,worst,0.02,0.6,0.008000000000000066,0.12952891539277483,0.02,2.0092961508639404,0.510158750904347
OMPPI,0.06395993067551346,0.0649905239485854,0.9481481543621602,0.9913615684793031,full nested chain,6,,,,,,,full_covariance_perturbation,worst,0.1,0.0,0.08998212557530139,0.9841424070701869,0.02,1.0,1.0
VectorPPI++,0.07914365760844189,0.08039916901025462,0.9481769082647717,1.102773053029398,joint predictor vector,2,,,,,,,full_covariance_perturbation,worst,0.1,0.0,0.08998212557530139,0.9843840251426902,0.02,1.23709064222746,1.112382291277434
MultiPPI,0.05768332599443834,0.05842823788934043,0.9485167889258781,0.9414629497719172,"(0, 1, 2, 3, 4, 5);(5,);(3, 5);(4, 5);(1, 4, 5);(2, 4, 5)",6,True,Optimization terminated successfully,22.0,1.7534368311013055e-06,5.768163724440001e-12,3.637978807091713e-16,full_covariance_perturbation,worst,0.1,0.0,0.08998212557530139,0.9872508238856542,0.02,0.8990270325495998,0.9496665794863042
OMPPI,0.06395993067551346,0.0649905239485854,0.9481481543621602,0.9913615684793031,full nested chain,6,,,,,,,full_covariance_perturbation,worst,0.1,0.06666666666666667,0.09079121356456815,0.9841424070701869,0.02,1.0,1.0
VectorPPI++,0.07881482333451711,0.08046660970651567,0.9475890685592514,1.100479710489621,joint predictor vector,2,,,,,,,full_covariance_perturbation,worst,0.1,0.06666666666666667,0.09079121356456815,0.979472400067269,0.02,1.2381283426822893,1.1100689652290026
MultiPPI,0.05749438217268329,0.05847413722453601,0.9480411674418603,0.9399197870831602,"(0, 1, 2, 3, 4, 5);(5,);(3, 5);(4, 5);(1, 4, 5);(2, 4, 5)",6,True,Optimization terminated successfully,21.0,4.683819765985085e-06,5.749289933021373e-12,0.0,full_covariance_perturbation,worst,0.1,0.06666666666666667,0.09079121356456815,0.9832446428736428,0.02,0.8997332791284378,0.9481099701342549
OMPPI,0.06395993067551346,0.0649905239485854,0.9481481543621602,0.9913615684793031,full nested chain,6,,,,,,,full_covariance_perturbation,worst,0.1,0.13333333333333333,0.08727238557167075,0.9841424070701869,0.02,1.0,1.0
VectorPPI++,0.07842034466286926,0.08062094426780855,0.9467674593501556,1.09772223212806,joint predictor vector,2,,,,,,,full_covariance_perturbation,worst,0.1,0.13333333333333333,0.08727238557167075,0.972704368264042,0.02,1.2405030667484467,1.1072874590165005
MultiPPI,0.057270584010182146,0.0585681334603112,0.9473927997429943,0.9380886740862361,"(0, 1, 2, 3, 4, 5);(5,);(3, 5);(4, 5);(1, 4, 5);(2, 4, 5)",6,True,Optimization terminated successfully,23.0,7.71780306464896e-07,5.7269744502264075e-12,0.0,full_covariance_perturbation,worst,0.1,0.13333333333333333,0.08727238557167075,0.9778454703357016,0.02,0.9011795859138632,0.9462629013602122
OMPPI,0.06395993067551346,0.0649905239485854,0.9481481543621602,0.9913615684793031,full nested chain,6,,,,,,,full_covariance_perturbation,worst,0.1,0.2,0.08065219787531992,0.9841424070701869,0.02,1.0,1.0
VectorPPI++,0.07794444793209379,0.08090291904729105,0.9456196024011407,1.0943863797267868,joint predictor vector,2,,,,,,,full_covariance_perturbation,worst,0.1,0.2,0.08065219787531992,0.9634318371940583,0.02,1.2448417727989713,1.1039225389839535
MultiPPI,0.05700318219758366,0.058733298211246475,0.9465021952890291,0.9358960990634422,"(0, 1, 2, 3, 4, 5);(5,);(3, 5);(4, 5);(1, 4, 5);(2, 4, 5)",6,True,Optimization terminated successfully,23.0,3.1517112431907677e-07,5.700218075332941e-12,1.8189894035458566e-16,full_covariance_perturbation,worst,0.1,0.2,0.08065219787531992,0.9705428425381443,0.02,0.9037209525762698,0.9440512208871057
OMPPI,0.06395993067551346,0.0649905239485854,0.9481481543621602,0.9913615684793031,full nested chain,6,,,,,,,full_covariance_perturbation,worst,0.1,0.26666666666666666,0.07401079716555622,0.9841424070701869,0.02,1.0,1.0
VectorPPI++,0.07736552615501502,0.08137622585561963,0.944002415874726,1.090314602059102,joint predictor vector,2,,,,,,,full_covariance_perturbation,worst,0.1,0.26666666666666666,0.07401079716555622,0.9507141101908495,0.02,1.2521244777161222,1.0998152810498671
MultiPPI,0.05668013147978751,0.05900588895402588,0.9452618636713732,0.9332403571023544,"(0, 1, 2, 3, 4, 5);(5,);(3, 5);(4, 5);(1, 4, 5);(2, 4, 5)",6,True,Optimization terminated successfully,22.0,2.2420835839627576e-07,5.668021607618812e-12,0.0,full_covariance_perturbation,worst,0.1,0.26666666666666666,0.07401079716555622,0.9605843159815715,0.02,0.9079152677812843,0.9413723375759829
OMPPI,0.06395993067551346,0.0649905239485854,0.9481481543621602,0.9913615684793031,full nested chain,6,,,,,,,full_covariance_perturbation,worst,0.1,0.3333333333333333,0.06736001491611784,0.9841424070701869,0.02,1.0,1.0
VectorPPI++,0.07665321131748476,0.08214340856593402,0.9416863447653792,1.085283658312577,joint predictor vector,2,,,,,,,full_covariance_perturbation,worst,0.1,0.3333333333333333,0.06736001491611784,0.9331632647792738,0.02,1.2639290095725098,1.0947404991473952
MultiPPI,0.05628439057603767,0.0594447189746308,0.9434991657434397,0.9299767064732604,"(0, 1, 2, 3, 4, 5);(5,);(3, 5);(4, 5);(1, 4, 5);(2, 4, 5)",6,True,Optimization terminated successfully,22.0,1.7355698341329014e-06,5.628053578732306e-12,0.0,full_covariance_perturbation,worst,0.1,0.3333333333333333,0.06736001491611784,0.9468358425591706,0.02,0.9146674832419887,0.9380802484605048
OMPPI,0.06395993067551346,0.0649905239485854,0.9481481543621602,0.9913615684793031,full nested chain,6,,,,,,,full_covariance_perturbation,worst,0.1,0.4,0.06070426014174458,0.9841424070701869,0.02,1.0,1.0
VectorPPI++,0.07576347747926057,0.08337574560515845,0.9382866621484498,1.078966688733561,joint predictor vector,2,,,,,,,full_covariance_perturbation,worst,0.1,0.4,0.06070426014174458,0.9086992497560716,0.02,1.2828908052982888,1.0883684853636595
MultiPPI,0.055791047039852694,0.06014897221410343,0.9409239928067938,0.925892023439025,"(0, 1, 2, 3, 4, 5);(5,);(3, 5);(4, 5);(1, 4, 5);(2, 4, 5)",6,True,Optimization terminated successfully,23.0,1.416356650844341e-07,5.578981721043874e-12,0.0,full_covariance_perturbation,worst,0.1,0.4,0.06070426014174458,0.9275478031654727,0.02,0.9255037282310239,0.9339599727063205
OMPPI,0.06395993067551346,0.0649905239485854,0.9481481543621602,0.9913615684793031,full nested chain,6,,,,,,,full_covariance_perturbation,worst,0.1,0.4666666666666667,0.05404555264572025,0.9841424070701869,0.02,1.0,1.0
VectorPPI++,0.07463003356734094,0.08537273645546348,0.9331238705211375,1.0708654457698419,joint predictor vector,2,,,,,,,full_covariance_perturbation,worst,0.1,0.4666666666666667,0.05404555264572025,0.8741670545639977,0.02,1.3136182210656224,1.0801966505646305
MultiPPI,0.05511358043117714,0.06232998361482909,0.934673196673063,0.9202533340061975,"(0, 1, 2, 3, 4, 5);(5,);(3, 5);(4, 5);(2, 4, 5);(1, 2, 4, 5)",6,True,Optimization terminated successfully,24.0,9.850368203848285e-07,5.5110360719368146e-12,1.8189894035458566e-16,full_covariance_perturbation,worst,0.1,0.4666666666666667,0.05404555264572025,0.8842226041924536,0.02,0.9590626421805571,0.9282721494013713
OMPPI,0.06395993067551346,0.0649905239485854,0.9481481543621602,0.9913615684793031,full nested chain,6,,,,,,,full_covariance_perturbation,worst,0.1,0.5333333333333333,0.047384948613702044,0.9841424070701869,0.02,1.0,1.0
VectorPPI++,0.07314824694430055,0.08868928152060684,0.9249203377165662,1.0601810759346642,joint predictor vector,2,,,,,,,full_covariance_perturbation,worst,0.1,0.5333333333333333,0.047384948613702044,0.824769867228033,0.02,1.3646494309042616,1.0694191802905235
MultiPPI,0.05409867579793425,0.06481140228751327,0.9266538271400975,0.9117408301306821,"(0, 1, 2, 3, 4, 5);(5,);(3, 5);(4, 5);(2, 4, 5);(1, 2, 4, 5)",6,True,Optimization terminated successfully,32.0,7.105091047460219e-07,5.410005776695925e-12,0.0,full_covariance_perturbation,worst,0.1,0.5333333333333333,0.047384948613702044,0.8347092315321967,0.02,0.9972438803353265,0.9196854700845877
OMPPI,0.06395993067551346,0.0649905239485854,0.9481481543621602,0.9913615684793031,full nested chain,6,,,,,,,full_covariance_perturbation,worst,0.1,0.6,0.04072305411190831,0.9841424070701869,0.02,1.0,1.0
VectorPPI++,0.07114273567820428,0.09443326376485164,0.9110912515129881,1.0455465355484632,joint predictor vector,2,,,,,,,full_covariance_perturbation,worst,0.1,0.6,0.04072305411190831,0.7533652109637645,0.02,1.4530312732908364,1.0546571188474423
MultiPPI,0.052690403650247526,0.06919449838075667,0.9127937918493156,0.8997955676000572,"(0, 1, 2, 3, 4, 5);(5,);(3, 5);(4, 5);(2, 4, 5);(1, 2, 4, 5)",6,True,Optimization terminated successfully,33.0,2.909979975461106e-06,5.2690074525685304e-12,0.0,full_covariance_perturbation,worst,0.1,0.6,0.04072305411190831,0.761482558343121,0.02,1.0646859599946767,0.9076361200689841
OMPPI,0.06395993067551346,0.0649905239485854,0.9481481543621602,0.9913615684793031,full nested chain,6,,,,,,,full_covariance_perturbation,worst,0.08,0.0,0.06998220296553316,0.9841424070701869,0.02,1.0,1.0
VectorPPI++,0.08058093854888465,0.08200270401932819,0.9479716049324813,1.1127414024263216,joint predictor vector,2,,,,,,,full_covariance_perturbation,worst,0.08,0.0,0.06998220296553316,0.9826619684381576,0.02,1.2617640086145678,1.1224375019229451
MultiPPI,0.0591439568410669,0.06000515500989721,0.9483270453917947,0.9533080817823147,"(0, 1, 2, 3, 4, 5);(5,);(3, 5);(4, 5);(1, 4, 5);(2, 4, 5)",6,True,Optimization terminated successfully,24.0,3.871674469734848e-07,5.914380096783134e-12,0.0,full_covariance_perturbation,worst,0.08,0.0,0.06998220296553316,0.9856479302705198,0.02,0.9232908332508266,0.9616149264739399
OMPPI,0.06395993067551346,0.0649905239485854,0.9481481543621602,0.9913615684793031,full nested chain,6,,,,,,,full_covariance_perturbation,worst,0.08,0.06666666666666667,0.0706353538685538,0.9841424070701869,0.02,1.0,1.0
VectorPPI++,0.08013807044630081,0.08208572051222424,0.9472023580968609,1.109679408819231,joint predictor vector,2,,,,,,,full_covariance_perturbation,worst,0.08,0.06666666666666667,0.0706353538685538,0.9762729734992899,0.02,1.2630413716492424,1.1193488270091216
MultiPPI,0.058879615026911206,0.06006537563350061,0.9476836639252109,0.9511753077203012,"(0, 1, 2, 3, 4, 5);(5,);(3, 5);(4, 5);(1, 4, 5);(2, 4, 5)",6,True,Optimization terminated successfully,23.0,3.264991426854302e-06,5.887956788797055e-12,1.8189894035458566e-16,full_covariance_perturbation,worst,0.08,0.06666666666666667,0.0706353538685538,0.9802588330784022,0.02,0.9242174394688506,0.9594635680495003
OMPPI,0.06395993067551346,0.0649905239485854,0.9481481543621602,0.9913615684793031,full nested chain,6,,,,,,,full_covariance_perturbation,worst,0.08,0.13333333333333333,0.06990735166846439,0.9841424070701869,0.02,1.0,1.0
VectorPPI++,0.07961480388826031,0.08227506451256655,0.9461470055371901,1.10605061485339,joint predictor vector,2,,,,,,,full_covariance_perturbation,worst,0.08,0.13333333333333333,0.06990735166846439,0.9676662590291871,0.02,1.2659547810024598,1.1156884128058482
MultiPPI,0.05856966221310627,0.06018823730855898,0.9468168530083942,0.9486684258129655,"(0, 1, 2, 3, 4, 5);(5,);(3, 5);(4, 5);(1, 4, 5);(2, 4, 5)",6,True,Optimization terminated successfully,23.0,5.056581351758395e-07,5.856981566410013e-12,1.8189894035458566e-16,full_covariance_perturbation,worst,0.08,0.13333333333333333,0.06990735166846439,0.9731081160068705,0.02,0.9261078946859153,0.9569348419146138
OMPPI,0.06395993067551346,0.0649905239485854,0.9481481543621602,0.9913615684793031,full nested chain,6,,,,,,,full_covariance_perturbation,worst,0.08,0.2,0.06462838366845247,0.9841424070701869,0.02,1.0,1.0
VectorPPI++,0.07899150025811136,0.08262129039385974,0.9446892356973335,1.1017124768765836,joint predictor vector,2,,,,,,,full_covariance_perturbation,worst,0.08,0.2,0.06462838366845247,0.9560671333206612,0.02,1.2712821096691296,1.1113124735776807
MultiPPI,0.05820245617940239,0.06040428801556767,0.9456341957807304,0.9456898829456274,"(0, 1, 2, 3, 4, 5);(5,);(3, 5);(4, 5);(1, 4, 5);(2, 4, 5)",6,True,Optimization terminated successfully,21.0,2.2551984431836676e-06,5.820455228899846e-12,0.0,full_covariance_perturbation,worst,0.08,0.2,0.06462838366845247,0.9635484183573554,0.02,0.9294322363573198,0.9539303449056092
OMPPI,0.06395993067551346,0.0649905239485854,0.9481481543621602,0.9913615684793031,full nested chain,6,,,,,,,full_covariance_perturbation,worst,0.08,0.26666666666666666,0.059325104297678316,0.9841424070701869,0.02,1.0,1.0
VectorPPI++,0.07824127878044204,0.08320339162909912,0.942648340110289,1.0964682403307762,joint predictor vector,2,,,,,,,full_covariance_perturbation,worst,0.08,0.26666666666666666,0.059325104297678316,0.9403616517127451,0.02,1.2802388190457132,1.1060225403055528
MultiPPI,0.05776196904852765,0.060761571273491834,0.9439919700428838,0.9421045069462891,"(0, 1, 2, 3, 4, 5);(5,);(3, 5);(4, 5);(1, 4, 5);(2, 4, 5)",6,True,Optimization terminated successfully,21.0,2.8065015500201e-06,5.7760463079148394e-12,1.8189894035458566e-16,full_covariance_perturbation,worst,0.08,0.26666666666666666,0.059325104297678316,0.9506332347551913,0.02,0.9349297033142997,0.9503137270001583
OMPPI,0.06395993067551346,0.0649905239485854,0.9481481543621602,0.9913615684793031,full nested chain,6,,,,,,,full_covariance_perturbation,worst,0.08,0.3333333333333333,0.05401085522825494,0.9841424070701869,0.02,1.0,1.0
VectorPPI++,0.07732637141060802,0.08414857491046701,0.9397329038740403,1.0900386626676144,joint predictor vector,2,,,,,,,full_covariance_perturbation,worst,0.08,0.3333333333333333,0.05401085522825494,0.9189266899989962,0.02,1.29478222051322,1.099536937204129
MultiPPI,0.05722551697257646,0.06133810104530161,0.9416578820651753,0.9377195037815631,"(0, 1, 2, 3, 4, 5);(5,);(3, 5);(4, 5);(1, 4, 5);(2, 4, 5)",6,True,Optimization terminated successfully,23.0,8.376873778569107e-07,5.722422535825444e-12,0.0,full_covariance_perturbation,worst,0.08,0.3333333333333333,0.05401085522825494,0.932952210736231,0.02,0.9438006853710973,0.9458905142146834
OMPPI,0.06395993067551346,0.0649905239485854,0.9481481543621602,0.9913615684793031,full nested chain,6,,,,,,,full_covariance_perturbation,worst,0.08,0.4,0.04869071872997015,0.9841424070701869,0.02,1.0,1.0
VectorPPI++,0.07619202044486087,0.08566945719925037,0.9354517289334208,1.0820138797712677,joint predictor vector,2,,,,,,,full_covariance_perturbation,worst,0.08,0.4,0.04869071872997015,0.8893720461850617,0.02,1.3181838211832893,1.091442228722887
MultiPPI,0.05655991488306378,0.06226566793099262,0.9382386887639473,0.9322501465277531,"(0, 1, 2, 3, 4, 5);(5,);(3, 5);(4, 5);(1, 4, 5);(2, 4, 5)",6,True,Optimization terminated successfully,23.0,4.7530443311706224e-07,5.65558710974301e-12,1.8189894035458566e-16,full_covariance_perturbation,worst,0.08,0.4,0.04869071872997015,0.9083643806045352,0.02,0.9580730258499156,0.9403734985992811
OMPPI,0.06395993067551346,0.0649905239485854,0.9481481543621602,0.9913615684793031,full nested chain,6,,,,,,,full_covariance_perturbation,worst,0.08,0.4666666666666667,0.043367056287860875,0.9841424070701869,0.02,1.0,1.0
VectorPPI++,0.07475573834704419,0.08813825011775053,0.9289324331557687,1.0717669344978973,joint predictor vector,2,,,,,,,full_covariance_perturbation,worst,0.08,0.4666666666666667,0.043367056287860875,0.8481645397676079,0.02,1.3561707886441647,1.0811059945988544
MultiPPI,0.05566825930886422,0.06490966272012916,0.9304893240083143,0.9248725874513187,"(0, 1, 2, 3, 4, 5);(5,);(3, 5);(4, 5);(2, 4, 5);(1, 2, 4, 5)",6,True,Optimization terminated successfully,28.0,3.457820630038742e-06,5.5667692677729974e-12,1.8189894035458566e-16,full_covariance_perturbation,worst,0.08,0.4666666666666667,0.043367056287860875,0.8576266918669555,0.02,0.998755799714429,0.9329316536549072
OMPPI,0.06395993067551346,0.0649905239485854,0.9481481543621602,0.9913615684793031,full nested chain,6,,,,,,,full_covariance_perturbation,worst,0.08,0.5333333333333333,0.03804111504776823,0.9841424070701869,0.02,1.0,1.0
VectorPPI++,0.072887209004908,0.09224578713164738,0.9185282801696448,1.0582876961349974,joint predictor vector,2,,,,,,,full_covariance_perturbation,worst,0.08,0.5333333333333333,0.03804111504776823,0.7901413308001585,0.02,1.4193728797235712,1.0675093021392341
MultiPPI,0.05435462129112867,0.06807178634803282,0.9201211683785671,0.9138950473753426,"(0, 1, 2, 3, 4, 5);(5,);(3, 5);(4, 5);(2, 4, 5);(1, 2, 4, 5)",6,True,Optimization terminated successfully,29.0,6.8396243910154674e-06,5.435207839354916e-12,1.8189894035458566e-16,full_covariance_perturbation,worst,0.08,0.5333333333333333,0.03804111504776823,0.7984897151549402,0.02,1.0474109487390044,0.9218584585412262
OMPPI,0.06395993067551346,0.0649905239485854,0.9481481543621602,0.9913615684793031,full nested chain,6,,,,,,,full_covariance_perturbation,worst,0.08,0.6,0.03271361591206075,0.9841424070701869,0.02,1.0,1.0
VectorPPI++,0.07036765361018738,0.09937514838389314,0.9009107556961342,1.0398354555455458,joint predictor vector,2,,,,,,,full_covariance_perturbation,worst,0.08,0.6,0.03271361591206075,0.7081011173774777,0.02,1.5290713529638524,1.0488962741823844
MultiPPI,0.052538198822482104,0.07365885742870308,0.9021336184780573,0.8984950245605271,"(0, 1, 2, 3, 4, 5);(5,);(3, 5);(4, 5);(2, 4, 5);(1, 2, 4, 5)",6,True,Optimization terminated successfully,31.0,2.7590626797669873e-06,5.254019441736091e-12,1.8189894035458566e-16,full_covariance_perturbation,worst,0.08,0.6,0.03271361591206075,0.7132638308072538,0.02,1.1333784212445384,0.9063242444820325
OMPPI,0.06395993067551346,0.0649905239485854,0.9481481543621602,0.9913615684793031,full nested chain,6,,,,,,,full_covariance_perturbation,worst,0.06,0.0,0.04998227706158169,0.9841424070701869,0.02,1.0,1.0
VectorPPI++,0.08095011665450891,0.08265147754309235,0.9475821859737272,1.1152874780229207,joint predictor vector,2,,,,,,,full_covariance_perturbation,worst,0.06,0.0,0.04998227706158169,0.9794152392775266,0.02,1.2717465950648235,1.125005763269312
MultiPPI,0.05982248882680348,0.06089023586115871,0.9479479954659604,0.9587609240673088,"(0, 1, 2, 3, 4, 5);(5,);(3, 5);(4, 5);(1, 4, 5);(2, 4, 5)",6,True,Optimization terminated successfully,22.0,4.131292447514663e-07,5.9821037012852685e-12,1.8189894035458566e-16,full_covariance_perturbation,worst,0.06,0.0,0.04998227706158169,0.9824643964791022,0.02,0.9369094471269309,0.9671152832139721
OMPPI,0.06395993067551346,0.0649905239485854,0.9481481543621602,0.9913615684793031,full nested chain,6,,,,,,,full_covariance_perturbation,worst,0.06,0.06666666666666667,0.05047661085079583,0.9841424070701869,0.02,1.0,1.0
VectorPPI++,0.08032867373103325,0.08275929410885458,0.9465129482220418,1.1109982758919803,joint predictor vector,2,,,,,,,full_covariance_perturbation,worst,0.06,0.06666666666666667,0.05047661085079583,0.9706302427540732,0.02,1.273405553313068,1.120679186299499
MultiPPI,0.059431940457112274,0.0609741747025476,0.9470119521952705,0.9556261861207906,"(0, 1, 2, 3, 4, 5);(5,);(3, 5);(4, 5);(1, 4, 5);(2, 4, 5)",6,True,Optimization terminated successfully,22.0,1.5049623745903393e-07,5.9433569177258505e-12,1.8189894035458566e-16,full_covariance_perturbation,worst,0.06,0.06666666666666667,0.05047661085079583,0.9747067631016104,0.02,0.9382010022074115,0.9639532300880609
OMPPI,0.06395993067551346,0.0649905239485854,0.9481481543621602,0.9913615684793031,full nested chain,6,,,,,,,full_covariance_perturbation,worst,0.06,0.13333333333333333,0.05094450817266738,0.9841424070701869,0.02,1.0,1.0
VectorPPI++,0.07960162047807567,0.0830062898574829,0.9450595920945704,1.1059590356374869,joint predictor vector,2,,,,,,,full_covariance_perturbation,worst,0.06,0.13333333333333333,0.05094450817266738,0.958982995321766,0.02,1.2772060419631321,1.1155960355957415
MultiPPI,0.05897639035480968,0.06114659216290096,0.9457541832378851,0.9519566690583844,"(0, 1, 2, 3, 4, 5);(5,);(3, 5);(4, 5);(1, 4, 5);(2, 4, 5)",6,True,Optimization terminated successfully,21.0,7.908938345967503e-07,5.8975047068088315e-12,1.8189894035458566e-16,full_covariance_perturbation,worst,0.06,0.13333333333333333,0.05094450817266738,0.9645082132736091,0.02,0.9408539652838404,0.9602517379392024
OMPPI,0.06395993067551346,0.0649905239485854,0.9481481543621602,0.9913615684793031,full nested chain,6,,,,,,,full_covariance_perturbation,worst,0.06,0.2,0.04859142052776247,0.9841424070701869,0.02,1.0,1.0
VectorPPI++,0.07874280507734224,0.08345949587570703,0.9430605255662003,1.0999768054473775,joint predictor vector,2,,,,,,,full_covariance_perturbation,worst,0.06,0.2,0.04859142052776247,0.9434852709224464,0.02,1.2841794588659203,1.109561678020951
MultiPPI,0.058439060377548126,0.061451241162356535,0.9440370775662821,0.9476101391614777,"(0, 1, 2, 3, 4, 5);(5,);(3, 5);(4, 5);(1, 4, 5);(2, 4, 5)",6,True,Optimization terminated successfully,20.0,1.1246994933169559e-06,5.843769912416974e-12,1.8189894035458566e-16,full_covariance_perturbation,worst,0.06,0.2,0.04859142052776247,0.9509825883443084,0.02,0.9455415563501408,0.9558673336662246
OMPPI,0.06395993067551346,0.0649905239485854,0.9481481543621602,0.9913615684793031,full nested chain,6,,,,,,,full_covariance_perturbation,worst,0.06,0.26666666666666666,0.044628441158580494,0.9841424070701869,0.02,1.0,1.0
VectorPPI++,0.07771643264620567,0.08422371892984992,0.9402626031570731,1.0927844722572657,joint predictor vector,2,,,,,,,full_covariance_perturbation,worst,0.06,0.26666666666666666,0.044628441158580494,0.9227380794112858,0.02,1.2959384509113987,1.1023066729664939
MultiPPI,0.05779683505438346,0.061957051813868506,0.9416445266070776,0.9423887983796598,"(0, 1, 2, 3, 4, 5);(5,);(3, 5);(4, 5);(1, 4, 5);(2, 4, 5)",6,True,Optimization terminated successfully,24.0,2.02287673718038e-06,5.779487999291177e-12,0.0,full_covariance_perturbation,worst,0.06,0.26666666666666666,0.044628441158580494,0.9328532162572362,0.02,0.9533243933051424,0.9506004956650025
OMPPI,0.06395993067551346,0.0649905239485854,0.9481481543621602,0.9913615684793031,full nested chain,6,,,,,,,full_covariance_perturbation,worst,0.06,0.3333333333333333,0.04065231354451077,0.9841424070701869,0.02,1.0,1.0
VectorPPI++,0.0764721879691928,0.08546795328573614,0.9362537961955761,1.0840014040803359,joint predictor vector,2,,,,,,,full_covariance_perturbation,worst,0.06,0.3333333333333333,0.04065231354451077,0.8947469200944975,0.02,1.3150833089659444,1.0934470717309905
MultiPPI,0.057016962211089345,0.06277622278436178,0.9382233390966943,0.9360092145165512,"(0, 1, 2, 3, 4, 5);(5,);(3, 5);(4, 5);(1, 4, 5);(2, 4, 5)",6,True,Optimization terminated successfully,24.0,3.121448674967746e-07,5.701661365264954e-12,1.8189894035458566e-16,full_covariance_perturbation,worst,0.06,0.3333333333333333,0.04065231354451077,0.9082572936403698,0.02,0.9659288611678931,0.9441653219948202
OMPPI,0.06395993067551346,0.0649905239485854,0.9481481543621602,0.9913615684793031,full nested chain,6,,,,,,,full_covariance_perturbation,worst,0.06,0.4,0.03666899339993042,0.9841424070701869,0.02,1.0,1.0
VectorPPI++,0.0749370515076975,0.08747522243021558,0.9303329364032518,1.0730658833660767,joint predictor vector,2,,,,,,,full_covariance_perturbation,worst,0.06,0.4,0.03666899339993042,0.8566660298289547,0.02,1.3459688753920191,1.0824162621233175
MultiPPI,0.056051447778401445,0.06409885571280044,0.9331684931519688,0.9280502755368728,"(0, 1, 2, 3, 4, 5);(5,);(3, 5);(4, 5);(1, 4, 5);(2, 4, 5)",6,True,Optimization terminated successfully,29.0,7.341553255455823e-07,5.605182984425028e-12,0.0,full_covariance_perturbation,worst,0.06,0.4,0.03666899339993042,0.8744531732289265,0.02,0.9862800269699261,0.9361370311746636
OMPPI,0.06395993067551346,0.0649905239485854,0.9481481543621602,0.9913615684793031,full nested chain,6,,,,,,,full_covariance_perturbation,worst,0.06,0.4666666666666667,0.032681308062573265,0.9841424070701869,0.02,1.0,1.0
VectorPPI++,0.07300084890105796,0.09074242715862296,0.9212442113776702,1.0591123735074162,joint predictor vector,2,,,,,,,full_covariance_perturbation,worst,0.06,0.4666666666666667,0.032681308062573265,0.8044841998048861,0.02,1.3962408924477996,1.0683411655063846
MultiPPI,0.0547846665517973,0.0675322420055222,0.9224890281891427,0.9175032219326277,"(0, 1, 2, 3, 4, 5);(5,);(3, 5);(4, 5);(2, 4, 5);(1, 2, 4, 5)",6,True,Optimization terminated successfully,27.0,2.6289491671881384e-06,5.47817347040791e-12,1.8189894035458566e-16,full_covariance_perturbation,worst,0.06,0.4666666666666667,0.032681308062573265,0.811237194632417,0.02,1.0391090562517633,0.9254980736645154
OMPPI,0.06395993067551346,0.0649905239485854,0.9481481543621602,0.9913615684793031,full nested chain,6,,,,,,,full_covariance_perturbation,worst,0.06,0.5333333333333333,0.028690773793148966,0.9841424070701869,0.02,1.0,1.0
VectorPPI++,0.0704890804889329,0.09619580438761122,0.9066068782553307,1.040732242234917,joint predictor vector,2,,,,,,,full_covariance_perturbation,worst,0.06,0.5333333333333333,0.028690773793148966,0.7327666828888328,0.02,1.48015123656662,1.0498008752057495
MultiPPI,0.0529511026581443,0.07187413261812438,0.9074861971119697,0.902018803288731,"(0, 1, 2, 3, 4, 5);(5,);(3, 5);(4, 5);(2, 4, 5);(1, 2, 4, 5)",6,True,Optimization terminated successfully,33.0,6.177145161466846e-07,5.294542582134909e-12,0.0,full_covariance_perturbation,worst,0.06,0.5333333333333333,0.028690773793148966,0.7367198841825288,0.02,1.1059171130084235,0.9098787283759453
OMPPI,0.06395993067551346,0.0649905239485854,0.9481481543621602,0.9913615684793031,full nested chain,6,,,,,,,full_covariance_perturbation,worst,0.06,0.6,0.024698277194331618,0.9841424070701869,0.02,1.0,1.0
VectorPPI++,0.06710758401840156,0.10570245845809839,0.8816360143146196,1.01546249672346,joint predictor vector,2,,,,,,,full_covariance_perturbation,worst,0.06,0.6,0.024698277194331618,0.6348724996306849,0.02,1.6264287781664997,1.0243109366052252
MultiPPI,0.050423646634674656,0.07955347148232539,0.8813343663831426,0.880228066210876,"(0, 1, 2, 3, 4, 5);(5,);(3, 5);(4, 5);(2, 4, 5);(1, 2, 4, 5)",6,True,Optimization terminated successfully,31.0,6.798280416762814e-06,5.0422999109400735e-12,0.0,full_covariance_perturbation,worst,0.06,0.6,0.024698277194331618,0.6338333914928831,0.02,1.2240780139772511,0.8878981132596252
OMPPI,0.06395993067551346,0.0649905239485854,0.9481481543621602,0.9913615684793031,full nested chain,6,,,,,,,full_covariance_perturbation,worst,0.04,0.0,0.029982348069393622,0.9841424070701869,0.02,1.0,1.0
VectorPPI++,0.07881480852315806,0.08109710720334912,0.9466636620755202,1.1004796070852092,joint predictor vector,2,,,,,,,full_covariance_perturbation,worst,0.04,0.0,0.029982348069393622,0.9718572121879977,0.02,1.2478297184910494,1.1100688609235554
MultiPPI,0.05861576683433984,0.060129906946402696,0.9470256030339776,0.9490417367798424,"(0, 1, 2, 3, 4, 5);(5,);(3, 5);(4, 5);(1, 4, 5);(2, 4, 5)",6,True,Optimization terminated successfully,26.0,2.1760555403301178e-07,5.8613114362060514e-12,1.8189894035458566e-16,full_covariance_perturbation,worst,0.04,0.0,0.029982348069393622,0.9748188515672825,0.02,0.9252103736534271,0.9573114058028523
OMPPI,0.06395993067551346,0.0649905239485854,0.9481481543621602,0.9913615684793031,full nested chain,6,,,,,,,full_covariance_perturbation,worst,0.04,0.06666666666666667,0.030314923517545948,0.9841424070701869,0.02,1.0,1.0
VectorPPI++,0.07784953666158168,0.08125008639952727,0.9449536940835941,1.093719871439819,joint predictor vector,2,,,,,,,full_covariance_perturbation,worst,0.04,0.06666666666666667,0.030314923517545948,0.9581471246538221,0.02,1.2501835877458838,1.1032502229408876
MultiPPI,0.057962241798489265,0.060259792304927486,0.9454240181554565,0.9437363297532047,"(0, 1, 2, 3, 4, 5);(5,);(3, 5);(4, 5);(1, 4, 5);(2, 4, 5)",6,True,Optimization terminated successfully,22.0,9.72997786519664e-07,5.796696456172867e-12,0.0,full_covariance_perturbation,worst,0.04,0.06666666666666667,0.030314923517545948,0.9618725784049815,0.02,0.9272089012945881,0.9519597690284151
OMPPI,0.06395993067551346,0.0649905239485854,0.9481481543621602,0.9913615684793031,full nested chain,6,,,,,,,full_covariance_perturbation,worst,0.04,0.13333333333333333,0.03063550862562664,0.9841424070701869,0.02,1.0,1.0
VectorPPI++,0.07672670325273898,0.08160915352196518,0.9426233132714805,1.0858037962597382,joint predictor vector,2,,,,,,,full_covariance_perturbation,worst,0.04,0.13333333333333333,0.03063550862562664,0.9401727617734438,0.02,1.2557085027738342,1.0952651694228015
MultiPPI,0.05720155889221324,0.060533409924399297,0.9432538340495624,0.9375231900362722,"(0, 1, 2, 3, 4, 5);(5,);(3, 5);(4, 5);(1, 4, 5);(2, 4, 5)",6,True,Optimization terminated successfully,28.0,8.645111308960562e-07,5.7200910674737315e-12,0.0,full_covariance_perturbation,worst,0.04,0.13333333333333333,0.03063550862562664,0.9449584777010376,0.02,0.9314190169060313,0.9456924898494742
OMPPI,0.06395993067551346,0.0649905239485854,0.9481481543621602,0.9913615684793031,full nested chain,6,,,,,,,full_covariance_perturbation,worst,0.04,0.2,0.030944586490028275,0.9841424070701869,0.02,1.0,1.0
VectorPPI++,0.07540673843616374,0.08227514023492813,0.9393957301147511,1.0764234863758333,joint predictor vector,2,,,,,,,full_covariance_perturbation,worst,0.04,0.2,0.030944586490028275,0.9165191116155819,0.02,1.2659559461317276,1.0858031222927178
MultiPPI,0.0563057849834349,0.061022983984979386,0.9402570581690481,0.9301534376235414,"(0, 1, 2, 3, 4, 5);(5,);(3, 5);(4, 5);(1, 4, 5);(2, 4, 5)",6,True,Optimization terminated successfully,23.0,8.091405946897816e-07,5.630274024781556e-12,1.8189894035458566e-16,full_covariance_perturbation,worst,0.04,0.2,0.030944586490028275,0.9226979951897205,0.02,0.9389520237328018,0.9382585195937626
OMPPI,0.06395993067551346,0.0649905239485854,0.9481481543621602,0.9913615684793031,full nested chain,6,,,,,,,full_covariance_perturbation,worst,0.04,0.26666666666666666,0.029907468159897407,0.9841424070701869,0.02,1.0,1.0
VectorPPI++,0.07383537816465258,0.08340627715296348,0.9348292706038013,1.0651489374353074,joint predictor vector,2,,,,,,,full_covariance_perturbation,worst,0.04,0.26666666666666666,0.029907468159897407,0.8852496560809412,0.02,1.2833605899061062,1.0744303302670792
MultiPPI,0.055236340472930225,0.06184282449221982,0.9360200324114327,0.921277650510641,"(0, 1, 2, 3, 4, 5);(5,);(3, 5);(4, 5);(1, 4, 5);(2, 4, 5)",6,True,Optimization terminated successfully,27.0,5.264978195653418e-06,5.523470569812616e-12,0.0,full_covariance_perturbation,worst,0.04,0.26666666666666666,0.029907468159897407,0.8931729901806033,0.02,0.9515667936627845,0.9293053914969014
OMPPI,0.06395993067551346,0.0649905239485854,0.9481481543621602,0.9913615684793031,full nested chain,6,,,,,,,full_covariance_perturbation,worst,0.04,0.3333333333333333,0.027272560805379698,0.9841424070701869,0.02,1.0,1.0
VectorPPI++,0.07193612779043784,0.08525898676605184,0.928191072260796,1.0513603999146197,joint predictor vector,2,,,,,,,full_covariance_perturbation,worst,0.04,0.3333333333333333,0.027272560805379698,0.8437366020760775,0.02,1.3118679706829415,1.060521643508283
MultiPPI,0.05393837585422401,0.06318009468880643,0.9298516843199303,0.9103890370586056,"(0, 1, 2, 3, 4, 5);(5,);(3, 5);(4, 5);(1, 4, 5);(2, 4, 5)",6,True,Optimization terminated successfully,31.0,1.8817488975474956e-06,5.393352431326548e-12,0.0,full_covariance_perturbation,worst,0.04,0.3333333333333333,0.027272560805379698,0.853724200951225,0.02,0.9721431810395741,0.9183218978874629
OMPPI,0.06395993067551346,0.0649905239485854,0.9481481543621602,0.9913615684793031,full nested chain,6,,,,,,,full_covariance_perturbation,worst,0.04,0.4,0.024628496256653712,0.9841424070701869,0.02,1.0,1.0
VectorPPI++,0.06959751174046858,0.08826573628260015,0.918211052922171,1.0341295380633628,joint predictor vector,2,,,,,,,full_covariance_perturbation,worst,0.04,0.4,0.024628496256653712,0.7884997584752301,0.02,1.3581324002315782,1.0431406370227398
MultiPPI,0.05233113332200431,0.06535447234226918,0.9205424426794844,0.8967226855538645,"(0, 1, 2, 3, 4, 5);(5,);(3, 5);(4, 5);(1, 4, 5);(2, 4, 5)",6,True,Optimization terminated successfully,26.0,3.9550566349426965e-06,5.233036226570675e-12,0.0,full_covariance_perturbation,worst,0.04,0.4,0.024628496256653712,0.8007276540760655,0.02,1.0056000224582233,0.9045364618374204
OMPPI,0.06395993067551346,0.0649905239485854,0.9481481543621602,0.9913615684793031,full nested chain,6,,,,,,,full_covariance_perturbation,worst,0.04,0.4666666666666667,0.021978744295790494,0.9841424070701869,0.02,1.0,1.0
VectorPPI++,0.06665029192037861,0.09319359280183445,0.9025835404892684,1.0119967426812733,joint predictor vector,2,,,,,,,full_covariance_perturbation,worst,0.04,0.4666666666666667,0.021978744295790494,0.7151810539390069,0.02,1.4339566315169388,1.020814983007283
MultiPPI,0.05025920295806787,0.0704066900148893,0.9022693727948048,0.8787915760277316,"(0, 1, 2, 3, 4, 5);(5,);(3, 5);(4, 5);(2, 4, 5);(1, 2, 4, 5)",6,True,Optimization terminated successfully,27.0,3.121050010383336e-06,5.025424520965771e-12,1.8189894035458566e-16,full_covariance_perturbation,worst,0.04,0.4666666666666667,0.021978744295790494,0.7138412975732742,0.02,1.083337781221593,0.8864491059258551
OMPPI,0.06395993067551346,0.0649905239485854,0.9481481543621602,0.9913615684793031,full nested chain,6,,,,,,,full_covariance_perturbation,worst,0.04,0.5333333333333333,0.019325214647132903,0.9841424070701869,0.02,1.0,1.0
VectorPPI++,0.06282385042303604,0.101495288054548,0.8769290399322474,0.9825176524776339,joint predictor vector,2,,,,,,,full_covariance_perturbation,worst,0.04,0.5333333333333333,0.019325214647132903,0.6189829264711457,0.02,1.5616936422122378,0.9910790207298077
MultiPPI,0.047317708599735546,0.07726303386693392,0.8749257706717557,0.8526875842311494,"(0, 1, 2, 3, 4, 5);(5,);(3, 5);(4, 5);(2, 4, 5);(1, 2, 4, 5)",6,True,Optimization terminated successfully,34.0,2.2260406102720586e-06,4.73143746404503e-12,0.0,full_covariance_perturbation,worst,0.04,0.5333333333333333,0.019325214647132903,0.6124236420903217,0.02,1.1888353743394562,0.8601176516647984
OMPPI,0.06395993067551346,0.0649905239485854,0.9481481543621602,0.9913615684793031,full nested chain,6,,,,,,,full_covariance_perturbation,worst,0.04,0.6,0.016669047018640158,0.9841424070701869,0.02,1.0,1.0
VectorPPI++,0.05765464849790877,0.11618026376362042,0.8326285356502909,0.941228894640004,joint predictor vector,2,,,,,,,full_covariance_perturbation,worst,0.04,0.6,0.016669047018640158,0.496251657813521,0.02,1.7876492864641573,0.9494304848671913
MultiPPI,0.04326771053063837,0.08948130411007962,0.8270858770928484,0.8153799807921723,"(0, 1, 2, 3, 4, 5);(5,);(3, 5);(4, 5);(2, 4, 5);(1, 2, 4, 5)",6,True,Optimization terminated successfully,27.0,1.0004955750082172e-06,4.326539126964235e-12,0.0,full_covariance_perturbation,worst,0.04,0.6,0.016669047018640158,0.4835391142423513,0.02,1.376836170468007,0.822484960802871
OMPPI,0.06395993067551346,0.0649905239485854,0.9481481543621602,0.9913615684793031,full nested chain,6,,,,,,,full_covariance_perturbation,worst,0.02,0.0,0.009982416178098173,0.9841424070701869,0.02,1.0,1.0
VectorPPI++,0.06655871001415647,0.07143457869129635,0.9414946016966639,1.0113012284733045,joint predictor vector,2,,,,,,,full_covariance_perturbation,worst,0.02,0.0,0.009982416178098173,0.9317435789995923,0.02,1.0991537589050506,1.0201134082941987
MultiPPI,0.049374469934635803,0.05327973432635747,0.9408083384851018,0.8710223718079888,"(0, 1, 2, 3, 4, 5);(5,);(3, 5);(4, 5);(1, 3, 5);(2, 4, 5)",6,True,Optimization terminated successfully,38.0,1.697541304916069e-07,4.937716902020384e-12,1.8189894035458566e-16,full_covariance_perturbation,worst,0.02,0.0,0.009982416178098173,0.9267026301632714,0.02,0.8198077364095042,0.8786122031582198
OMPPI,0.06395993067551346,0.0649905239485854,0.9481481543621602,0.9913615684793031,full nested chain,6,,,,,,,full_covariance_perturbation,worst,0.02,0.06666666666666667,0.010150232718070896,0.9841424070701869,0.02,1.0,1.0
VectorPPI++,0.06455590636943645,0.07167916517382147,0.9371185149583283,0.9959695897983548,joint predictor vector,2,,,,,,,full_covariance_perturbation,worst,0.02,0.06666666666666667,0.010150232718070896,0.9006230222253402,0.02,1.1029171765183416,1.0046481742540414
MultiPPI,0.047885112692817144,0.05330651938048078,0.9367777978097975,0.857784794767906,"(0, 1, 2, 3, 4, 5);(5,);(3, 5);(4, 5);(2, 4, 5);(1, 3, 4, 5)",6,True,Optimization terminated successfully,34.0,5.104754799375156e-07,4.7883919052083e-12,0.0,full_covariance_perturbation,worst,0.02,0.06666666666666667,0.010150232718070896,0.8982974924892809,0.02,0.8202198742489298,0.8652592777867142
OMPPI,0.06395993067551346,0.0649905239485854,0.9481481543621602,0.9913615684793031,full nested chain,6,,,,,,,full_covariance_perturbation,worst,0.02,0.13333333333333333,0.010314993791022927,0.9841424070701869,0.02,1.0,1.0
VectorPPI++,0.06222358676059453,0.07235413231872245,0.9308719095888245,0.9778125509865622,joint predictor vector,2,,,,,,,full_covariance_perturbation,worst,0.02,0.13333333333333333,0.010314993791022927,0.8599866347162797,0.02,1.1133028005123096,0.9863329203758379
MultiPPI,0.04614218057266793,0.05387088405445467,0.9303112222820662,0.8420291837387498,"(0, 1, 2, 3, 4, 5);(5,);(3, 5);(4, 5);(2, 4, 5);(1, 3, 4, 5)",6,True,Optimization terminated successfully,35.0,8.63933194622578e-07,4.613753823434763e-12,0.0,full_covariance_perturbation,worst,0.02,0.13333333333333333,0.010314993791022927,0.8565328262670744,0.02,0.8289036736659089,0.8493663770226423
OMPPI,0.06395993067551346,0.0649905239485854,0.9481481543621602,0.9913615684793031,full nested chain,6,,,,,,,full_covariance_perturbation,worst,0.02,0.2,0.010476756754624658,0.9841424070701869,0.02,1.0,1.0
VectorPPI++,0.05947493476033533,0.07368163972447367,0.9217451804841454,0.9559717835695732,joint predictor vector,2,,,,,,,full_covariance_perturbation,worst,0.02,0.2,0.010476756754624658,0.8071879912382091,0.02,1.1337289692073247,0.9643018389708046
MultiPPI,0.04405614701627011,0.054770299951452855,0.921224880471232,0.8227754847136562,"(0, 1, 2, 3, 4, 5);(5,);(4, 5);(1, 4, 5);(2, 4, 5);(1, 3, 4, 5)",6,True,Optimization terminated successfully,31.0,3.551681210788062e-07,4.405475984015084e-12,1.8189894035458566e-16,full_covariance_perturbation,worst,0.02,0.2,0.010476756754624658,0.804380239935156,0.02,0.8427428588632728,0.8299449069583672
OMPPI,0.06395993067551346,0.0649905239485854,0.9481481543621602,0.9913615684793031,full nested chain,6,,,,,,,full_covariance_perturbation,worst,0.02,0.26666666666666666,0.010635581264055116,0.9841424070701869,0.02,1.0,1.0
VectorPPI++,0.05618830815912004,0.07602305434409365,0.9080103105809849,0.9291825913085789,joint predictor vector,2,,,,,,,full_covariance_perturbation,worst,0.02,0.26666666666666666,0.010635581264055116,0.7390956420246143,0.02,1.1697559847992023,0.9372792136111313
MultiPPI,0.04154445917430759,0.05664971513701374,0.9067387352985945,0.7989776696406748,"(0, 1, 2, 3, 4, 5);(5,);(4, 5);(1, 4, 5);(2, 4, 5)",5,True,Optimization terminated successfully,31.0,6.910755379655827e-06,4.154454558147336e-12,0.0,full_covariance_perturbation,worst,0.02,0.26666666666666666,0.010635581264055116,0.7333568946256415,0.02,0.8716611545066146,0.805939724762848
OMPPI,0.06395993067551346,0.0649905239485854,0.9481481543621602,0.9913615684793031,full nested chain,6,,,,,,,full_covariance_perturbation,worst,0.02,0.3333333333333333,0.010791528823917474,0.9841424070701869,0.02,1.0,1.0
VectorPPI++,0.05218679161551887,0.07999557929809717,0.8865905660677464,0.8954851444332534,joint predictor vector,2,,,,,,,full_covariance_perturbation,worst,0.02,0.3333333333333333,0.010791528823917474,0.6523709444124273,0.02,1.23088066440859,0.9032881371494771
MultiPPI,0.038474329333503275,0.05986075841821304,0.8838898765707488,0.7688889433162032,"(0, 1, 2, 3, 4, 5);(5,);(4, 5);(1, 4, 5);(2, 4, 5)",5,True,Optimization terminated successfully,27.0,1.7229128990147057e-06,3.8473668695360175e-12,0.0,full_covariance_perturbation,worst,0.02,0.3333333333333333,0.010791528823917474,0.642730402189445,0.02,0.9210690233174522,0.7755888141756783
OMPPI,0.06395993067551346,0.0649905239485854,0.9481481543621602,0.9913615684793031,full nested chain,6,,,,,,,full_covariance_perturbation,worst,0.02,0.4,0.010944661605553137,0.9841424070701869,0.02,1.0,1.0
VectorPPI++,0.04719979323024606,0.0867306680753254,0.8517887105303552,0.851624476020429,joint predictor vector,2,,,,,,,full_covariance_perturbation,worst,0.02,0.4,0.010944661605553137,0.5442111109907876,0.02,1.334512522840081,0.8590452798435353
MultiPPI,0.03462978709603879,0.0652717413185864,0.8465966334330948,0.7294625448885989,"(0, 1, 2, 3, 4, 5);(5,);(3, 5);(4, 5);(1, 4, 5);(2, 4, 5)",6,True,Optimization terminated successfully,27.0,4.1207582784214914e-07,3.4631186807132508e-12,1.8189894035458566e-16,full_covariance_perturbation,worst,0.02,0.4,0.010944661605553137,0.5305479277320554,0.02,1.004327051897958,0.7358188657722089
OMPPI,0.06395993067551346,0.0649905239485854,0.9481481543621602,0.9913615684793031,full nested chain,6,,,,,,,full_covariance_perturbation,worst,0.02,0.4666666666666667,0.011094980185436601,0.9841424070701869,0.02,1.0,1.0
VectorPPI++,0.040781347198328266,0.09855369176562837,0.7926151382068269,0.7916056238173343,joint predictor vector,2,,,,,,,full_covariance_perturbation,worst,0.02,0.4666666666666667,0.011094980185436601,0.41379827044237816,0.02,1.5164317161621146,0.7985034411124249
MultiPPI,0.02965292284105798,0.07473256437696445,0.7830212575257143,0.6750125391639609,"(0, 1, 2, 3, 4, 5);(5,);(3, 5);(4, 5);(1, 4, 5);(2, 4, 5)",6,True,Optimization terminated successfully,32.0,8.270493937002626e-06,2.9659608102861057e-12,1.8189894035458566e-16,full_covariance_perturbation,worst,0.02,0.4666666666666667,0.011094980185436601,0.39678717153988347,0.02,1.1498993981966674,0.6808943988008279
OMPPI,0.06395993067551346,0.0649905239485854,0.9481481543621602,0.9913615684793031,full nested chain,6,,,,,,,full_covariance_perturbation,worst,0.02,0.5333333333333333,0.009907522831161527,0.9841424070701869,0.02,1.0,1.0
VectorPPI++,0.0320930926351895,0.12144432575583525,0.6863279580157242,0.7022372641402687,joint predictor vector,2,,,,,,,full_covariance_perturbation,worst,0.02,0.5333333333333333,0.009907522831161527,0.26426177127215406,0.02,1.8686466638107269,0.7083563519790906
MultiPPI,0.022629845952601858,0.09482418803017963,0.6616745324749056,0.58968337723077,"(0, 1, 2, 3, 4, 5);(5,);(3, 5);(4, 5);(2, 4, 5);(1, 2, 4, 5)",6,True,Optimization terminated successfully,29.0,6.85578118981826e-07,2.2631896356983816e-12,1.8189894035458566e-16,full_covariance_perturbation,worst,0.02,0.5333333333333333,0.009907522831161527,0.23865056398267784,0.02,1.459046369670691,0.5948217037859492
OMPPI,0.06395993067551346,0.0649905239485854,0.9481481543621602,0.9913615684793031,full nested chain,6,,,,,,,full_covariance_perturbation,worst,0.02,0.6,0.008591531120690674,0.9841424070701869,0.02,1.0,1.0
VectorPPI++,0.01891691447725169,0.18542610079721217,0.4686977986924843,0.5391420888001784,joint predictor vector,2,,,,,,,full_covariance_perturbation,worst,0.02,0.6,0.008591531120690674,0.10201861763754512,0.02,2.853125187048876,0.5438400135151439
MultiPPI,0.012088567611387435,0.14262914220631728,0.43172883448008026,0.4309883278248801,"(0, 1, 2, 3, 4, 5);(5,);(3, 5);(4, 5);(2, 4, 5);(1, 2, 4, 5)",6,True,Optimization terminated successfully,29.0,1.9561531935960426e-05,1.2090328738167955e-12,1.8189894035458566e-16,full_covariance_perturbation,worst,0.02,0.6,0.008591531120690674,0.08475524303372002,0.02,2.194614438239527,0.4347438326522922
