trial,outer_trial,inner_trial,method,budget,theta_true,theta_hat,bias,sq_error,covered,theta_pool,bias_pool,sq_error_pool,covered_pool,ci_low,ci_high,ci_width,var_hat,actual_cost,budget_left,algo_compute_time_sec,n_pilot,num_strata,epsilon_gap,covariance_method
0,0,0,Classical,200.0,0.23202291529163466,0.28294202560092263,0.050919110309287974,0.0025927557946894366,1.0,0.2337359015776001,0.04920612402332253,0.0024212426413985984,1.0,0.22493155563460898,0.3409524955672363,0.11602093993262727,0.0008760251724121059,199.0,1.0,0.007796408608555794,400,5,0.0001,ledoitwolf
0,0,0,MultiPPI,200.0,0.23202291529163466,0.19726536250269805,-0.03475755278893661,0.001208087475875715,1.0,0.2337359015776001,-0.03647053907490205,0.0013301002204139576,1.0,0.14593920101027325,0.24859152399512285,0.10265232298484964,0.0006857745915054373,199.96038566338297,0.03961433661703495,0.4005580637603998,400,5,0.0001,ledoitwolf
0,0,0,OMPPI(DAG),200.0,0.23202291529163466,0.2744915332414816,0.042468617949846965,0.0018035835105700638,1.0,0.2337359015776001,0.04075563166388152,0.0016610215123219819,1.0,0.2172146646891711,0.33176840179379213,0.11455373710462105,0.0008540088087071748,196.69943408090546,3.300565919094538,0.010675782337784767,400,5,0.0001,ledoitwolf
0,0,0,OMPPI(Exhaustive),200.0,0.23202291529163466,0.2792592882809862,0.047236372989351516,0.0022312749331891376,0.0,0.2337359015776001,0.04552338670338607,0.002072378736946028,1.0,0.23286320733547677,0.3256553692264956,0.09279216189101883,0.0005603590790837379,196.69943408090546,3.300565919094538,0.010173745453357697,400,5,0.0001,ledoitwolf
0,0,0,VectorPPI++,200.0,0.23202291529163466,0.24046033718291498,0.008437421891280328,7.11900881714565e-05,1.0,0.2337359015776001,0.006724435605314882,4.521803421002653e-05,1.0,0.18896675544362249,0.29195391892220746,0.10298716347858498,0.0006902557294267893,197.49004401592958,2.509955984070416,0.008038951084017754,400,5,0.0001,ledoitwolf
0,0,0,Classical,511.1111111111111,0.23202291529163466,0.23169403875925615,-0.0003288765323785081,1.081597735493119e-07,1.0,0.2337359015776001,-0.0020418628183439536,4.169203768935513e-06,1.0,0.1973191068963594,0.2660689706221529,0.0687498637257935,0.00030760083492585273,508.0,3.111111111111086,0.0046848636120557785,400,5,0.0001,ledoitwolf
0,0,0,MultiPPI,511.1111111111111,0.23202291529163466,0.23351837981611667,0.0014954645244820153,2.23641414398422e-06,1.0,0.2337359015776001,-0.00021752176148343016,4.7315716718854284e-08,1.0,0.20285460959826707,0.2641821500339663,0.06132754043569922,0.000244768159145119,511.0680150911758,0.043096019935262575,0.011059939861297607,400,5,0.0001,ledoitwolf
0,0,0,OMPPI(DAG),511.1111111111111,0.23202291529163466,0.24304124177736175,0.011018326485727092,0.00012140351854607514,1.0,0.2337359015776001,0.009305340199761647,8.658935623330012e-05,1.0,0.21452153876049587,0.2715609447942276,0.05703940603373174,0.00021173556665206092,508.41857053028707,2.6925405808240157,0.009972231462597847,400,5,0.0001,ledoitwolf
0,0,0,OMPPI(Exhaustive),511.1111111111111,0.23202291529163466,0.2355195277806849,0.003496612489050255,1.2226298898582218e-05,1.0,0.2337359015776001,0.0017836262030848093,3.1813224323307337e-06,1.0,0.2062923508040158,0.264746704757354,0.058454353953338194,0.0002223706966280021,508.41857053028707,2.6925405808240157,0.0093553327023983,400,5,0.0001,ledoitwolf
0,0,0,VectorPPI++,511.1111111111111,0.23202291529163466,0.2596286858576459,0.027605770566011267,0.000762078568543254,1.0,0.2337359015776001,0.025892784280045822,0.000670436277772988,1.0,0.22291280895239052,0.29634456276290133,0.07343175381051083,0.00035092283422636907,509.34625864598615,1.7648524651249318,0.00512041337788105,400,5,0.0001,ledoitwolf
0,0,0,Classical,822.2222222222222,0.23202291529163466,0.23642987143934102,0.004406956147706365,1.942126248780692e-05,1.0,0.2337359015776001,0.002693969861740919,7.257473615968387e-06,1.0,0.20867951547539362,0.2641802274032884,0.05550071192789479,0.00020046609688416288,819.0,3.2222222222221717,0.004612669348716736,400,5,0.0001,ledoitwolf
0,0,0,MultiPPI,822.2222222222222,0.23202291529163466,0.24868069281203756,0.0166577775204029,0.0002774815519192402,1.0,0.2337359015776001,0.014944791234437454,0.00022334678504091858,1.0,0.22390243101730495,0.27345895460677017,0.04955652358946521,0.00015982528675326701,822.1764829176273,0.045739304594917485,0.011781392619013786,400,5,0.0001,ledoitwolf
0,0,0,OMPPI(DAG),822.2222222222222,0.23202291529163466,0.22659013807413098,-0.0054327772175036815,2.9515068295027044e-05,1.0,0.2337359015776001,-0.007145763503469127,5.106193604751137e-05,1.0,0.20171027928175075,0.2514699968665112,0.04975971758476046,0.0001611386200976975,819.692098092643,2.5301241295791215,0.016776256263256073,400,5,0.0001,ledoitwolf
0,0,0,OMPPI(Exhaustive),822.2222222222222,0.23202291529163466,0.23037587543438975,-0.001647039857244903,2.7127402913533106e-06,1.0,0.2337359015776001,-0.0033600261432103484,1.128977568305701e-05,1.0,0.20642040180271065,0.25433134906606886,0.04791094726335821,0.00014938718432347517,819.692098092643,2.5301241295791215,0.0149011742323637,400,5,0.0001,ledoitwolf
0,0,0,VectorPPI++,822.2222222222222,0.23202291529163466,0.25000000465025896,0.0179770893586243,0.000323175741807963,1.0,0.2337359015776001,0.016264103072658853,0.00026452104875807113,1.0,0.22040719848139806,0.27959281081911985,0.05918561233772178,0.00022796916948065367,819.5323831481869,2.6898390740352625,0.004948554560542107,400,5,0.0001,ledoitwolf
0,0,0,Classical,1133.3333333333333,0.23202291529163466,0.21693107251458407,-0.015091842777050585,0.0002277637184072139,1.0,0.2337359015776001,-0.01680482906301603,0.0002824022798371882,1.0,0.19413532795253835,0.2397268170766298,0.04559148912409147,0.00013527308098128756,1131.0,2.3333333333332575,0.0071483757346868515,400,5,0.0001,ledoitwolf
0,0,0,MultiPPI,1133.3333333333333,0.23202291529163466,0.2275238376937513,-0.004499077597883344,2.0241699231775764e-05,1.0,0.2337359015776001,-0.00621206388384879,3.858973769701851e-05,1.0,0.2076075052738959,0.24744017011360672,0.03983266483971082,0.0001032577246230925,1133.2921819325088,0.04115140082444668,0.016412386670708656,400,5,0.0001,ledoitwolf
0,0,0,OMPPI(DAG),1133.3333333333333,0.23202291529163466,0.23669135987585999,0.004668444584225329,2.17943748359828e-05,1.0,0.2337359015776001,0.002955458298259883,8.734733752753205e-06,1.0,0.21643343171669016,0.2569492880350298,0.04051585631833963,0.00010683015813974853,1131.0289247537203,2.304408579612982,0.016620099544525146,400,5,0.0001,ledoitwolf
0,0,0,OMPPI(Exhaustive),1133.3333333333333,0.23202291529163466,0.23406763010846832,0.0020447148168336593,4.180858682179105e-06,1.0,0.2337359015776001,0.00033172853086821386,1.1004381819198352e-07,1.0,0.21331657576166146,0.25481868445527517,0.041502108693613704,0.00011209446114180237,1131.0289247537203,2.304408579612982,0.013885291293263435,400,5,0.0001,ledoitwolf
0,0,0,VectorPPI++,1133.3333333333333,0.23202291529163466,0.2393005835680566,0.007277668276421956,5.296445554163852e-05,1.0,0.2337359015776001,0.00556468199045651,3.096568565491103e-05,1.0,0.21511756779669497,0.26348359933941823,0.04836603154272327,0.00015223858411483713,1130.8061203102075,2.527213023125796,0.007381267845630646,400,5,0.0001,ledoitwolf
0,0,0,Classical,1444.4444444444443,0.23202291529163466,0.24729334116341023,0.015270425871775573,0.00023318590630539275,1.0,0.2337359015776001,0.013557439585810127,0.00018380416812289148,1.0,0.22625824884019594,0.26832843348662455,0.0420701846464286,0.0001151841343873099,1443.0,1.4444444444443434,0.006604893133044243,400,5,0.0001,ledoitwolf
0,0,0,MultiPPI,1444.4444444444443,0.23202291529163466,0.22233377830654644,-0.00968913698508822,9.387937551580445e-05,1.0,0.2337359015776001,-0.011402123271053666,0.00013000841508830355,1.0,0.2046503459316908,0.24001721068140208,0.035366864749711305,8.140235133370234e-05,1444.4056801509118,0.038764293532494776,0.017645075917243958,400,5,0.0001,ledoitwolf
0,0,0,OMPPI(DAG),1444.4444444444443,0.23202291529163466,0.22700260368901148,-0.005020311602623173,2.5203528587432853e-05,1.0,0.2337359015776001,-0.0067332978885886186,4.533730045647195e-05,1.0,0.20978653006456727,0.2442186773134557,0.03443214724888845,7.715641501754479e-05,1442.432613707818,2.0118307366262798,0.01644502766430378,400,5,0.0001,ledoitwolf
0,0,0,OMPPI(Exhaustive),1444.4444444444443,0.23202291529163466,0.22577181455099285,-0.006251100740641807,3.907626046965255e-05,1.0,0.2337359015776001,-0.007964087026607253,6.342668216737395e-05,1.0,0.20822693615748877,0.24331669294449693,0.03508975678700813,8.013173437772905e-05,1442.432613707818,2.0118307366262798,0.01563051901757717,400,5,0.0001,ledoitwolf
0,0,0,VectorPPI++,1444.4444444444443,0.23202291529163466,0.23784694212874585,0.005824026837111196,3.391928859939144e-05,1.0,0.2337359015776001,0.00411104055114575,1.6900654413164755e-05,1.0,0.21699266044778304,0.25870122380970867,0.04170856336192566,0.00011321247597035498,1442.4097673443723,2.034677100072031,0.008009824901819229,400,5,0.0001,ledoitwolf
0,0,0,Classical,1755.5555555555554,0.23202291529163466,0.2468241069515274,0.014801191659892743,0.00021907527455287848,1.0,0.2337359015776001,0.013088205373927297,0.00017130111991009938,1.0,0.22751729744341584,0.266130916459639,0.038613619016223136,9.703420257285314e-05,1753.0,2.5555555555554292,0.008042166009545326,400,5,0.0001,ledoitwolf
0,0,0,MultiPPI,1755.5555555555554,0.23202291529163466,0.23217081499125777,0.00014789969962311633,2.1874321148608037e-08,1.0,0.2337359015776001,-0.0015650865863423291,2.449496022748685e-06,1.0,0.21598000935349487,0.24836162062902067,0.03238161127552582,6.824027002128529e-05,1755.512785579543,0.04276997601232324,0.01937677711248398,400,5,0.0001,ledoitwolf
0,0,0,OMPPI(DAG),1755.5555555555554,0.23202291529163466,0.25597732790215144,0.023954412610516784,0.0005738138835148856,0.0,0.2337359015776001,0.02224142632455134,0.0004946810449504452,0.0,0.2396246810498992,0.2723299747544037,0.032705293704504486,6.961133037114172e-05,1753.0008383986585,2.5547171568969134,0.016941169276833534,400,5,0.0001,ledoitwolf
0,0,0,OMPPI(Exhaustive),1755.5555555555554,0.23202291529163466,0.22314569715555285,-0.008877218136081805,7.880500183557972e-05,1.0,0.2337359015776001,-0.01059020442204725,0.00011215242970074914,1.0,0.20655162060103954,0.23973977371006616,0.03318815310902664,7.168198060946344e-05,1753.0008383986585,2.5547171568969134,0.017762841656804085,400,5,0.0001,ledoitwolf
0,0,0,VectorPPI++,1755.5555555555554,0.23202291529163466,0.22910001892597928,-0.0029228963656553753,8.543323164361402e-06,1.0,0.2337359015776001,-0.004635882651620821,2.149140795959889e-05,1.0,0.2096750075239697,0.24852503032798887,0.03885002280401915,9.822598277912058e-05,1753.848459442465,1.7070961130905289,0.008006338030099869,400,5,0.0001,ledoitwolf
0,0,0,Classical,2066.6666666666665,0.23202291529163466,0.22918294189514074,-0.0028399733964939167,8.065448892793193e-06,1.0,0.2337359015776001,-0.004552959682459362,2.0729441870100457e-05,1.0,0.21202774341026398,0.2463381403800175,0.034310396969753534,7.661173756961944e-05,2064.0,2.666666666666515,0.006489120423793793,400,5,0.0001,ledoitwolf
0,0,0,MultiPPI,2066.6666666666665,0.23202291529163466,0.22131390743854926,-0.0107090078530854,0.00011468284919744478,1.0,0.2337359015776001,-0.012421994139050846,0.00015430593839061357,1.0,0.2063604358688384,0.23626737900826011,0.029906943139421722,5.820869685796785e-05,2066.604695032488,0.06197163417846241,0.016715029254555702,400,5,0.0001,ledoitwolf
0,0,0,OMPPI(DAG),2066.6666666666665,0.23202291529163466,0.22791869644474888,-0.0041042188468857765,1.6844612343132414e-05,1.0,0.2337359015776001,-0.005817205132851222,3.38398755576706e-05,1.0,0.2128988067101605,0.24293858617933725,0.030039779469176763,5.872693113977715e-05,2064.586250262,2.080416404666721,0.01489325612783432,400,5,0.0001,ledoitwolf
0,0,0,OMPPI(Exhaustive),2066.6666666666665,0.23202291529163466,0.22980348604416773,-0.002219429247466931,4.925866184511627e-06,1.0,0.2337359015776001,-0.003932415533432376,1.546389192758024e-05,1.0,0.2149895441714438,0.24461742791689164,0.02962788374544784,5.712748308695639e-05,2064.586250262,2.080416404666721,0.013972938060760498,400,5,0.0001,ledoitwolf
0,0,0,VectorPPI++,2066.6666666666665,0.23202291529163466,0.2249216576466716,-0.007101257644963055,5.042786014014623e-05,1.0,0.2337359015776001,-0.0088142439309285,7.769089607390991e-05,1.0,0.2076905984459172,0.242152716847426,0.03446211840150883,7.729079369026112e-05,2064.034583944666,2.632082722000632,0.006966551765799522,400,5,0.0001,ledoitwolf
0,0,0,Classical,2377.7777777777774,0.23202291529163466,0.2238720885847768,-0.00815082670685785,6.643597600522718e-05,1.0,0.2337359015776001,-0.009863812992823295,9.729480675738966e-05,1.0,0.2078829506738475,0.23986122649570613,0.031978275821858616,6.655089721579319e-05,2375.0,2.7777777777773736,0.0064728111028671265,400,5,0.0001,ledoitwolf
0,0,0,MultiPPI,2377.7777777777774,0.23202291529163466,0.22484344644918183,-0.007179468842452824,5.1544772859750894e-05,1.0,0.2337359015776001,-0.00889245512841827,7.907575821093238e-05,1.0,0.21066880699140578,0.2390180859069579,0.02834927891555213,5.230315178066576e-05,2377.7365332215472,0.041244556230140006,0.015071095898747444,400,5,0.0001,ledoitwolf
0,0,0,OMPPI(DAG),2377.7777777777774,0.23202291529163466,0.22759730030137773,-0.004425614990256926,1.9586068041986815e-05,1.0,0.2337359015776001,-0.006138601276222372,3.768242562843893e-05,1.0,0.2136115220756154,0.24158307852714006,0.027971556451524663,5.091867483428179e-05,2374.8597778243557,2.917999953421713,0.014169840142130852,400,5,0.0001,ledoitwolf
0,0,0,OMPPI(Exhaustive),2377.7777777777774,0.23202291529163466,0.23199163251084856,-3.128278078609603e-05,9.78612373710939e-10,1.0,0.2337359015776001,-0.0017442690667515415,3.0424745772262934e-06,1.0,0.21784644915189771,0.2461368158697994,0.028290366717901704,5.208599690837918e-05,2374.8597778243557,2.917999953421713,0.013421030715107918,400,5,0.0001,ledoitwolf
0,0,0,VectorPPI++,2377.7777777777774,0.23202291529163466,0.24153728910540043,0.00951437381376577,9.05233090680718e-05,1.0,0.2337359015776001,0.007801387527800324,6.086164735891846e-05,1.0,0.2248570837207212,0.25821749449007964,0.033360410769358466,7.242801879750672e-05,2376.055753510794,1.722024266983226,0.006715254858136177,400,5,0.0001,ledoitwolf
0,0,0,Classical,2688.8888888888887,0.23202291529163466,0.2306214560245504,-0.0014014592670842652,1.9640880772963656e-06,1.0,0.2337359015776001,-0.0031144455530497106,9.699771102911117e-06,1.0,0.21527873624044763,0.24596417580865315,0.030685439568205533,6.127855623634239e-05,2686.0,2.888888888888687,0.005994010716676712,400,5,0.0001,ledoitwolf
0,0,0,MultiPPI,2688.8888888888887,0.23202291529163466,0.22678294549281092,-0.00523996979882374,2.745728349258491e-05,1.0,0.2337359015776001,-0.006952956084789186,4.834359831700696e-05,1.0,0.21339935348076228,0.24016653750485956,0.02676718402409728,4.662825856157592e-05,2688.8644938168095,0.02439507207918723,0.013860553503036499,400,5,0.0001,ledoitwolf
0,0,0,OMPPI(DAG),2688.8888888888887,0.23202291529163466,0.23484050949969879,0.002817594208064128,7.938837121316521e-06,1.0,0.2337359015776001,0.0011046079220986826,1.2201586615631694e-06,1.0,0.22201579318434803,0.24766522581504954,0.025649432630701515,4.281533559157214e-05,2686.116118214211,2.7727706746777585,0.014704708009958267,400,5,0.0001,ledoitwolf
0,0,0,OMPPI(Exhaustive),2688.8888888888887,0.23202291529163466,0.23721651397817045,0.005193598686535794,2.6973467316786326e-05,1.0,0.2337359015776001,0.0034806124005703487,1.2114662683004086e-05,1.0,0.22381093995188606,0.25062208800445485,0.026811148052568786,4.67815544464742e-05,2686.116118214211,2.7727706746777585,0.014169102534651756,400,5,0.0001,ledoitwolf
0,0,0,VectorPPI++,2688.8888888888887,0.23202291529163466,0.22171766762725786,-0.010305247664376793,0.00010619812942414335,1.0,0.2337359015776001,-0.012018233950342239,0.00014443794728515882,1.0,0.20656223588973366,0.23687309936478207,0.030310863475048404,5.979163694620913e-05,2687.0769230769233,1.811965811965365,0.0061656516045331955,400,5,0.0001,ledoitwolf
0,0,0,Classical,3000.0,0.23202291529163466,0.23061739324897929,-0.0014055220426553716,1.9754922123901282e-06,1.0,0.2337359015776001,-0.003118508328620817,9.725094195677402e-06,1.0,0.21632434707543635,0.24491043942252222,0.028586092347085874,5.31806218560782e-05,2997.0,3.0,0.0062710195779800415,400,5,0.0001,ledoitwolf
0,0,0,MultiPPI,3000.0,0.23202291529163466,0.23050668240178135,-0.0015162328898533084,2.298962176272915e-06,1.0,0.2337359015776001,-0.003229219175818754,1.0427856485475552e-05,1.0,0.21801740393052377,0.24299596087303893,0.024978556942515148,4.060490662878772e-05,2999.955879270593,0.044120729407040926,0.017060035839676857,400,5,0.0001,ledoitwolf
0,0,0,OMPPI(DAG),3000.0,0.23202291529163466,0.23339214395915714,0.0013692286675224818,1.874787143965391e-06,1.0,0.2337359015776001,-0.0003437576184429636,1.1816930023757815e-07,1.0,0.2208443301699265,0.24593995774838778,0.02509562757846126,4.098641642102951e-05,2996.7015300775515,3.2984699224484757,0.016970274969935417,400,5,0.0001,ledoitwolf
0,0,0,OMPPI(Exhaustive),3000.0,0.23202291529163466,0.22307081012846094,-0.008952105163173713,8.014018685252144e-05,1.0,0.2337359015776001,-0.010665091449139158,0.00011374417561850119,1.0,0.21105454944041926,0.23508707081650262,0.024032521376083364,3.758741865073164e-05,2996.7015300775515,3.2984699224484757,0.01626993529498577,400,5,0.0001,ledoitwolf
0,0,0,VectorPPI++,3000.0,0.23202291529163466,0.22068399777674078,-0.011338917514893881,0.00012857105040956724,1.0,0.2337359015776001,-0.013051903800859327,0.00017035219282688616,1.0,0.2062488574512229,0.23511913810225865,0.028870280651035772,5.42432669315302e-05,2998.263047579124,1.7369524208761504,0.00732673704624176,400,5,0.0001,ledoitwolf
1,0,1,Classical,200.0,0.23202291529163466,0.2377719245592974,0.0057490092676627524,3.3051107559672214e-05,1.0,0.2339463388709245,0.0038255856883729067,1.4635105859083606e-05,1.0,0.18320064458202392,0.29234320453657087,0.10914255995454696,0.0007752327272949551,198.0,2.0,0.007708804681897163,400,5,0.0001,ledoitwolf
1,0,1,MultiPPI,200.0,0.23202291529163466,0.23550466515413804,0.0034817498625033805,1.212258210504231e-05,1.0,0.2339463388709245,0.0015583262832135347,2.4283808049541095e-06,1.0,0.18785901885362188,0.2831503114546542,0.09529129260103232,0.0005909493547515618,199.95493607210227,0.04506392789772917,0.3432695884257555,400,5,0.0001,ledoitwolf
1,0,1,OMPPI(DAG),200.0,0.23202291529163466,0.29810214929143863,0.06607923399980398,0.00436646516600085,0.0,0.2339463388709245,0.06415581042051413,0.00411596801071295,0.0,0.24931103387183595,0.3468932647110413,0.09758223083920536,0.0006197054439487231,197.87654579752672,2.123454202473283,0.014040576294064522,400,5,0.0001,ledoitwolf
1,0,1,OMPPI(Exhaustive),200.0,0.23202291529163466,0.24367617445326117,0.011653259161626517,0.00013579844908803235,1.0,0.2339463388709245,0.009729835582336671,9.466970045930479e-05,1.0,0.19495537926756296,0.2923969696389594,0.09744159037139642,0.0006179204292753137,197.87654579752672,2.123454202473283,0.015520468354225159,400,5,0.0001,ledoitwolf
1,0,1,VectorPPI++,200.0,0.23202291529163466,0.19122001071607972,-0.04080290457555494,0.0016648770218018422,1.0,0.2339463388709245,-0.042726328154844784,0.0018255391175954821,1.0,0.14145922530905222,0.24098079612310722,0.099521570814055,0.0006445821444148189,198.43324250681195,1.5667574931880495,0.007482249289751053,400,5,0.0001,ledoitwolf
1,0,1,Classical,511.1111111111111,0.23202291529163466,0.23626673862478648,0.004243823333151819,1.8010036483003818e-05,1.0,0.2339463388709245,0.0023203997538619736,5.384255017722708e-06,1.0,0.20104027047128512,0.2714932067782878,0.07045293630700271,0.0003230293793297574,508.0,3.111111111111086,0.006291879341006279,400,5,0.0001,ledoitwolf
1,0,1,MultiPPI,511.1111111111111,0.23202291529163466,0.22375795572678742,-0.00826495956484724,6.830955660855989e-05,1.0,0.2339463388709245,-0.010188383144137086,0.0001038031510917367,1.0,0.1922175823407709,0.2552983291128039,0.063080746772033,0.00025896285754003877,511.07482708027663,0.03628403083445164,0.014661917462944984,400,5,0.0001,ledoitwolf
1,0,1,OMPPI(DAG),511.1111111111111,0.23202291529163466,0.2218326117972999,-0.010190303494334751,0.00010384228530665105,1.0,0.2339463388709245,-0.012113727073624597,0.00014674238361426554,1.0,0.19142355923490945,0.25224166435969037,0.06081810512478091,0.00024071857096600002,508.4975896038567,2.6135215072544042,0.013869984075427055,400,5,0.0001,ledoitwolf
1,0,1,OMPPI(Exhaustive),511.1111111111111,0.23202291529163466,0.25682247955403115,0.02479956426239649,0.0006150183876047332,1.0,0.2339463388709245,0.022876140683106644,0.000523317812553287,1.0,0.22501772773884088,0.2886272313692214,0.06360950363038051,0.000263322421309483,508.4975896038567,2.6135215072544042,0.012879390269517899,400,5,0.0001,ledoitwolf
1,0,1,VectorPPI++,511.1111111111111,0.23202291529163466,0.24614409687792027,0.014121181586285614,0.0001994077693928519,1.0,0.2339463388709245,0.012197758006995768,0.00014878530039722938,1.0,0.21005785588018933,0.2822303378756512,0.07217248199546192,0.00033899017277790755,509.0779710752463,2.0331400358647898,0.006708391010761261,400,5,0.0001,ledoitwolf
1,0,1,Classical,822.2222222222222,0.23202291529163466,0.2221752702049039,-0.00984764508673075,9.697611375421227e-05,1.0,0.2339463388709245,-0.011771068666020595,0.00013855805754017187,1.0,0.19469217037435127,0.24965837003545654,0.05496619966110526,0.00019662342134898656,819.0,3.2222222222221717,0.006007328629493713,400,5,0.0001,ledoitwolf
1,0,1,MultiPPI,822.2222222222222,0.23202291529163466,0.23151822129916777,-0.000504693992466887,2.5471602603216616e-07,1.0,0.2339463388709245,-0.0024281175717567327,5.895754942273812e-06,1.0,0.20771907849423102,0.2553173641041045,0.04759828560987349,0.0001474437771397034,822.1758541186334,0.046368103588747545,0.014882797375321388,400,5,0.0001,ledoitwolf
1,0,1,OMPPI(DAG),822.2222222222222,0.23202291529163466,0.21713995341757392,-0.01488296187406074,0.0002215025541447456,1.0,0.2339463388709245,-0.016806385453350586,0.0002824545920065942,1.0,0.19344568845234217,0.24083421838280566,0.04738852993046352,0.0001461471327554579,819.9423600922239,2.279862129998264,0.012663180008530617,400,5,0.0001,ledoitwolf
1,0,1,OMPPI(Exhaustive),822.2222222222222,0.23202291529163466,0.2495068749370247,0.01748395964539004,0.0003056888448816274,1.0,0.2339463388709245,0.015560536066100195,0.00024213028266440492,1.0,0.22606275598784797,0.2729509938862014,0.04688823789835344,0.00014307760123375037,819.9423600922239,2.279862129998264,0.012690501287579536,400,5,0.0001,ledoitwolf
1,0,1,VectorPPI++,822.2222222222222,0.23202291529163466,0.2456458046116808,0.013622889320046155,0.0001855831134262276,1.0,0.2339463388709245,0.01169946574075631,0.0001368774986191306,1.0,0.21875856699508847,0.2725330422282731,0.05377447523318467,0.0001881898467209055,819.7226996436805,2.4995225785417006,0.0065199341624975204,400,5,0.0001,ledoitwolf
1,0,1,Classical,1133.3333333333333,0.23202291529163466,0.24061010046475975,0.008587185173125095,7.373974919753946e-05,1.0,0.2339463388709245,0.006663761593835249,4.44057185794737e-05,1.0,0.21723016767049017,0.26399003325902937,0.046759865588539194,0.0001422952276671268,1131.0,2.3333333333332575,0.005364116281270981,400,5,0.0001,ledoitwolf
1,0,1,MultiPPI,1133.3333333333333,0.23202291529163466,0.23230934613074317,0.0002864308391085091,8.204262559240462e-08,1.0,0.2339463388709245,-0.0016369927401813367,2.679745231406401e-06,1.0,0.2113346111148669,0.25328408114661943,0.041949470031752506,0.00011452407262997323,1133.276147558164,0.057185775169273256,0.017373831942677498,400,5,0.0001,ledoitwolf
1,0,1,OMPPI(DAG),1133.3333333333333,0.23202291529163466,0.21225947624357913,-0.019763439048055526,0.0003905935230062059,1.0,0.2339463388709245,-0.02168686262734537,0.0004703200106173494,0.0,0.19230096760857882,0.23221798487857945,0.03991701727000065,0.0001036955192093937,1131.2018444770488,2.131488856284477,0.01425090804696083,400,5,0.0001,ledoitwolf
1,0,1,OMPPI(Exhaustive),1133.3333333333333,0.23202291529163466,0.22240669203180588,-0.009616223259828777,9.247174978287198e-05,1.0,0.2339463388709245,-0.011539646839118622,0.0001331634491715804,1.0,0.2034535511244707,0.24135983293914107,0.03790628181467039,9.351175348233822e-05,1131.2018444770488,2.131488856284477,0.01549362763762474,400,5,0.0001,ledoitwolf
1,0,1,VectorPPI++,1133.3333333333333,0.23202291529163466,0.2463770681665718,0.014354152874937132,0.00020604170475706593,1.0,0.2339463388709245,0.012430729295647286,0.00015452303082166366,1.0,0.22295885994973189,0.26979527638341166,0.046836416433679785,0.00014276151370748607,1131.7849507440787,1.5483825892545156,0.005953388288617134,400,5,0.0001,ledoitwolf
1,0,1,Classical,1444.4444444444443,0.23202291529163466,0.23978591921477016,0.007763003923135503,6.0264229910617214e-05,1.0,0.2339463388709245,0.005839580343845657,3.410069859222856e-05,1.0,0.21877963925745522,0.2607921991720851,0.0420125599146299,0.00011486880850264023,1441.0,3.4444444444443434,0.006782190874218941,400,5,0.0001,ledoitwolf
1,0,1,MultiPPI,1444.4444444444443,0.23202291529163466,0.234082673591708,0.00205975830007335,4.2426042547210565e-06,1.0,0.2339463388709245,0.00013633472078350417,1.8587156091116045e-08,1.0,0.21636134768863519,0.25180399949478083,0.03544265180614563,8.175159657345323e-05,1444.3892265772374,0.055217867206920346,0.01824941672384739,400,5,0.0001,ledoitwolf
1,0,1,OMPPI(DAG),1444.4444444444443,0.23202291529163466,0.22790549612435335,-0.004117419167281311,1.6953140599095526e-05,1.0,0.2339463388709245,-0.006040842746571157,3.649178108880136e-05,1.0,0.2104964074462563,0.24531458480245039,0.03481817735619406,7.889616490723759e-05,1442.008174386921,2.4362700575234157,0.015637343749403954,400,5,0.0001,ledoitwolf
1,0,1,OMPPI(Exhaustive),1444.4444444444443,0.23202291529163466,0.23750585720314998,0.005482941911515327,3.0062652005051343e-05,1.0,0.2339463388709245,0.003559518332225481,1.2670170757449268e-05,1.0,0.21993348067538124,0.25507823373091876,0.0351447530555375,8.038311257437405e-05,1442.008174386921,2.4362700575234157,0.0160362608730793,400,5,0.0001,ledoitwolf
1,0,1,VectorPPI++,1444.4444444444443,0.23202291529163466,0.2563036662990547,0.024280751007420054,0.00058955486948433,0.0,0.2339463388709245,0.022357327428130208,0.0004998500897286233,0.0,0.2352343542592456,0.2773729783388638,0.0421386240796182,0.0001155592004369403,1443.012156780549,1.4322876638952948,0.007640821859240532,400,5,0.0001,ledoitwolf
1,0,1,Classical,1755.5555555555554,0.23202291529163466,0.24452020058965182,0.012497285298017163,0.00015618213982003594,1.0,0.2339463388709245,0.010573861718727318,0.00011180655164676702,1.0,0.22549939884698844,0.2635410023323152,0.03804160348532678,9.418060060535374e-05,1753.0,2.5555555555554292,0.0073580145835876465,400,5,0.0001,ledoitwolf
1,0,1,MultiPPI,1755.5555555555554,0.23202291529163466,0.24213306214207955,0.010110146850444895,0.00010221506933756084,1.0,0.2339463388709245,0.00818672327115505,6.702243791847164e-05,1.0,0.22506417102553194,0.25920195325862716,0.034137782233095236,7.584281325080395e-05,1755.510794382729,0.0447611728263837,0.02156439609825611,400,5,0.0001,ledoitwolf
1,0,1,OMPPI(DAG),1755.5555555555554,0.23202291529163466,0.23382218776429048,0.0017992724726558218,3.237381430856995e-06,1.0,0.2339463388709245,-0.00012415110663402396,1.5413497278452787e-08,1.0,0.21732741893605015,0.25031695659253084,0.03298953765648067,7.08265821388986e-05,1752.7476420037729,2.807913551782576,0.01874507963657379,400,5,0.0001,ledoitwolf
1,0,1,OMPPI(Exhaustive),1755.5555555555554,0.23202291529163466,0.22195977575142375,-0.010063139540210903,0.00010126677740575609,1.0,0.2339463388709245,-0.011986563119500748,0.00014367769541777552,1.0,0.20615442633958575,0.23776512516326176,0.03161069882367603,6.502974044249926e-05,1752.7476420037729,2.807913551782576,0.017714018002152443,400,5,0.0001,ledoitwolf
1,0,1,VectorPPI++,1755.5555555555554,0.23202291529163466,0.2349114628655514,0.0028885475739167388,8.343707086780277e-06,1.0,0.2339463388709245,0.000965123994626893,9.31464325004571e-07,1.0,0.21645677393522028,0.2533661517958825,0.03690937786066221,8.86578665585554e-05,1753.6568853489835,1.8986702065719783,0.008071370422840118,400,5,0.0001,ledoitwolf
1,0,1,Classical,2066.6666666666665,0.23202291529163466,0.24196675427385433,0.009943838982219677,9.887993370431166e-05,1.0,0.2339463388709245,0.008020415402929831,6.432706323555409e-05,1.0,0.22420912253142325,0.2597243860162854,0.03551526348486216,8.20869101605565e-05,2065.0,1.666666666666515,0.007925143465399742,400,5,0.0001,ledoitwolf
1,0,1,MultiPPI,2066.6666666666665,0.23202291529163466,0.22447929160898633,-0.007543623682648326,5.690625826541269e-05,1.0,0.2339463388709245,-0.009467047261938172,8.962498385977103e-05,1.0,0.2096660542612839,0.23929252895668876,0.029626474695404845,5.712204945092084e-05,2066.620834206665,0.04583246000129293,0.01853792555630207,400,5,0.0001,ledoitwolf
1,0,1,OMPPI(DAG),2066.6666666666665,0.23202291529163466,0.2246613791226852,-0.007361536168949467,5.41922147667512e-05,1.0,0.2339463388709245,-0.009284959748239313,8.621047752642425e-05,1.0,0.20984870591708057,0.2394740523282898,0.029625346411209234,5.711769870186716e-05,2063.9266401173754,2.7400265492910876,0.019098440185189247,400,5,0.0001,ledoitwolf
1,0,1,OMPPI(Exhaustive),2066.6666666666665,0.23202291529163466,0.23776264988547832,0.005739734593843665,3.2944553207765704e-05,1.0,0.2339463388709245,0.0038163110145538193,1.4564229759804801e-05,1.0,0.2227550931941418,0.2527702065768148,0.03001511338267302,5.863052771264182e-05,2063.9266401173754,2.7400265492910876,0.017564665526151657,400,5,0.0001,ledoitwolf
1,0,1,VectorPPI++,2066.6666666666665,0.23202291529163466,0.22757605848979656,-0.004446856801838095,1.977453541605373e-05,1.0,0.2339463388709245,-0.006370280381127941,4.058047213418354e-05,1.0,0.21087875178292378,0.24427336519666934,0.033394613413745576,7.257660807437777e-05,2064.8840913854538,1.7825752812127575,0.00885029137134552,400,5,0.0001,ledoitwolf
1,0,1,Classical,2377.7777777777774,0.23202291529163466,0.21818014466042362,-0.013842770631211032,0.0001916222987483187,1.0,0.2339463388709245,-0.015766194210500878,0.0002485728798832314,0.0,0.20244377339818398,0.23391651592266327,0.03147274252447929,6.446336979301423e-05,2375.0,2.7777777777773736,0.008580658584833145,400,5,0.0001,ledoitwolf
1,0,1,MultiPPI,2377.7777777777774,0.23202291529163466,0.22427544396501795,-0.007747471326616712,6.002331195674811e-05,1.0,0.2339463388709245,-0.009670894905906557,9.35262082810894e-05,1.0,0.21040298826121306,0.23814789966882283,0.027744911407609752,5.009686065546706e-05,2377.738838817858,0.03893895991950558,0.021612679585814476,400,5,0.0001,ledoitwolf
1,0,1,OMPPI(DAG),2377.7777777777774,0.23202291529163466,0.23322752677917977,0.0012046114875451097,1.451088835925642e-06,1.0,0.2339463388709245,-0.000718812091744736,5.166908232384429e-07,1.0,0.21952266211554872,0.24693239144281082,0.02740972932726212,4.889374693713491e-05,2375.3542234332426,2.4235543445347503,0.018867161124944687,400,5,0.0001,ledoitwolf
1,0,1,OMPPI(Exhaustive),2377.7777777777774,0.23202291529163466,0.2384509765561006,0.006428061264465934,4.1319971619727385e-05,1.0,0.2339463388709245,0.004504637685176088,2.029176067470859e-05,1.0,0.22449852235836626,0.2524034307538349,0.027904908395468678,5.0676315229821684e-05,2375.3542234332426,2.4235543445347503,0.017752232030034065,400,5,0.0001,ledoitwolf
1,0,1,VectorPPI++,2377.7777777777774,0.23202291529163466,0.22855530594566703,-0.003467609345967626,1.2024314576242028e-05,1.0,0.2339463388709245,-0.005391032925257472,2.9063236001210134e-05,1.0,0.21246179712452812,0.24464881476680594,0.032187017642277806,6.742256998326381e-05,2375.528819953888,2.2489578238892136,0.00898694060742855,400,5,0.0001,ledoitwolf
1,0,1,Classical,2688.8888888888887,0.23202291529163466,0.22309070213891552,-0.008932213152719137,7.978443180560875e-05,1.0,0.2339463388709245,-0.010855636732008983,0.00011784484885734267,1.0,0.2083010141389244,0.23788039013890663,0.029579375999982217,5.6940574231525164e-05,2687.0,1.8888888888886868,0.00820223055779934,400,5,0.0001,ledoitwolf
1,0,1,MultiPPI,2688.8888888888887,0.23202291529163466,0.23160477962754805,-0.0004181356640866052,1.7483743358114634e-07,1.0,0.2339463388709245,-0.002341559243376451,5.4828996902416975e-06,1.0,0.2182263445056164,0.2449832147494797,0.0267568702438633,4.65923324096426e-05,2688.85003143995,0.03885744893887022,0.020962072536349297,400,5,0.0001,ledoitwolf
1,0,1,OMPPI(DAG),2688.8888888888887,0.23202291529163466,0.23213649439755482,0.00011357910592016407,1.2900213301623848e-08,1.0,0.2339463388709245,-0.0018098444733696817,3.2755370177867803e-06,1.0,0.21932012005305357,0.24495286874205607,0.025632748689002498,4.275965434108422e-05,2685.992454412073,2.896434476815557,0.019038274884223938,400,5,0.0001,ledoitwolf
1,0,1,OMPPI(Exhaustive),2688.8888888888887,0.23202291529163466,0.2379382429001468,0.005915327608512155,3.4991100716026133e-05,1.0,0.2339463388709245,0.00399190402922231,1.593529777852131e-05,1.0,0.22476029581446968,0.2511161899858239,0.026355894171354238,4.520633891931899e-05,2685.992454412073,2.896434476815557,0.018033256754279137,400,5,0.0001,ledoitwolf
1,0,1,VectorPPI++,2688.8888888888887,0.23202291529163466,0.2425322591541275,0.010509343862492831,0.00011044630842011575,1.0,0.2339463388709245,0.008585920283202986,7.371802710951644e-05,1.0,0.22714967777952752,0.25791484052872743,0.030765162749199913,6.159738286702061e-05,2686.7560259903585,2.1328628985302203,0.008784614503383636,400,5,0.0001,ledoitwolf
1,0,1,Classical,3000.0,0.23202291529163466,0.23557388068504695,0.003550965393412292,1.2609355225211714e-05,1.0,0.2339463388709245,0.0016275418141224463,2.6488923567169833e-06,1.0,0.22113667584524593,0.25001108552484796,0.028874409679602055,5.425878378899604e-05,2997.0,3.0,0.008156461641192436,400,5,0.0001,ledoitwolf
1,0,1,MultiPPI,3000.0,0.23202291529163466,0.23416020728924672,0.002137291997612062,4.568017083056558e-06,1.0,0.2339463388709245,0.00021386841832221615,4.573970035564644e-08,1.0,0.22192379466499537,0.24639661991349807,0.024472825248502677,3.8977326297066064e-05,2999.9573464682453,0.042653531754694995,0.022574177011847496,400,5,0.0001,ledoitwolf
1,0,1,OMPPI(DAG),3000.0,0.23202291529163466,0.22858421880259977,-0.003438696489034887,1.182463354370086e-05,1.0,0.2339463388709245,-0.005362120068324733,2.8752331627130838e-05,1.0,0.2163338085360644,0.24083462906913514,0.024500820533070723,3.906655224051521e-05,2998.483336826661,1.5166631733391114,0.019305752590298653,400,5,0.0001,ledoitwolf
1,0,1,OMPPI(Exhaustive),3000.0,0.23202291529163466,0.23506143620513859,0.003038520913503928,9.232609341800745e-06,1.0,0.2339463388709245,0.0011150973342140824,1.243442064771353e-06,1.0,0.22251171062229114,0.24761116178798603,0.02509945116569491,4.099890681017831e-05,2998.483336826661,1.5166631733391114,0.018237942829728127,400,5,0.0001,ledoitwolf
1,0,1,VectorPPI++,3000.0,0.23202291529163466,0.220772727995776,-0.011250187295858666,0.0001265667141918997,1.0,0.2339463388709245,-0.013173610875148511,0.00017354402348983112,1.0,0.20663725626743046,0.23490819972412152,0.028270943456691053,5.201450030037054e-05,2998.235799622721,1.7642003772789394,0.008862866088747978,400,5,0.0001,ledoitwolf
2,0,2,Classical,200.0,0.23202291529163466,0.230377857436681,-0.0016450578549536687,2.706215346144766e-06,1.0,0.23503373195946106,-0.0046558745227800735,2.1677167571872576e-05,1.0,0.17083153929296252,0.28992417558039946,0.11909263628743694,0.0009230253843596429,199.0,1.0,0.006599033251404762,400,5,0.0001,ledoitwolf
2,0,2,MultiPPI,200.0,0.23202291529163466,0.21937137014821798,-0.012651545143416681,0.00016006159451591021,1.0,0.23503373195946106,-0.015662361811243086,0.0002453095775062858,1.0,0.16928449498431858,0.2694582453121174,0.10017375032779877,0.0006530579086698987,199.94131209390065,0.05868790609935104,0.3939677756279707,400,5,0.0001,ledoitwolf
2,0,2,OMPPI(DAG),200.0,0.23202291529163466,0.2375381602574002,0.005515244965765553,3.041792703240228e-05,1.0,0.23503373195946106,0.0025044282979391486,6.272161099518381e-06,1.0,0.1899221247161379,0.2851541957986625,0.09523207108252463,0.0005902150580016038,196.85223223642842,3.1477677635715793,0.01747942343354225,400,5,0.0001,ledoitwolf
2,0,2,OMPPI(Exhaustive),200.0,0.23202291529163466,0.22486004481486127,-0.007162870476773386,5.13067134670318e-05,1.0,0.23503373195946106,-0.010173687144599791,0.00010350391011619506,1.0,0.1746717635149795,0.27504832611474306,0.10037656259976352,0.0006557049541353459,196.85223223642842,3.1477677635715793,0.01662665233016014,400,5,0.0001,ledoitwolf
2,0,2,VectorPPI++,200.0,0.23202291529163466,0.2322767045182254,0.00025378922659075043,6.440897153353126e-08,1.0,0.23503373195946106,-0.0027570274412356544,7.60120031172642e-06,1.0,0.18046719235330044,0.28408621668315037,0.10361902432984992,0.0006987516139200697,198.3148186962901,1.6851813037098964,0.0061705391854047775,400,5,0.0001,ledoitwolf
2,0,2,Classical,511.1111111111111,0.23202291529163466,0.21187919249421322,-0.020143722797421437,0.00040576956813935614,1.0,0.23503373195946106,-0.023154539465247842,0.0005361326978477199,1.0,0.1778964550944497,0.24586192989397673,0.06796547479952701,0.0003006218457842577,508.0,3.111111111111086,0.007948989048600197,400,5,0.0001,ledoitwolf
2,0,2,MultiPPI,511.1111111111111,0.23202291529163466,0.22443833256077533,-0.007584582730859324,5.752589520124948e-05,1.0,0.23503373195946106,-0.010595399398685729,0.0001122624884176699,1.0,0.193098958472808,0.25577770664874266,0.06267874817593465,0.0002556727571657501,511.0722070844687,0.038904026642399,0.020025160163640976,400,5,0.0001,ledoitwolf
2,0,2,OMPPI(DAG),511.1111111111111,0.23202291529163466,0.22145334886378296,-0.010569566427851701,0.00011171573447276976,1.0,0.23503373195946106,-0.013580383095678106,0.00018442680502537965,1.0,0.19159646531063396,0.25131023241693196,0.059713767106297985,0.00023205598110387208,509.48522322364283,1.6258878874682523,0.017373982816934586,400,5,0.0001,ledoitwolf
2,0,2,OMPPI(Exhaustive),511.1111111111111,0.23202291529163466,0.2468962602922871,0.014873345000652433,0.0002212163915084327,1.0,0.23503373195946106,0.011862528332826028,0.00014071957844710026,1.0,0.2151948453197975,0.2785976752647767,0.06340282994497921,0.00026161407896503115,509.48522322364283,1.6258878874682523,0.016316832974553108,400,5,0.0001,ledoitwolf
2,0,2,VectorPPI++,511.1111111111111,0.23202291529163466,0.23558760806907714,0.0035646927774424797,1.270703459755058e-05,1.0,0.23503373195946106,0.0005538761096160749,3.067787448034382e-07,1.0,0.18555709876762744,0.28561811737052684,0.10006101860289937,0.000651588882712573,509.3257178788515,1.7853932322595938,0.008346706628799438,400,5,0.0001,ledoitwolf
2,0,2,Classical,822.2222222222222,0.23202291529163466,0.25429785959314727,0.02227494430151261,0.0004961731436354892,1.0,0.23503373195946106,0.019264127633686207,0.00037110661348695254,1.0,0.2248357928730376,0.28375992631325697,0.05892413344021936,0.00022595930763182049,819.0,3.2222222222221717,0.007722759619355202,400,5,0.0001,ledoitwolf
2,0,2,MultiPPI,822.2222222222222,0.23202291529163466,0.23015206545537734,-0.0018708498362573212,3.5000791098240454e-06,1.0,0.23503373195946106,-0.004881666504083726,2.3830667857093027e-05,1.0,0.20502877622729088,0.2552753546834638,0.050246578456172926,0.0001643072830139138,822.1926220918048,0.029600130417406945,0.020098067820072174,400,5,0.0001,ledoitwolf
2,0,2,OMPPI(DAG),822.2222222222222,0.23202291529163466,0.24315611746224383,0.011133202170609174,0.00012394819057165684,1.0,0.23503373195946106,0.00812238550278277,6.59731462558157e-05,1.0,0.21782454720531713,0.26848768771917053,0.05066314051385341,0.0001670429078205412,819.6647453364073,2.557476885814822,0.01662859506905079,400,5,0.0001,ledoitwolf
2,0,2,OMPPI(Exhaustive),822.2222222222222,0.23202291529163466,0.23777396809239043,0.005751052800755774,3.3074608317080826e-05,1.0,0.23503373195946106,0.002740236132929369,7.508894064211702e-06,1.0,0.21197918212896233,0.26356875405581853,0.05158957192685623,0.00017320789157355593,819.6647453364073,2.557476885814822,0.015588557347655296,400,5,0.0001,ledoitwolf
2,0,2,VectorPPI++,822.2222222222222,0.23202291529163466,0.2248159974492407,-0.007206917842393967,5.193966478701652e-05,1.0,0.23503373195946106,-0.010217734510220372,0.00010440209852134834,1.0,0.199936288374025,0.24969570652445638,0.04975941815043142,0.00016113668076637663,820.0840494655209,2.1381727567012376,0.008258307352662086,400,5,0.0001,ledoitwolf
2,0,2,Classical,1133.3333333333333,0.23202291529163466,0.2477776756923355,0.01575476040070084,0.0002482124752834913,1.0,0.23503373195946106,0.012743943732874435,0.0001624081018666696,1.0,0.22322029376297126,0.27233505762169974,0.049114763858728504,0.00015698853882694912,1131.0,2.3333333333332575,0.007533889263868332,400,5,0.0001,ledoitwolf
2,0,2,MultiPPI,1133.3333333333333,0.23202291529163466,0.24990926867605393,0.017886353384419268,0.0003199216373923266,1.0,0.23503373195946106,0.014875536716592863,0.00022128159260670238,1.0,0.22799462899024522,0.27182390836186265,0.043829279371617416,0.00012501798274438974,1133.293439530497,0.039893802836331815,0.019555367529392242,400,5,0.0001,ledoitwolf
2,0,2,OMPPI(DAG),1133.3333333333333,0.23202291529163466,0.23856344867809784,0.006540533386463182,4.2778576979439543e-05,1.0,0.23503373195946106,0.0035297167186367773,1.2458900113823978e-05,1.0,0.21753651870915772,0.259590378647038,0.042053859937880265,0.00011509476075519208,1130.4194089289458,2.913924404387444,0.017183007672429085,400,5,0.0001,ledoitwolf
2,0,2,OMPPI(Exhaustive),1133.3333333333333,0.23202291529163466,0.2642496982058949,0.03222678291426023,0.0010385655370028551,0.0,0.23503373195946106,0.029215966246433828,0.0008535726837127607,0.0,0.24269034523995783,0.2858090511718319,0.043118705931874106,0.00012099718414419227,1130.4194089289458,2.913924404387444,0.015991544350981712,400,5,0.0001,ledoitwolf
2,0,2,VectorPPI++,1133.3333333333333,0.23202291529163466,0.24189811219654858,0.009875196904913924,9.751951391082154e-05,1.0,0.23503373195946106,0.0068643802370875195,4.711971603931771e-05,1.0,0.21255553606681407,0.2712406883262831,0.05868515225946903,0.00022413015838959098,1131.8423810521904,1.4909522811428815,0.008220924064517021,400,5,0.0001,ledoitwolf
2,0,2,Classical,1444.4444444444443,0.23202291529163466,0.22573894785976678,-0.006283967431867876,3.9488246684776154e-05,1.0,0.23503373195946106,-0.009294784099694281,8.639301145992963e-05,1.0,0.204422998132761,0.24705489758677257,0.04263189945401158,0.00011828051112158916,1442.0,2.4444444444443434,0.007734009996056557,400,5,0.0001,ledoitwolf
2,0,2,MultiPPI,1444.4444444444443,0.23202291529163466,0.23184679639445094,-0.0001761188971837191,3.101786594520942e-08,1.0,0.23503373195946106,-0.003186935565010124,1.0156558295526397e-05,1.0,0.21320396040931158,0.25048963237959027,0.0372856719702787,9.04748299517124e-05,1444.4131209390066,0.031323505437740096,0.022107509896159172,400,5,0.0001,ledoitwolf
2,0,2,OMPPI(DAG),1444.4444444444443,0.23202291529163466,0.2404898426130333,0.008466927321398643,7.16888582658468e-05,1.0,0.23503373195946106,0.005456110653572238,2.9769143464024476e-05,1.0,0.22186073593377195,0.2591189492922947,0.03725821335852272,9.034162068789056e-05,1442.333158666946,2.111285777498324,0.017138171941041946,400,5,0.0001,ledoitwolf
2,0,2,OMPPI(Exhaustive),1444.4444444444443,0.23202291529163466,0.23174179547261847,-0.00028111981901618455,7.902835264369236e-08,1.0,0.23503373195946106,-0.0032919364868425893,1.083684583340553e-05,1.0,0.21364751224120085,0.2498360787040361,0.03618856646283523,8.522884168249427e-05,1442.333158666946,2.111285777498324,0.016222255304455757,400,5,0.0001,ledoitwolf
2,0,2,VectorPPI++,1444.4444444444443,0.23202291529163466,0.23635801186872019,0.004335096577085529,1.879306233265867e-05,1.0,0.23503373195946106,0.001324279909259124,1.7537172780673536e-06,1.0,0.2115762581824108,0.2611397655550296,0.049563507372618776,0.00015987033687840988,1442.8532802347518,1.5911642096925789,0.008591799065470695,400,5,0.0001,ledoitwolf
2,0,2,Classical,1755.5555555555554,0.23202291529163466,0.23839165064994197,0.006368735358307315,4.05607900641538e-05,1.0,0.23503373195946106,0.00335791869048091,1.127561793188103e-05,1.0,0.21893648964770407,0.2578468116521799,0.038910322004475834,9.853113290815026e-05,1753.0,2.5555555555554292,0.007843608036637306,400,5,0.0001,ledoitwolf
2,0,2,MultiPPI,1755.5555555555554,0.23202291529163466,0.24033161767791714,0.00830870238628248,6.903453534381617e-05,1.0,0.23503373195946106,0.005297885718456075,2.806759308582084e-05,1.0,0.223074927890478,0.25758830746535627,0.034513379574878274,7.752089930410786e-05,1755.5046111926222,0.050944362933250886,0.022316616028547287,400,5,0.0001,ledoitwolf
2,0,2,OMPPI(DAG),1755.5555555555554,0.23202291529163466,0.23100917436876822,-0.0010137409228664351,1.0276706586940916e-06,1.0,0.23503373195946106,-0.00402455759069284,1.6197063800803356e-05,1.0,0.21427185371303173,0.24774649502450471,0.03347464131147299,7.292487458770275e-05,1752.6772165164534,2.878339039102002,0.016761409118771553,400,5,0.0001,ledoitwolf
2,0,2,OMPPI(Exhaustive),1755.5555555555554,0.23202291529163466,0.22977254425486268,-0.0022503710367719754,5.064169803142175e-06,1.0,0.23503373195946106,-0.00526118770459838,2.7680096063017173e-05,1.0,0.21274396439600451,0.24680112411372085,0.034057159717716334,7.548500336575624e-05,1752.6772165164534,2.878339039102002,0.015520390123128891,400,5,0.0001,ledoitwolf
2,0,2,VectorPPI++,1755.5555555555554,0.23202291529163466,0.2267923820201901,-0.005230533271444571,2.7358478303688642e-05,1.0,0.23503373195946106,-0.008241349939270975,6.791984882152171e-05,1.0,0.20415865530621496,0.2494261087341652,0.04526745342795023,0.00013335704191418202,1754.029134353385,1.526421202170468,0.00878918543457985,400,5,0.0001,ledoitwolf
2,0,2,Classical,2066.6666666666665,0.23202291529163466,0.23081450944483553,-0.0012084058467991265,1.4602446905783142e-06,1.0,0.23503373195946106,-0.004219222514625531,1.7801838627922993e-05,1.0,0.2132112432113648,0.24841777567830625,0.03520653246694144,8.066596481970311e-05,2064.0,2.666666666666515,0.007579457014799118,400,5,0.0001,ledoitwolf
2,0,2,MultiPPI,2066.6666666666665,0.23202291529163466,0.2319894600455779,-3.34552460567461e-05,1.1192534887174255e-09,1.0,0.23503373195946106,-0.003044271913883151,9.267591485657782e-06,1.0,0.21649548503010677,0.24748343506104906,0.030987950030942294,6.249273335609162e-05,2066.6317333892266,0.034933277439904487,0.021572191268205643,400,5,0.0001,ledoitwolf
2,0,2,OMPPI(DAG),2066.6666666666665,0.23202291529163466,0.23329415831097894,0.0012712430193442814,1.616058814231565e-06,1.0,0.23503373195946106,-0.0017395736484821234,3.026116478493406e-06,1.0,0.2182924962703202,0.24829582035163766,0.03000332408131746,5.8584479096791706e-05,2064.5123663802137,2.1543002864527807,0.016922224313020706,400,5,0.0001,ledoitwolf
2,0,2,OMPPI(Exhaustive),2066.6666666666665,0.23202291529163466,0.25782939359397183,0.025806478302337177,0.0006659743223689995,0.0,0.23503373195946106,0.022795661634510772,0.0005196421893551063,0.0,0.24144025942707908,0.2742185277608646,0.032778268333785485,6.992232151323079e-05,2064.5123663802137,2.1543002864527807,0.015679212287068367,400,5,0.0001,ledoitwolf
2,0,2,VectorPPI++,2066.6666666666665,0.23202291529163466,0.2217728615148085,-0.010250053776826168,0.00010506360242782839,1.0,0.23503373195946106,-0.013260870444652573,0.00017585068494986011,1.0,0.2026046723673563,0.24094105066226068,0.038336378294904404,9.564581903447667e-05,2065.2049884720186,1.4616781946479023,0.008427448570728302,400,5,0.0001,ledoitwolf
2,0,2,Classical,2377.7777777777774,0.23202291529163466,0.23152385336350964,-0.0004990619281250164,2.49062808103859e-07,1.0,0.23503373195946106,-0.003509878595951421,1.2319247758317919e-05,1.0,0.2147365245479976,0.24831118217902168,0.03357465763102405,7.336129890081667e-05,2375.0,2.7777777777773736,0.007554689422249794,400,5,0.0001,ledoitwolf
2,0,2,MultiPPI,2377.7777777777774,0.23202291529163466,0.23276874433127503,0.0007458290396403777,5.562609563708881e-07,1.0,0.23503373195946106,-0.002264987628186027,5.130168955835765e-06,1.0,0.21839045271708135,0.24714703594546872,0.02875658322838735,5.381686473615158e-05,2377.733703626074,0.04407415170317108,0.020286837592720985,400,5,0.0001,ledoitwolf
2,0,2,OMPPI(DAG),2377.7777777777774,0.23202291529163466,0.2196302515363772,-0.012392663755257466,0.0001535781149508721,1.0,0.23503373195946106,-0.01540348042308387,0.00023726720914432807,0.0,0.20556185331492308,0.2336986497578313,0.028136796442908247,5.152204872045219e-05,2375.179731712429,2.5980460653481714,0.017123837023973465,400,5,0.0001,ledoitwolf
2,0,2,OMPPI(Exhaustive),2377.7777777777774,0.23202291529163466,0.2311676262961788,-0.0008552889954558662,7.315192657479048e-07,1.0,0.23503373195946106,-0.003866105663282271,1.4946772999663249e-05,1.0,0.21674774849472,0.24558750409763758,0.028839755602917565,5.412862287859478e-05,2375.179731712429,2.5980460653481714,0.015766818076372147,400,5,0.0001,ledoitwolf
2,0,2,VectorPPI++,2377.7777777777774,0.23202291529163466,0.21493606616719488,-0.01708684912443978,0.0002919604130013684,1.0,0.23503373195946106,-0.020097665792266184,0.00040391617029762636,0.0,0.19633395035326576,0.233538181981124,0.03720423162785822,9.008002660101527e-05,2375.710752462796,2.0670253149814926,0.008289666846394539,400,5,0.0001,ledoitwolf
2,0,2,Classical,2688.8888888888887,0.23202291529163466,0.25003801961661726,0.0180151043249826,0.0003245439838400068,0.0,0.23503373195946106,0.015004287657156196,0.00022512864809868976,1.0,0.23391604755245785,0.2661599916807767,0.03224394412831884,6.766127020218098e-05,2687.0,1.8888888888886868,0.007560510188341141,400,5,0.0001,ledoitwolf
2,0,2,MultiPPI,2688.8888888888887,0.23202291529163466,0.24068220722706407,0.008659291935429414,7.498333682299289e-05,1.0,0.23503373195946106,0.005648475267603009,3.1905272848722884e-05,1.0,0.22699198843922372,0.2543724260149044,0.0273804375756807,4.8789300941945554e-05,2688.8476210438057,0.04126784508298442,0.020559117197990417,400,5,0.0001,ledoitwolf
2,0,2,OMPPI(DAG),2688.8888888888887,0.23202291529163466,0.24050449666619436,0.008481581374559705,7.193722261327808e-05,1.0,0.23503373195946106,0.0054707647067333,2.9929266476438688e-05,1.0,0.22677059099601082,0.2542384023363779,0.027467811340367097,4.910118102565458e-05,2686.3420666526936,2.546822236195112,0.01695796102285385,400,5,0.0001,ledoitwolf
2,0,2,OMPPI(Exhaustive),2688.8888888888887,0.23202291529163466,0.22911704861616852,-0.0029058666754661344,8.444061135584604e-06,1.0,0.23503373195946106,-0.005916683343292539,3.5007141784795376e-05,1.0,0.2158029062719821,0.24243119096035495,0.02662828468837285,4.614559068193451e-05,2686.3420666526936,2.546822236195112,0.015773989260196686,400,5,0.0001,ledoitwolf
2,0,2,VectorPPI++,2688.8888888888887,0.23202291529163466,0.23379854301308983,0.0017756277214551752,3.1528538052000975e-06,1.0,0.23503373195946106,-0.0012351889463712296,1.5256917332376682e-06,1.0,0.21592430345682276,0.25167278256935693,0.03574847911253417,8.316851868715166e-05,2687.7216516453573,1.1672372435314173,0.008608069270849228,400,5,0.0001,ledoitwolf
2,0,2,Classical,3000.0,0.23202291529163466,0.22166406037725725,-0.010358854914377408,0.00010730587513712098,1.0,0.23503373195946106,-0.013369671582203813,0.0001787481182159882,1.0,0.20729042914549922,0.23603769160901528,0.028747262463516027,5.378198346773843e-05,2998.0,2.0,0.00745391845703125,400,5,0.0001,ledoitwolf
2,0,2,MultiPPI,3000.0,0.23202291529163466,0.23348143227547402,0.0014585169838393641,2.127271792147876e-06,1.0,0.23503373195946106,-0.0015522996839870407,2.409634308906266e-06,1.0,0.22054845477249554,0.2464144097784525,0.02586595500595697,4.354124693241526e-05,2999.95891846573,0.041081534269778786,0.022621236741542816,400,5,0.0001,ledoitwolf
2,0,2,OMPPI(DAG),3000.0,0.23202291529163466,0.22738290825795573,-0.004640007033678922,2.1529665272589872e-05,1.0,0.23503373195946106,-0.007650823701505327,5.8535103311515675e-05,1.0,0.214416017874982,0.24034979864092948,0.025933780765947507,4.3769894212656274e-05,2997.2901907356945,2.709809264305477,0.01731652393937111,400,5,0.0001,ledoitwolf
2,0,2,OMPPI(Exhaustive),3000.0,0.23202291529163466,0.23174435719629452,-0.00027855809534013676,7.759461247952472e-08,1.0,0.23503373195946106,-0.0032893747631665415,1.081998633255694e-05,1.0,0.21932575828719492,0.24416295610539412,0.024837197818199184,4.0146622953314074e-05,2997.2901907356945,2.709809264305477,0.01584612764418125,400,5,0.0001,ledoitwolf
2,0,2,VectorPPI++,3000.0,0.23202291529163466,0.24680681774669633,0.01478390245506167,0.0002185637718007785,1.0,0.23503373195946106,0.011773085787235266,0.000138605548953601,1.0,0.2286092292835752,0.26500440620981747,0.03639517692624226,8.620480950861326e-05,2998.0624607000627,1.9375392999372707,0.008580980822443962,400,5,0.0001,ledoitwolf
3,0,3,Classical,200.0,0.23202291529163466,0.2230400117036062,-0.008982903588028446,8.069255687181432e-05,1.0,0.23344513864492322,-0.010405126941317011,0.0001082666666649211,1.0,0.1676182818551954,0.27846174155201703,0.11084345969682163,0.0007995837734465729,197.0,3.0,0.007296750321984291,400,5,0.0001,ledoitwolf
3,0,3,MultiPPI,200.0,0.23202291529163466,0.24483633005126823,0.012813414759633573,0.0001641835978023955,1.0,0.23344513864492322,0.011391191406345008,0.00012975924165598837,1.0,0.19857997304292915,0.29109268705960734,0.09251271401667817,0.0005569890667984046,199.94267449172082,0.057325508279177484,0.24092155694961548,400,5,0.0001,ledoitwolf
3,0,3,OMPPI(DAG),200.0,0.23202291529163466,0.22143199873731909,-0.010590916554315571,0.00011216751346047562,1.0,0.23344513864492322,-0.012013139907604137,0.00014431553043967114,1.0,0.17531934762142332,0.26754464985321486,0.09222530223179153,0.0005535336163130082,196.8784321945085,3.121567805491509,0.009380578994750977,400,5,0.0001,ledoitwolf
3,0,3,OMPPI(Exhaustive),200.0,0.23202291529163466,0.23743345149408085,0.005410536202446192,2.9273901997980863e-05,1.0,0.23344513864492322,0.003988312849157627,1.590663938275583e-05,1.0,0.18507965015320263,0.2897872528349591,0.10470760268175644,0.0007135103206299309,196.8784321945085,3.121567805491509,0.009013451635837555,400,5,0.0001,ledoitwolf
3,0,3,VectorPPI++,200.0,0.23202291529163466,0.2167830339787777,-0.015239881312856945,0.00023225398242996634,1.0,0.23344513864492322,-0.01666210466614551,0.000277625731905588,1.0,0.1603684149981244,0.27319765295943105,0.11282923796130663,0.0008284897439450395,197.68581010270384,2.31418989729616,0.0069208163768053055,400,5,0.0001,ledoitwolf
3,0,3,Classical,511.1111111111111,0.23202291529163466,0.22998008844465537,-0.00204282684697929,4.173141526739347e-06,1.0,0.23344513864492322,-0.003465050200267855,1.2006572890376304e-05,1.0,0.19466289465802128,0.26529728223128946,0.0706343875732682,0.0003246954438879778,509.0,2.111111111111086,0.004690466448664665,400,5,0.0001,ledoitwolf
3,0,3,MultiPPI,511.1111111111111,0.23202291529163466,0.2601245315715597,0.028101616279925024,0.0007897008375441472,1.0,0.23344513864492322,0.026679392926636458,0.0007117900069338595,1.0,0.22885857670052803,0.29139048644259136,0.0625319097420633,0.0002544762236500428,511.05963110459027,0.05148000652081919,0.011352665722370148,400,5,0.0001,ledoitwolf
3,0,3,OMPPI(DAG),511.1111111111111,0.23202291529163466,0.2266770522975053,-0.005345862994129369,2.857825115200182e-05,1.0,0.23344513864492322,-0.006768086347417934,4.5806992806105035e-05,1.0,0.19677600038502452,0.25657810420998606,0.059802103824961546,0.00023274306642478008,509.1888492978411,1.9222618132699836,0.009363409131765366,400,5,0.0001,ledoitwolf
3,0,3,OMPPI(Exhaustive),511.1111111111111,0.23202291529163466,0.24390424026124513,0.011881324969610474,0.00014116588303348933,1.0,0.23344513864492322,0.010459101616321909,0.00010939280662054756,1.0,0.21270789880318403,0.27510058171930624,0.062392682916122225,0.00025334430636746744,509.1888492978411,1.9222618132699836,0.008789315819740295,400,5,0.0001,ledoitwolf
3,0,3,VectorPPI++,511.1111111111111,0.23202291529163466,0.2620485552170615,0.03002563992542684,0.0009015390529313862,1.0,0.23344513864492322,0.028603416572138274,0.0008181554395992744,1.0,0.2261499787301385,0.29794713170398446,0.07179715297384597,0.0003354735411571063,509.00062879899394,2.110482312117142,0.004943987354636192,400,5,0.0001,ledoitwolf
3,0,3,Classical,822.2222222222222,0.23202291529163466,0.22799679966032912,-0.004026115631305532,1.6209607076642747e-05,1.0,0.23344513864492322,-0.005448338984594098,2.9684397691047844e-05,1.0,0.2011419861447063,0.25485161317595195,0.05370962703124564,0.0001877362331918908,820.0,2.2222222222221717,0.004651099443435669,400,5,0.0001,ledoitwolf
3,0,3,MultiPPI,822.2222222222222,0.23202291529163466,0.22807622655498044,-0.003946688736654214,1.5576351984033233e-05,1.0,0.23344513864492322,-0.005368912089942779,2.8825217029533738e-05,1.0,0.2039915807915331,0.25216087231842776,0.048169291526894684,0.00015100257184220636,822.1650597359044,0.05716248631779308,0.010795699432492256,400,5,0.0001,ledoitwolf
3,0,3,OMPPI(DAG),822.2222222222222,0.23202291529163466,0.22310489392562424,-0.008918021366010415,7.953110508461826e-05,1.0,0.23344513864492322,-0.01034024471929898,0.00010692066085499044,1.0,0.19951606694285093,0.24669372090839756,0.04717765396554664,0.00014484933573299924,819.5225319639487,2.699690258273449,0.00923948548734188,400,5,0.0001,ledoitwolf
3,0,3,OMPPI(Exhaustive),822.2222222222222,0.23202291529163466,0.23564256145959997,0.0036196461679653125,1.3101838381265972e-05,1.0,0.23344513864492322,0.002197422814676747,4.828667026461878e-06,1.0,0.21203989084158886,0.2592452320776111,0.04720534123602221,0.00014501940182236886,819.5225319639487,2.699690258273449,0.008791089057922363,400,5,0.0001,ledoitwolf
3,0,3,VectorPPI++,822.2222222222222,0.23202291529163466,0.25274213372872373,0.02071921843708907,0.0004292860126438117,1.0,0.23344513864492322,0.019296995083800506,0.0003723740192642209,1.0,0.22533136852561417,0.2801528989318333,0.054821530406219135,0.00019558977047272848,820.732970027248,1.4892521949741422,0.004933485761284828,400,5,0.0001,ledoitwolf
3,0,3,Classical,1133.3333333333333,0.23202291529163466,0.25508109291200626,0.0230581776203716,0.0005316795551726058,1.0,0.23344513864492322,0.021635954267083035,0.0004681145170473086,1.0,0.23047570022900918,0.2796864855950033,0.04921078536599414,0.00015760297776017536,1131.0,2.3333333333332575,0.004625299945473671,400,5,0.0001,ledoitwolf
3,0,3,MultiPPI,1133.3333333333333,0.23202291529163466,0.2294711106571482,-0.0025518046344864542,6.5117068925865465e-06,1.0,0.23344513864492322,-0.0039740279877750195,1.579289844761917e-05,1.0,0.2087001160770288,0.25024210523726764,0.041541989160238844,0.00011230999367302683,1133.2867323412283,0.04660099210491353,0.010752595961093903,400,5,0.0001,ledoitwolf
3,0,3,OMPPI(DAG),1133.3333333333333,0.23202291529163466,0.23317150878931253,0.0011485934976778744,1.3192670229078934e-06,1.0,0.23344513864492322,-0.00027362985561069086,7.487329788152753e-08,1.0,0.2130128584625303,0.2533301591160948,0.04031730065356448,0.00010578564081133355,1131.2921819325088,2.0411514008244467,0.009325504302978516,400,5,0.0001,ledoitwolf
3,0,3,OMPPI(Exhaustive),1133.3333333333333,0.23202291529163466,0.23977383711439168,0.007750921822757023,6.007678910249105e-05,1.0,0.23344513864492322,0.006328698469468458,4.00524243174524e-05,1.0,0.2186754362788463,0.2608722379499371,0.04219680167109076,0.00011587850829464516,1131.2921819325088,2.0411514008244467,0.00880870409309864,400,5,0.0001,ledoitwolf
3,0,3,VectorPPI++,1133.3333333333333,0.23202291529163466,0.23124487716510703,-0.0007780381265276304,6.05343326330625e-07,1.0,0.23344513864492322,-0.0022002614798161957,4.841150579562955e-06,1.0,0.20726204279554014,0.25522771153467394,0.047965668739133785,0.00014972862426627513,1131.795221127646,1.5381122056871845,0.00498603843152523,400,5,0.0001,ledoitwolf
3,0,3,Classical,1444.4444444444443,0.23202291529163466,0.23179378277003787,-0.00022913252159678654,5.2501712453301855e-08,1.0,0.23344513864492322,-0.0016513558748853518,2.726976225518366e-06,1.0,0.21104224957752504,0.2525453159625507,0.04150306638502566,0.00011209963452430046,1442.0,2.4444444444443434,0.004626283422112465,400,5,0.0001,ledoitwolf
3,0,3,MultiPPI,1444.4444444444443,0.23202291529163466,0.23571631912759983,0.00369340383596517,1.3641231895522232e-05,1.0,0.23344513864492322,0.0022711804826766047,5.158260784891135e-06,1.0,0.21774187071531986,0.2536907675398798,0.03594889682455991,8.410367279879754e-05,1444.402850555439,0.04159388900529848,0.011098714545369148,400,5,0.0001,ledoitwolf
3,0,3,OMPPI(DAG),1444.4444444444443,0.23202291529163466,0.23783977712447052,0.005816861832835862,3.3835881582302585e-05,1.0,0.23344513864492322,0.004394638479547297,1.931284736591778e-05,1.0,0.2205849849934753,0.25509456925546575,0.03450958426199043,7.75038508495731e-05,1442.1838189058897,2.2606255385546774,0.009289097040891647,400,5,0.0001,ledoitwolf
3,0,3,OMPPI(Exhaustive),1444.4444444444443,0.23202291529163466,0.24076587182472292,0.008742956533088264,7.643928893947076e-05,1.0,0.23344513864492322,0.007320733179799699,5.359313428982021e-05,1.0,0.22241050809026458,0.25912123555918126,0.03671072746891669,8.77061016531708e-05,1442.1838189058897,2.2606255385546774,0.00881095789372921,400,5,0.0001,ledoitwolf
3,0,3,VectorPPI++,1444.4444444444443,0.23202291529163466,0.21820200184684901,-0.013820913444785643,0.00019101764844825655,1.0,0.23344513864492322,-0.015243136798074208,0.00023235321944480402,1.0,0.19779725551704536,0.23860674817665267,0.040809492659607344,0.00010838426030775574,1442.9450848878641,1.4993595565802025,0.0050194114446640015,400,5,0.0001,ledoitwolf
3,0,3,Classical,1755.5555555555554,0.23202291529163466,0.22536688030663582,-0.006656034984998838,4.430280172152848e-05,1.0,0.23344513864492322,-0.008078258338287403,6.525825778010995e-05,1.0,0.2068170008714825,0.24391675974178914,0.03709975887030666,8.957483162517625e-05,1753.0,2.5555555555554292,0.004589784890413284,400,5,0.0001,ledoitwolf
3,0,3,MultiPPI,1755.5555555555554,0.23202291529163466,0.2288630307538863,-0.0031598845377483475,9.984870291901089e-06,1.0,0.23344513864492322,-0.004582107891036913,2.0995712725102747e-05,1.0,0.21260418553109228,0.24512187597668034,0.03251769044558808,6.881501541932612e-05,1755.5089079857473,0.04664756980810125,0.010975992307066917,400,5,0.0001,ledoitwolf
3,0,3,OMPPI(DAG),1755.5555555555554,0.23202291529163466,0.24057104661308482,0.008548131321450159,7.307054908875724e-05,1.0,0.23344513864492322,0.007125907968161593,5.0778564370708886e-05,1.0,0.2244154911871563,0.2567266020390133,0.03231111085185698,6.794345151227891e-05,1753.1180046111924,2.437550944363011,0.009392321109771729,400,5,0.0001,ledoitwolf
3,0,3,OMPPI(Exhaustive),1755.5555555555554,0.23202291529163466,0.22084446484554723,-0.011178450446087423,0.00012495775437563211,1.0,0.23344513864492322,-0.012600673799375989,0.00015877698019828052,1.0,0.20466029360630572,0.23702863608478875,0.032368342478483005,6.818435675792649e-05,1753.1180046111924,2.437550944363011,0.008811095729470253,400,5,0.0001,ledoitwolf
3,0,3,VectorPPI++,1755.5555555555554,0.23202291529163466,0.2334338723428248,0.0014109570511901537,1.990799800303214e-06,1.0,0.23344513864492322,-1.1266302098411618e-05,1.2692956297267402e-10,1.0,0.214530110504985,0.2523376341806646,0.03780752367567963,9.30251314153611e-05,1753.6774261161183,1.8781294394370889,0.0049583446234464645,400,5,0.0001,ledoitwolf
3,0,3,Classical,2066.6666666666665,0.23202291529163466,0.2165405386314367,-0.015482376660197944,0.00023970398704824204,1.0,0.23344513864492322,-0.01690460001348651,0.0002857655016159681,1.0,0.19960478228294143,0.233476294979932,0.03387151269699057,7.466430241305357e-05,2064.0,2.666666666666515,0.004613148048520088,400,5,0.0001,ledoitwolf
3,0,3,MultiPPI,2066.6666666666665,0.23202291529163466,0.22219314252999622,-0.009829772761638433,9.662443254544887e-05,1.0,0.23344513864492322,-0.011251996114926999,0.00012660741657033228,1.0,0.20730389692542597,0.23708238813456647,0.029778491209140504,5.770975169093619e-05,2066.6207294068327,0.04593725983386321,0.00996486097574234,400,5,0.0001,ledoitwolf
3,0,3,OMPPI(DAG),2066.6666666666665,0.23202291529163466,0.24924944820330536,0.0172265329116707,0.0002967534361568738,0.0,0.23344513864492322,0.015804309558382135,0.00024977620061716893,0.0,0.2340195208964677,0.264479375510143,0.03045985461367533,6.038088564740821e-05,2064.203102075037,2.46356459162962,0.009337496012449265,400,5,0.0001,ledoitwolf
3,0,3,OMPPI(Exhaustive),2066.6666666666665,0.23202291529163466,0.22908416194968698,-0.002938753341947681,8.636271204808663e-06,1.0,0.23344513864492322,-0.004360976695236246,1.901811773639365e-05,1.0,0.21447300428868743,0.24369531961068652,0.02922231532199911,5.5574181101337574e-05,2064.203102075037,2.46356459162962,0.008792983368039131,400,5,0.0001,ledoitwolf
3,0,3,VectorPPI++,2066.6666666666665,0.23202291529163466,0.22925102364591823,-0.0027718916457164233,7.683383295592501e-06,1.0,0.23344513864492322,-0.004194114999004989,1.7590600624878615e-05,1.0,0.21187034259720447,0.246631704694632,0.03476136209742752,7.863889418513471e-05,2064.5747222804443,2.091944386222167,0.005091829225420952,400,5,0.0001,ledoitwolf
3,0,3,Classical,2377.7777777777774,0.23202291529163466,0.23698297751741795,0.004960062225783296,2.4602217283642345e-05,1.0,0.23344513864492322,0.0035378388724947307,1.2516303887734787e-05,1.0,0.22067028648875375,0.25329566854608215,0.03262538205732843,6.927157130076399e-05,2375.0,2.7777777777773736,0.004632523283362389,400,5,0.0001,ledoitwolf
3,0,3,MultiPPI,2377.7777777777774,0.23202291529163466,0.24594783374403756,0.013924918452402901,0.0001939033539060708,1.0,0.23344513864492322,0.012502695099114336,0.00015631738474141763,1.0,0.2317910061354282,0.2601046613526469,0.02831365521721875,5.217178610902587e-05,2377.744498008803,0.03327976897435292,0.01057448796927929,400,5,0.0001,ledoitwolf
3,0,3,OMPPI(DAG),2377.7777777777774,0.23202291529163466,0.23697936618974827,0.004956450898113612,2.4566405505411234e-05,1.0,0.23344513864492322,0.003534227544825047,1.249076433860008e-05,1.0,0.2227077938365006,0.2512509385429959,0.028543144706495313,5.3020945151555643e-05,2375.0568015091176,2.720976268659797,0.00939309224486351,400,5,0.0001,ledoitwolf
3,0,3,OMPPI(Exhaustive),2377.7777777777774,0.23202291529163466,0.22996255093270865,-0.002060364358926009,4.245101291532584e-06,1.0,0.23344513864492322,-0.0034825877122145743,1.2128417173267942e-05,1.0,0.21612421906383644,0.24380088280158085,0.027676663737744404,4.985070460248781e-05,2375.0568015091176,2.720976268659797,0.00881367176771164,400,5,0.0001,ledoitwolf
3,0,3,VectorPPI++,2377.7777777777774,0.23202291529163466,0.22573978446124945,-0.006283130830385203,3.947773303173705e-05,1.0,0.23344513864492322,-0.007705354183673768,5.937248309585884e-05,1.0,0.2098417094510886,0.2416378594714103,0.03179615002032169,6.579500154137558e-05,2376.724586040662,1.0531917371154123,0.005053594708442688,400,5,0.0001,ledoitwolf
3,0,3,Classical,2688.8888888888887,0.23202291529163466,0.2210255913587207,-0.010997323932913944,0.00012094113368544182,1.0,0.23344513864492322,-0.01241954728620251,0.0001542451547942201,1.0,0.2060093302680545,0.2360418524493869,0.030032522181332417,5.86985589766941e-05,2686.0,2.888888888888687,0.004635391756892204,400,5,0.0001,ledoitwolf
3,0,3,MultiPPI,2688.8888888888887,0.23202291529163466,0.24731441674403132,0.01529150145239666,0.00023383001666864918,0.0,0.23344513864492322,0.013869278099108096,0.00019235687499039947,0.0,0.233935820221669,0.2606930132663936,0.026757193044724605,4.6593456617041906e-05,2688.850136239782,0.03875264910675469,0.011057715862989426,400,5,0.0001,ledoitwolf
3,0,3,OMPPI(DAG),2688.8888888888887,0.23202291529163466,0.23278240591944602,0.00075949062781136,5.768260137332937e-07,1.0,0.23344513864492322,-0.0006627327254772053,4.3921466541844477e-07,1.0,0.21947701878871712,0.24608779305017492,0.026610774261457797,4.6084921109886445e-05,2686.864389016978,2.024499871910848,0.009470881894230843,400,5,0.0001,ledoitwolf
3,0,3,OMPPI(Exhaustive),2688.8888888888887,0.23202291529163466,0.23325070494784406,0.0012277896562093993,1.507467439894795e-06,1.0,0.23344513864492322,-0.00019443369707916602,3.78044625598729e-08,1.0,0.2200431205951663,0.2464582893005218,0.02641516870535546,4.540990612560503e-05,2686.864389016978,2.024499871910848,0.008922550827264786,400,5,0.0001,ledoitwolf
3,0,3,VectorPPI++,2688.8888888888887,0.23202291529163466,0.23433402273879556,0.0023111074471608983,5.341217632322565e-06,1.0,0.23344513864492322,0.000888884093872333,7.901149323392385e-07,1.0,0.2192947414228253,0.24937330405476582,0.03007856263194053,5.887866903126744e-05,2686.709494864808,2.179394024080466,0.005117155611515045,400,5,0.0001,ledoitwolf
3,0,3,Classical,3000.0,0.23202291529163466,0.2201528016709573,-0.011870113620677358,0.00014089959736779016,1.0,0.23344513864492322,-0.013292336973965924,0.00017668622222946157,1.0,0.20612064154284007,0.23418496179907453,0.028064320256234444,5.125696435958253e-05,2998.0,2.0,0.004616983234882355,400,5,0.0001,ledoitwolf
3,0,3,MultiPPI,3000.0,0.23202291529163466,0.2294234901051209,-0.002599425186513765,6.757011300282123e-06,1.0,0.23344513864492322,-0.0040216485398023305,1.6173656977694217e-05,1.0,0.21695317436570946,0.24189380584453232,0.02494063147882286,4.048169768289046e-05,2999.9644728568437,0.03552714315628691,0.010627908632159233,400,5,0.0001,ledoitwolf
3,0,3,OMPPI(DAG),3000.0,0.23202291529163466,0.24062334841132163,0.008600433119686973,7.39674498462086e-05,1.0,0.23344513864492322,0.007178209766398408,5.152669545041748e-05,1.0,0.22801156485383325,0.25323513196881,0.025223567114976735,4.140538579877148e-05,2997.0968350450635,2.9031649549365284,0.009819405153393745,400,5,0.0001,ledoitwolf
3,0,3,OMPPI(Exhaustive),3000.0,0.23202291529163466,0.23248176874739934,0.00045885345576468506,2.105464938671938e-07,1.0,0.23344513864492322,-0.0009633698975238802,9.280815594551716e-07,1.0,0.22007669418408285,0.24488684331071583,0.024810149126632996,4.0059228044421905e-05,2997.0968350450635,2.9031649549365284,0.008909976109862328,400,5,0.0001,ledoitwolf
3,0,3,VectorPPI++,3000.0,0.23202291529163466,0.23382046156507158,0.001797546273436923,3.2311726051469692e-06,1.0,0.23344513864492322,0.00037532292014835766,1.4086729438869047e-07,1.0,0.21942151715887911,0.24821940597126405,0.028797888812384924,5.397157946760396e-05,2997.354223433242,2.6457765667578315,0.005111394450068474,400,5,0.0001,ledoitwolf
4,0,4,Classical,200.0,0.23202291529163466,0.25703768751683465,0.025014772225199988,0.0006257388294786367,1.0,0.23288437682882454,0.024153310688010105,0.0005833824171915432,1.0,0.19682505700596903,0.31725031802770026,0.12042526102173125,0.0009437979273673202,197.0,3.0,0.006827827543020248,400,5,0.0001,ledoitwolf
4,0,4,MultiPPI,200.0,0.23202291529163466,0.22181929537475928,-0.010203619916875378,0.00010411385940805591,1.0,0.23288437682882454,-0.011065081454065262,0.00012243602758509902,1.0,0.17010071356878187,0.2735378771807367,0.10343716361195482,0.000696301022312731,199.94864808216312,0.05135191783688242,0.3670967370271683,400,5,0.0001,ledoitwolf
4,0,4,OMPPI(DAG),200.0,0.23202291529163466,0.24549067445789463,0.013467759166259974,0.00018138053696037954,1.0,0.23288437682882454,0.01260629762907009,0.00015891873991269817,1.0,0.1953093522230985,0.29567199669269073,0.10036264446959225,0.0006555231277417231,197.16306853909032,2.836931460909682,0.016072168946266174,400,5,0.0001,ledoitwolf
4,0,4,OMPPI(Exhaustive),200.0,0.23202291529163466,0.1507977530043461,-0.08122516228728854,0.006597526988596361,0.0,0.23288437682882454,-0.08208662382447843,0.006738213810901429,0.0,0.10923855039734734,0.1923569556113449,0.08311840521399753,0.0004496123483154991,197.16306853909032,2.836931460909682,0.015359843149781227,400,5,0.0001,ledoitwolf
4,0,4,VectorPPI++,200.0,0.23202291529163466,0.21459983198087104,-0.017423083310763615,0.0003035638320538096,1.0,0.23288437682882454,-0.0182845448479535,0.00033432458029682285,1.0,0.1632512782269508,0.2659483857347913,0.10269710750784049,0.0006863730930591643,199.01571997484805,0.9842800251519463,0.007126394659280777,400,5,0.0001,ledoitwolf
4,0,4,Classical,511.1111111111111,0.23202291529163466,0.2266105118949639,-0.005412403396670762,2.92941105282932e-05,1.0,0.23288437682882454,-0.006273864933860646,3.936138120832624e-05,1.0,0.19320946464892763,0.26001155914100016,0.06680209449207256,0.00029041830440092056,508.0,3.111111111111086,0.007275208830833435,400,5,0.0001,ledoitwolf
4,0,4,MultiPPI,511.1111111111111,0.23202291529163466,0.24443773772691685,0.012414822435282191,0.00015412781609958605,1.0,0.23288437682882454,0.011553360898092307,0.0001334801480415683,1.0,0.21416656513655521,0.27470891031727845,0.060542345180723246,0.00023854059948764044,511.07482708027663,0.03628403083445164,0.01757645606994629,400,5,0.0001,ledoitwolf
4,0,4,OMPPI(DAG),511.1111111111111,0.23202291529163466,0.25625958358182466,0.02423666829019,0.0005874160898087015,1.0,0.23288437682882454,0.023375206753000116,0.0005464002907455023,1.0,0.2251103822258639,0.28740878493778543,0.06229840271192151,0.00025257923887854293,508.83609306225105,2.2750180488600336,0.01590791717171669,400,5,0.0001,ledoitwolf
4,0,4,OMPPI(Exhaustive),511.1111111111111,0.23202291529163466,0.23829606106489254,0.006273145773257882,3.935235789254323e-05,1.0,0.23288437682882454,0.005411684236067998,2.9286326270906875e-05,1.0,0.2078510554163629,0.2687410667134222,0.060890011297059295,0.0002412881179269072,508.83609306225105,2.2750180488600336,0.014938432723283768,400,5,0.0001,ledoitwolf
4,0,4,VectorPPI++,511.1111111111111,0.23202291529163466,0.22432185225179732,-0.007701063039837336,5.930637194354867e-05,1.0,0.23288437682882454,-0.00856252457702722,7.331682713219516e-05,1.0,0.19068902922016587,0.25795467528342875,0.0672656460632629,0.0002944628168297388,509.2429260113184,1.8681850997926972,0.007582660764455795,400,5,0.0001,ledoitwolf
4,0,4,Classical,822.2222222222222,0.23202291529163466,0.23711727279049893,0.005094357498864277,2.595247832623469e-05,1.0,0.23288437682882454,0.004232895961674393,1.7917408222359387e-05,1.0,0.209993976499976,0.2642405690810219,0.05424659258104586,0.00019150880850274583,820.0,2.2222222222221717,0.007018452510237694,400,5,0.0001,ledoitwolf
4,0,4,MultiPPI,822.2222222222222,0.23202291529163466,0.2284367061178688,-0.0035862091737658697,1.2860896238002482e-05,1.0,0.23288437682882454,-0.004447670710955753,1.9781774753093656e-05,1.0,0.20436903364927325,0.2525043785864643,0.04813534493719105,0.00015078981321760572,822.1683085307063,0.05391369151584513,0.016826821491122246,400,5,0.0001,ledoitwolf
4,0,4,OMPPI(DAG),822.2222222222222,0.23202291529163466,0.26804501000682784,0.03602209471519319,0.001297591307670349,0.0,0.23288437682882454,0.0351606331780033,0.0012362701254781067,0.0,0.2435107091290567,0.292579310884599,0.049068601755542285,0.00015669357597128603,819.8706770069169,2.3515452153052365,0.016487237066030502,400,5,0.0001,ledoitwolf
4,0,4,OMPPI(Exhaustive),822.2222222222222,0.23202291529163466,0.23074377189051146,-0.0012791434011232006,1.6362078406370293e-06,1.0,0.23288437682882454,-0.0021406049383130843,4.582189501930363e-06,1.0,0.20714394732975425,0.25434359645126864,0.047199649121514406,0.00014498443047162004,819.8706770069169,2.3515452153052365,0.014397965744137764,400,5,0.0001,ledoitwolf
4,0,4,VectorPPI++,822.2222222222222,0.23202291529163466,0.23274093464033052,0.0007180193486958641,5.155517851016329e-07,1.0,0.23288437682882454,-0.00014344218849401957,2.0575661439953842e-08,1.0,0.2060014340514229,0.25948043522923814,0.05347900117781521,0.00018612743885016957,820.6350869838608,1.587135238361384,0.007845120504498482,400,5,0.0001,ledoitwolf
4,0,4,Classical,1133.3333333333333,0.23202291529163466,0.2166316663157029,-0.015391248975931748,0.00023689054503912008,1.0,0.23288437682882454,-0.016252710513121632,0.0002641505990233344,1.0,0.1936390485261169,0.2396242841052889,0.045985235579171974,0.00013761971623125734,1131.0,2.3333333333332575,0.007359908893704414,400,5,0.0001,ledoitwolf
4,0,4,MultiPPI,1133.3333333333333,0.23202291529163466,0.24310231241129662,0.011079397119661966,0.00012275304053517387,1.0,0.23288437682882454,0.010217935582472082,0.00010440620756754909,1.0,0.2223825704078547,0.26382205441473855,0.041439484006883846,0.00011175642606826711,1133.3053867113813,0.027946621951969064,0.01583520695567131,400,5,0.0001,ledoitwolf
4,0,4,OMPPI(DAG),1133.3333333333333,0.23202291529163466,0.24911905465025178,0.01709613935861712,0.00029227798096925734,1.0,0.23288437682882454,0.016234677821427235,0.00026356476396554137,1.0,0.2282143117458092,0.27002379755469436,0.041809485808885154,0.00011376102056506694,1130.6277509955985,2.705582337734768,0.015467248857021332,400,5,0.0001,ledoitwolf
4,0,4,OMPPI(Exhaustive),1133.3333333333333,0.23202291529163466,0.2413082066343709,0.00928529134273623,8.621663531949237e-05,1.0,0.23288437682882454,0.008423829805546346,7.096090859281099e-05,1.0,0.22064960739553557,0.2619668058732062,0.04131719847767064,0.00011109782570406195,1130.6277509955985,2.705582337734768,0.01475563645362854,400,5,0.0001,ledoitwolf
4,0,4,VectorPPI++,1133.3333333333333,0.23202291529163466,0.22830384793466463,-0.0037190673569700294,1.3831462005680041e-05,1.0,0.23288437682882454,-0.004580528894159913,2.0981244950233838e-05,1.0,0.2042976581756737,0.25231003769365556,0.048012379517981894,0.0001500203890355771,1131.4447704883673,1.888562844965918,0.00718328170478344,400,5,0.0001,ledoitwolf
4,0,4,Classical,1444.4444444444443,0.23202291529163466,0.2201912751210397,-0.01183164017059496,0.0001399877091264363,1.0,0.23288437682882454,-0.012693101707784843,0.0001611148309641705,1.0,0.1998784562492673,0.24050409399281208,0.04062563774354479,0.00010740987467955645,1442.0,2.4444444444443434,0.006732994690537453,400,5,0.0001,ledoitwolf
4,0,4,MultiPPI,1444.4444444444443,0.23202291529163466,0.23080046839551682,-0.0012224468961178347,1.4943764138281282e-06,1.0,0.23288437682882454,-0.0020839084333077185,4.34267435841103e-06,1.0,0.2128438056735313,0.24875713111750233,0.03591332544397103,8.39373142239961e-05,1444.4001257597986,0.044318684645759276,0.018536491319537163,400,5,0.0001,ledoitwolf
4,0,4,OMPPI(DAG),1444.4444444444443,0.23202291529163466,0.23211636511732575,9.344982569109428e-05,8.732869921695905e-09,1.0,0.23288437682882454,-0.0007680117114987894,5.898419889992998e-07,1.0,0.2144567297511106,0.2497760004835409,0.03531927073243032,8.118340865393572e-05,1442.3179626912595,2.126481753184862,0.015446174889802933,400,5,0.0001,ledoitwolf
4,0,4,OMPPI(Exhaustive),1444.4444444444443,0.23202291529163466,0.23715722037380624,0.005134305082171581,2.6361088676812923e-05,1.0,0.23288437682882454,0.004272843544981697,1.8257191959891757e-05,1.0,0.21906597162725877,0.2552484691203537,0.03618249749309494,8.520025763293637e-05,1442.3179626912595,2.126481753184862,0.01518251933157444,400,5,0.0001,ledoitwolf
4,0,4,VectorPPI++,1444.4444444444443,0.23202291529163466,0.22476201995351516,-0.007260895338119494,5.2720601111125404e-05,1.0,0.23288437682882454,-0.008122356875309378,6.597268120988552e-05,1.0,0.20395203294406483,0.2455720069629655,0.04161997401890064,0.00011273205819638097,1442.2544539928738,2.1899904515705657,0.007925404235720634,400,5,0.0001,ledoitwolf
4,0,4,Classical,1755.5555555555554,0.23202291529163466,0.22668541049115834,-0.005337504800476317,2.848895749510773e-05,1.0,0.23288437682882454,-0.006198966337666201,3.842718365551871e-05,1.0,0.20813997788945618,0.2452308430928605,0.0370908652034043,8.953189047126912e-05,1753.0,2.5555555555554292,0.005686568096280098,400,5,0.0001,ledoitwolf
4,0,4,MultiPPI,1755.5555555555554,0.23202291529163466,0.23792233812855268,0.005899422836918022,3.4803189808749886e-05,1.0,0.23288437682882454,0.005037961299728139,2.5381054057558437e-05,1.0,0.22158326970326847,0.2542614065538369,0.03267813685056843,6.949577477388677e-05,1755.5274575560682,0.028097999487272318,0.011788878589868546,400,5,0.0001,ledoitwolf
4,0,4,OMPPI(DAG),1755.5555555555554,0.23202291529163466,0.23976835790382228,0.007745442612187625,5.9991881258691864e-05,1.0,0.23288437682882454,0.0068839810749977415,4.738919544092706e-05,1.0,0.22347390314429624,0.25606281266334835,0.03258890951905209,6.911677784489834e-05,1753.239572416684,2.3159831388713883,0.010010818019509315,400,5,0.0001,ledoitwolf
4,0,4,OMPPI(Exhaustive),1755.5555555555554,0.23202291529163466,0.22095165564158312,-0.01107125965005154,0.00012257279023885937,1.0,0.23288437682882454,-0.011932721187241424,0.0001423898349324404,1.0,0.2045125786988973,0.23739073258426893,0.03287815388537164,7.034912082663258e-05,1753.239572416684,2.3159831388713883,0.0094384104013443,400,5,0.0001,ledoitwolf
4,0,4,VectorPPI++,1755.5555555555554,0.23202291529163466,0.22862141262974026,-0.003401502661894401,1.1570220358874696e-05,1.0,0.23288437682882454,-0.004262964199084285,1.817286376267432e-05,1.0,0.20965864020453717,0.24758418505494334,0.03792554485040616,9.360681835581085e-05,1754.0641374973802,1.4914180581752134,0.0052150338888168335,400,5,0.0001,ledoitwolf
4,0,4,Classical,2066.6666666666665,0.23202291529163466,0.2189028564237579,-0.01312005886787676,0.0001721359446965516,1.0,0.23288437682882454,-0.013981520405066644,0.00019548291283729493,1.0,0.2018423599831976,0.2359633528643182,0.034120992881120554,7.57682308685473e-05,2064.0,2.666666666666515,0.0048538148403167725,400,5,0.0001,ledoitwolf
4,0,4,MultiPPI,2066.6666666666665,0.23202291529163466,0.24102239361640096,0.008999478324766302,8.09906101179385e-05,1.0,0.23288437682882454,0.008138016787576419,6.622731723487562e-05,1.0,0.22574602905881525,0.2562987581739867,0.030552729115171418,6.0749659176118146e-05,2066.6291133934187,0.037553273247795005,0.011583326384425163,400,5,0.0001,ledoitwolf
4,0,4,OMPPI(DAG),2066.6666666666665,0.23202291529163466,0.23147342221737724,-0.0005494930742574178,3.0194263865686807e-07,1.0,0.23288437682882454,-0.0014109546114473015,1.9907929155644055e-06,1.0,0.21612441102824292,0.24682243340651155,0.030698022378268647,6.132882206494687e-05,2063.996646405366,2.6700202613005786,0.009967416524887085,400,5,0.0001,ledoitwolf
4,0,4,OMPPI(Exhaustive),2066.6666666666665,0.23202291529163466,0.24174165863340322,0.00971874334176856,9.445397214317072e-05,1.0,0.23288437682882454,0.008857281804578676,7.845144096572049e-05,1.0,0.22680478300868712,0.2566785342581193,0.029873751249432173,5.807956399957531e-05,2063.996646405366,2.6700202613005786,0.009403591975569725,400,5,0.0001,ledoitwolf
4,0,4,VectorPPI++,2066.6666666666665,0.23202291529163466,0.24095009498161413,0.00892717968997947,7.969453721718194e-05,1.0,0.23288437682882454,0.008065718152789586,6.505580932023945e-05,1.0,0.22329410104081895,0.25860608892240927,0.03531198788159033,8.114993198887588e-05,2065.0387759379582,1.6278907287082802,0.005396729335188866,400,5,0.0001,ledoitwolf
4,0,4,Classical,2377.7777777777774,0.23202291529163466,0.23636254059757017,0.004339625305935513,1.8832347795915892e-05,1.0,0.23288437682882454,0.003478163768745629,1.2097623202214798e-05,1.0,0.2199648115849719,0.25276026961016845,0.032795458025196574,6.999567854850047e-05,2375.0,2.7777777777773736,0.004861701279878616,400,5,0.0001,ledoitwolf
4,0,4,MultiPPI,2377.7777777777774,0.23202291529163466,0.23042229227533034,-0.0016006230163043145,2.5619940403231217e-06,1.0,0.23288437682882454,-0.002462084553494198,6.061860348554725e-06,1.0,0.21664816955572172,0.24419641499493897,0.02754824543921723,4.938916842548789e-05,2377.744393208971,0.03338456880646845,0.010860955342650414,400,5,0.0001,ledoitwolf
4,0,4,OMPPI(DAG),2377.7777777777774,0.23202291529163466,0.23256661512344973,0.0005436998318150699,2.9560950711573524e-07,1.0,0.23288437682882454,-0.00031776170537481385,1.0097250140271e-07,1.0,0.2189340965296729,0.24619913371722654,0.027265037187553617,4.837890288150724e-05,2374.6696709285266,3.1081068492508166,0.01014195941388607,400,5,0.0001,ledoitwolf
4,0,4,OMPPI(Exhaustive),2377.7777777777774,0.23202291529163466,0.23273707181260575,0.0007141565209710932,5.100195364455354e-07,1.0,0.23288437682882454,-0.00014730501621879055,2.1698767803218146e-08,1.0,0.21828547189757147,0.24718867172764003,0.028903199830068567,5.436703863103792e-05,2374.6696709285266,3.1081068492508166,0.009483827278017998,400,5,0.0001,ledoitwolf
4,0,4,VectorPPI++,2377.7777777777774,0.23202291529163466,0.2204110136359954,-0.011611901655639245,0.00013483626006023745,1.0,0.23288437682882454,-0.012473363192829129,0.00015558478934022448,1.0,0.20436165516332036,0.23646037210867046,0.03209871694535011,6.705314814174769e-05,2375.848459442465,1.9293183353124732,0.005198109894990921,400,5,0.0001,ledoitwolf
4,0,4,Classical,2688.8888888888887,0.23202291529163466,0.234027159856997,0.0020042445653623564,4.016996277784541e-06,1.0,0.23288437682882454,0.0011427830281724727,1.3059530494790466e-06,1.0,0.21879305267352067,0.24926126704047336,0.030468214366952667,6.0414033446728536e-05,2687.0,1.8888888888886868,0.0048956722021102905,400,5,0.0001,ledoitwolf
4,0,4,MultiPPI,2688.8888888888887,0.23202291529163466,0.22831461152275387,-0.0037083037688807885,1.375151684229546e-05,1.0,0.23288437682882454,-0.004569765306070672,2.0882754952567185e-05,1.0,0.21522444860975912,0.24140477443574862,0.026180325825989503,4.460606584291877e-05,2688.856005030392,0.03288385849646147,0.010982604697346687,400,5,0.0001,ledoitwolf
4,0,4,OMPPI(DAG),2688.8888888888887,0.23202291529163466,0.22407741404453052,-0.007945501247104136,6.313099006773339e-05,1.0,0.23288437682882454,-0.00880696278429402,7.756259348393988e-05,1.0,0.21140048854887164,0.2367543395401894,0.025353850991317747,4.183422171721935e-05,2686.5569063089497,2.3319825799389946,0.017025159671902657,400,5,0.0001,ledoitwolf
4,0,4,OMPPI(Exhaustive),2688.8888888888887,0.23202291529163466,0.23013104320571706,-0.0018918720859175953,3.579179989474193e-06,1.0,0.23288437682882454,-0.002753333623107479,7.580846040134157e-06,1.0,0.21688015166738686,0.24338193474404726,0.026501783076660377,4.5708189194870345e-05,2686.5569063089497,2.3319825799389946,0.014489028602838516,400,5,0.0001,ledoitwolf
4,0,4,VectorPPI++,2688.8888888888887,0.23202291529163466,0.22484948687737483,-0.00717342841425983,5.145807521451031e-05,1.0,0.23288437682882454,-0.008034889951449714,6.455945653190759e-05,1.0,0.2101944376014905,0.23950453615325915,0.02931009855176864,5.59085699738908e-05,2686.4931880108993,2.395700877989384,0.005272271111607552,400,5,0.0001,ledoitwolf
4,0,4,Classical,3000.0,0.23202291529163466,0.23229923744441255,0.00027632215277789696,7.635393211581143e-08,1.0,0.23288437682882454,-0.0005851393844119868,3.423880991900388e-07,1.0,0.21761346665119125,0.24698500823763386,0.029371541586442593,5.614321898472447e-05,2998.0,2.0,0.007119933143258095,400,5,0.0001,ledoitwolf
4,0,4,MultiPPI,3000.0,0.23202291529163466,0.2223222940148708,-0.009700621276763854,9.410205315520359e-05,1.0,0.23288437682882454,-0.010562082813953738,0.00011155759336881692,1.0,0.21004940148749449,0.23459518654224712,0.024545785054752658,3.921007565592309e-05,2999.9415216935654,0.058478306434608385,0.014338001608848572,400,5,0.0001,ledoitwolf
4,0,4,OMPPI(DAG),3000.0,0.23202291529163466,0.22080254103573022,-0.011220374255904442,0.00012589679844256317,1.0,0.23288437682882454,-0.012081835793094325,0.00014597075613129518,0.0,0.2087840705134844,0.23282101155797602,0.024036941044491594,3.7601244848953295e-05,2997.3139802976316,2.6860197023684123,0.013984359800815582,400,5,0.0001,ledoitwolf
4,0,4,OMPPI(Exhaustive),3000.0,0.23202291529163466,0.23242728605088966,0.0004043707592550072,1.63515710940471e-07,1.0,0.23288437682882454,-0.0004570907779348765,2.089319792731106e-07,1.0,0.22010079474625943,0.2447537773555199,0.02465298260926047,3.9553303829421195e-05,2997.3139802976316,2.6860197023684123,0.01316358707845211,400,5,0.0001,ledoitwolf
4,0,4,VectorPPI++,3000.0,0.23202291529163466,0.22297369705175563,-0.009049218239879031,8.188835075295935e-05,1.0,0.23288437682882454,-0.009910679777068915,9.822157364360276e-05,1.0,0.20884653591221863,0.23710085819129262,0.028254322279074005,5.195335709114339e-05,2998.302871515405,1.6971284845949413,0.006812248378992081,400,5,0.0001,ledoitwolf
5,0,5,Classical,200.0,0.23202291529163466,0.23169331860508333,-0.0003295966865513311,1.0863397578561642e-07,1.0,0.2334573072227141,-0.001763988617630774,3.111655843130929e-06,1.0,0.17400471255185557,0.2893819246583111,0.1153772121064555,0.0008663311058904344,198.0,2.0,0.007437216117978096,400,5,0.0001,ledoitwolf
5,0,5,MultiPPI,200.0,0.23202291529163466,0.2567838545309961,0.024760939239361457,0.00061310411201535,1.0,0.2334573072227141,0.023326547308282014,0.0005441278093255189,1.0,0.2062641247535441,0.3073035843084481,0.10103945955490402,0.0006643942356059406,199.96520645566972,0.034793544330284476,0.35532906651496887,400,5,0.0001,ledoitwolf
5,0,5,OMPPI(DAG),200.0,0.23202291529163466,0.2379522449849269,0.00592932969329224,3.515695061175705e-05,1.0,0.2334573072227141,0.004494937762212797,2.020446548616659e-05,1.0,0.1843798394395261,0.2915246505303277,0.1071448110908016,0.0007471126907465588,197.82655627750995,2.173443722490049,0.01747772842645645,400,5,0.0001,ledoitwolf
5,0,5,OMPPI(Exhaustive),200.0,0.23202291529163466,0.2512389074184915,0.019215992126856818,0.0003692543534194232,1.0,0.2334573072227141,0.017781600195777375,0.00031618530552247,1.0,0.2026088962328254,0.29986891860415754,0.09726002237133213,0.0006156197679845724,197.82655627750995,2.173443722490049,0.015644747763872147,400,5,0.0001,ledoitwolf
5,0,5,VectorPPI++,200.0,0.23202291529163466,0.25972655508472153,0.027703639793086876,0.0007674916577851067,1.0,0.2334573072227141,0.026269247862007433,0.0006900733832355821,1.0,0.20331990783566364,0.31613320233377945,0.1128132944981158,0.0008282556191256366,198.19094529448753,1.809054705512466,0.0065363310277462006,400,5,0.0001,ledoitwolf
5,0,5,Classical,511.1111111111111,0.23202291529163466,0.23583560459841535,0.003812689306780692,1.4536599750039834e-05,1.0,0.2334573072227141,0.0023782973757012493,5.656298407267449e-06,1.0,0.20016299317356703,0.2715082160232637,0.07134522284969665,0.00033126352910852776,508.0,3.111111111111086,0.007520757615566254,400,5,0.0001,ledoitwolf
5,0,5,MultiPPI,511.1111111111111,0.23202291529163466,0.21742204298058843,-0.014600872311046231,0.00021318547224347651,1.0,0.2334573072227141,-0.016035264242125674,0.00025712969931479426,1.0,0.18823888259956362,0.24660520336161323,0.05836632076204963,0.00022170141333721963,511.06015510375175,0.050956007359332034,0.01586892083287239,400,5,0.0001,ledoitwolf
5,0,5,OMPPI(DAG),511.1111111111111,0.23202291529163466,0.239991424330363,0.007968509038728339,6.349713630029523e-05,1.0,0.2334573072227141,0.006534117107648896,4.269468637646997e-05,1.0,0.20972644396371165,0.27025640469701434,0.06052996073330271,0.00023844301848543117,508.1504925592119,2.960618551899188,0.014160914346575737,400,5,0.0001,ledoitwolf
5,0,5,OMPPI(Exhaustive),511.1111111111111,0.23202291529163466,0.2216385724522551,-0.010384342839379557,0.00010783457620577347,1.0,0.2334573072227141,-0.011818734770459,0.00013968249157445654,1.0,0.19217140018421244,0.2511057447202978,0.058934344536085335,0.00022603762841263633,508.1504925592119,2.960618551899188,0.013561896979808807,400,5,0.0001,ledoitwolf
5,0,5,VectorPPI++,511.1111111111111,0.23202291529163466,0.20582695255488304,-0.02619596273675162,0.0006862284637052795,1.0,0.2334573072227141,-0.027630354667831064,0.0007634364990701339,1.0,0.16999562858154496,0.2416582765282211,0.07166264794667616,0.0003342177640343216,509.0985118423811,2.012599268730014,0.007840432226657867,400,5,0.0001,ledoitwolf
5,0,5,Classical,822.2222222222222,0.23202291529163466,0.2377130056323605,0.005690090340725845,3.237712808562156e-05,1.0,0.2334573072227141,0.004255698409646402,1.8110968953866918e-05,1.0,0.2099475347851096,0.2654784764796114,0.055530941694501804,0.00020068453349455395,819.0,3.2222222222221717,0.007024511694908142,400,5,0.0001,ledoitwolf
5,0,5,MultiPPI,822.2222222222222,0.23202291529163466,0.2342291067747742,0.0022061914831395524,4.867280860277498e-06,1.0,0.2334573072227141,0.0007717995520601095,5.956745485601857e-07,1.0,0.21136064016463382,0.25709757338491457,0.045736933220280766,0.0001361375429255829,822.1676797317125,0.05454249050967519,0.015751417726278305,400,5,0.0001,ledoitwolf
5,0,5,OMPPI(DAG),822.2222222222222,0.23202291529163466,0.2317592233759967,-0.0002636919156379647,6.953342637281948e-08,1.0,0.2334573072227141,-0.0016980838467174075,2.883488750482588e-06,1.0,0.20758686425344822,0.2559315824985452,0.04834471824509697,0.00015210444074052927,819.1349821840286,3.087240038193613,0.013772428035736084,400,5,0.0001,ledoitwolf
5,0,5,OMPPI(Exhaustive),822.2222222222222,0.23202291529163466,0.23942349408796113,0.007400578796326468,5.4768566520636915e-05,1.0,0.2334573072227141,0.005966186865247025,3.5595385711046124e-05,1.0,0.2142085705659184,0.26463841761000384,0.050429847044085416,0.00016550805251312815,819.1349821840286,3.087240038193613,0.013220876455307007,400,5,0.0001,ledoitwolf
5,0,5,VectorPPI++,822.2222222222222,0.23202291529163466,0.24865005617622132,0.016627140884586666,0.00027646181399589346,1.0,0.2334573072227141,0.015192748953507224,0.00023081962076429484,1.0,0.21972051959958966,0.277579592752853,0.05785907315326332,0.00021786465132208385,820.0060783902746,2.2161438319475337,0.006762685254216194,400,5,0.0001,ledoitwolf
5,0,5,Classical,1133.3333333333333,0.23202291529163466,0.24460553457688544,0.012582619285250785,0.00015832230807756497,1.0,0.2334573072227141,0.011148227354171342,0.00012428297314029415,1.0,0.2204655862290364,0.2687454829247345,0.04827989669569809,0.00015169682493993862,1131.0,2.3333333333332575,0.00489046610891819,400,5,0.0001,ledoitwolf
5,0,5,MultiPPI,1133.3333333333333,0.23202291529163466,0.24306071035432383,0.011037795062689176,0.00012183291984592555,1.0,0.2334573072227141,0.009603403131609733,9.222535170821163e-05,1.0,0.22250607242800133,0.26361534828064637,0.04110927585264501,0.00010998247280596227,1133.2852651435758,0.048068189757486834,0.012441007420420647,400,5,0.0001,ledoitwolf
5,0,5,OMPPI(DAG),1133.3333333333333,0.23202291529163466,0.23914745465622733,0.007124539364592675,5.0759061157630595e-05,1.0,0.2334573072227141,0.005690147433513232,3.237777781511722e-05,1.0,0.2188024010858942,0.2594925082265605,0.04069010714066631,0.00010775104565742376,1131.0493607210228,2.2839726123104356,0.009940633550286293,400,5,0.0001,ledoitwolf
5,0,5,OMPPI(Exhaustive),1133.3333333333333,0.23202291529163466,0.24364826599253253,0.011625350700897874,0.0001351487789188667,1.0,0.2334573072227141,0.010190958769818431,0.0001038556406481392,1.0,0.2241207178471334,0.2631758141379317,0.03905509629079827,9.926570981749544e-05,1131.0493607210228,2.2839726123104356,0.009557154029607773,400,5,0.0001,ledoitwolf
5,0,5,VectorPPI++,1133.3333333333333,0.23202291529163466,0.2493696111442935,0.017346695852658855,0.0003009078570046519,1.0,0.2334573072227141,0.015912303921579413,0.00025320141609271155,1.0,0.22620036930159776,0.27253885298698927,0.046338483685391514,0.00013974216375130252,1130.6610773422763,2.672255991057,0.005489865317940712,400,5,0.0001,ledoitwolf
5,0,5,Classical,1444.4444444444443,0.23202291529163466,0.23805208683113313,0.0060291715394984735,3.6350909452698394e-05,1.0,0.2334573072227141,0.004594779608419031,2.111199964994334e-05,1.0,0.2172613995811975,0.25884277408106876,0.04158137449987126,0.0001125230534806386,1442.0,2.4444444444443434,0.004741109907627106,400,5,0.0001,ledoitwolf
5,0,5,MultiPPI,1444.4444444444443,0.23202291529163466,0.2274068003011489,-0.0046161149904857535,2.130851760538729e-05,1.0,0.2334573072227141,-0.006050506921565196,3.660863400790835e-05,1.0,0.20923871750196654,0.24557488310033126,0.03633616559836474,8.592549029024951e-05,1444.39928736114,0.04515708330427515,0.010762015357613564,400,5,0.0001,ledoitwolf
5,0,5,OMPPI(DAG),1444.4444444444443,0.23202291529163466,0.2476474034261684,0.015624488134533737,0.00024412462946618555,1.0,0.2334573072227141,0.014190096203454294,0.00020135883026328798,1.0,0.22989752683866446,0.2653972800136723,0.03549975317500786,8.201522743765642e-05,1441.113288618738,3.331155825706446,0.01847917214035988,400,5,0.0001,ledoitwolf
5,0,5,OMPPI(Exhaustive),1444.4444444444443,0.23202291529163466,0.24202132897191353,0.009998413680278873,9.99682761219877e-05,1.0,0.2334573072227141,0.00856402174919943,7.334246852076086e-05,1.0,0.2236474939320399,0.26039516401178714,0.03674767007974726,8.788271066549829e-05,1441.113288618738,3.331155825706446,0.011233258992433548,400,5,0.0001,ledoitwolf
5,0,5,VectorPPI++,1444.4444444444443,0.23202291529163466,0.21908221814226664,-0.012940697149368019,0.00016746164271166158,1.0,0.2334573072227141,-0.014375089080447462,0.00020664318607079986,1.0,0.19881269732335702,0.23935173896117626,0.04053904163781926,0.0001069524608763013,1443.151121358206,1.293323086238388,0.005092961713671684,400,5,0.0001,ledoitwolf
5,0,5,Classical,1755.5555555555554,0.23202291529163466,0.2253250354838294,-0.006697879807805257,4.486159391980539e-05,1.0,0.2334573072227141,-0.0081322717388847,6.613384363506278e-05,1.0,0.2065567337470922,0.2440933372205666,0.037536603473474345,9.169671380664771e-05,1754.0,1.5555555555554292,0.008103232830762863,400,5,0.0001,ledoitwolf
5,0,5,MultiPPI,1755.5555555555554,0.23202291529163466,0.23720776017431638,0.005184844882681727,2.6882616457470893e-05,1.0,0.2334573072227141,0.0037504529516022844,1.4065897342182287e-05,1.0,0.2205517861821072,0.2538637341665256,0.0333119479844184,7.22177387753492e-05,1755.5073359882624,0.04821956729301746,0.02289748005568981,400,5,0.0001,ledoitwolf
5,0,5,OMPPI(DAG),1755.5555555555554,0.23202291529163466,0.22547192945990352,-0.006550985831731138,4.2915415367542104e-05,1.0,0.2334573072227141,-0.00798537776281058,6.376625801478971e-05,1.0,0.20907572583325984,0.2418681330865472,0.03279240725328738,6.998265656737846e-05,1752.175015719975,3.380539835580521,0.020254606381058693,400,5,0.0001,ledoitwolf
5,0,5,OMPPI(Exhaustive),1755.5555555555554,0.23202291529163466,0.22918946517464583,-0.0028334501169888227,8.028439565463972e-06,1.0,0.2334573072227141,-0.0042678420480682655,1.821447574725953e-05,1.0,0.21314936504476323,0.24522956530452844,0.0320802002597652,6.697580897930079e-05,1752.175015719975,3.380539835580521,0.01817595772445202,400,5,0.0001,ledoitwolf
5,0,5,VectorPPI++,1755.5555555555554,0.23202291529163466,0.22745380422557357,-0.004569111066061088,2.087677593400189e-05,1.0,0.2334573072227141,-0.006003502997140531,3.604204823667533e-05,1.0,0.20842510985157758,0.24648249859956955,0.038057388747991965,9.425877680331842e-05,1754.0586879060993,1.496867649456135,0.008837016299366951,400,5,0.0001,ledoitwolf
5,0,5,Classical,2066.6666666666665,0.23202291529163466,0.23094335431507418,-0.0010795609765604786,1.1654519021122142e-06,1.0,0.2334573072227141,-0.0025139529076399214,6.319959221831215e-06,1.0,0.21352151983830464,0.24836518879184372,0.03484366895353905,7.90117324441633e-05,2065.0,1.666666666666515,0.008329031988978386,400,5,0.0001,ledoitwolf
5,0,5,MultiPPI,2066.6666666666665,0.23202291529163466,0.23582314480752878,0.0038002295158941213,1.4441744373472867e-05,1.0,0.2334573072227141,0.0023658375848146784,5.597187477721751e-06,1.0,0.2203676144994726,0.25127867511558494,0.030911060616112367,6.218299564124458e-05,2066.607210228464,0.05945643820268742,0.021915432065725327,400,5,0.0001,ledoitwolf
5,0,5,OMPPI(DAG),2066.6666666666665,0.23202291529163466,0.21264904057212364,-0.01937387471951102,0.0003753470216473082,0.0,0.2334573072227141,-0.020808266650590462,0.00043298396100207524,0.0,0.1979525038963725,0.22734557724787477,0.029393073351502243,5.6225564386674905e-05,2064.777509955984,1.8891567106825278,0.01814521849155426,400,5,0.0001,ledoitwolf
5,0,5,OMPPI(Exhaustive),2066.6666666666665,0.23202291529163466,0.2225881860180981,-0.009434729273536557,8.901411646492765e-05,1.0,0.2334573072227141,-0.010869121204616,0.00011813779576063317,1.0,0.2076390754895041,0.2375372965466921,0.029898221057187983,5.8174749757108987e-05,2064.777509955984,1.8891567106825278,0.01746152713894844,400,5,0.0001,ledoitwolf
5,0,5,VectorPPI++,2066.6666666666665,0.23202291529163466,0.2284714673789998,-0.0035514479126348697,1.2612782276158573e-05,1.0,0.2334573072227141,-0.0049858398437143125,2.485859894716916e-05,1.0,0.21122064614206343,0.24572228861593615,0.034501642473872725,7.74681825939662e-05,2064.966254453993,1.7004122126736547,0.008563907817006111,400,5,0.0001,ledoitwolf
5,0,5,Classical,2377.7777777777774,0.23202291529163466,0.23612937204953266,0.004106456757898003,1.6862987104486175e-05,1.0,0.2334573072227141,0.00267206482681856,7.1399304387209e-06,1.0,0.21994630304552207,0.2523124410535432,0.03236613800802118,6.817506957975047e-05,2375.0,2.7777777777773736,0.0077662393450737,400,5,0.0001,ledoitwolf
5,0,5,MultiPPI,2377.7777777777774,0.23202291529163466,0.2514228118425291,0.01939989655089447,0.0003763559861854071,0.0,0.2334573072227141,0.017965504619815026,0.000322759356244595,0.0,0.23728794019911215,0.2655576834859461,0.028269743286833987,5.201008411168451e-05,2377.7279396352965,0.04983814248089402,0.0199565589427948,400,5,0.0001,ledoitwolf
5,0,5,OMPPI(DAG),2377.7777777777774,0.23202291529163466,0.2377550989782057,0.005732183686571052,3.2857929816591297e-05,1.0,0.2334573072227141,0.004297791755491609,1.8471013973571645e-05,1.0,0.22396866138214566,0.25154153657426576,0.02757287519212008,4.947752155149073e-05,2375.709075665479,2.0687021122985243,0.018305184319615364,400,5,0.0001,ledoitwolf
5,0,5,OMPPI(Exhaustive),2377.7777777777774,0.23202291529163466,0.23215844826899867,0.00013553297736401682,1.8369187953155095e-08,1.0,0.2334573072227141,-0.001298858953715426,1.6870345816467311e-06,1.0,0.21785171872100587,0.24646517781699148,0.028613459095985592,5.328249498778317e-05,2375.709075665479,2.0687021122985243,0.017091523855924606,400,5,0.0001,ledoitwolf
5,0,5,VectorPPI++,2377.7777777777774,0.23202291529163466,0.24020400197789685,0.00818108668626219,6.693017936813646e-05,1.0,0.2334573072227141,0.006746694755182747,4.551789011961039e-05,1.0,0.2238744503917684,0.2565335535640253,0.032659103172256884,6.941484145750842e-05,2375.6212534059946,2.15652437178278,0.00844046100974083,400,5,0.0001,ledoitwolf
5,0,5,Classical,2688.8888888888887,0.23202291529163466,0.21680109625017058,-0.01522181904146408,0.00023170377493107844,0.0,0.2334573072227141,-0.016656210972543523,0.00027742936396187923,0.0,0.2018616288901263,0.23174056361021486,0.029878934720088565,5.8099720814266064e-05,2686.0,2.888888888888687,0.007722549140453339,400,5,0.0001,ledoitwolf
5,0,5,MultiPPI,2688.8888888888887,0.23202291529163466,0.2268270888188368,-0.005195826472797871,2.6996612735427166e-05,1.0,0.2334573072227141,-0.006630218403877314,4.3959796083113435e-05,1.0,0.21330374963822438,0.2403504279994492,0.02704667836122481,4.760709697282173e-05,2688.853804233913,0.03508465497588986,0.020381148904561996,400,5,0.0001,ledoitwolf
5,0,5,OMPPI(DAG),2688.8888888888887,0.23202291529163466,0.24172309458654204,0.00970017929490738,9.409347835334983e-05,1.0,0.2334573072227141,0.008265787363827937,6.832324074401759e-05,1.0,0.2291912645340631,0.254254924639021,0.02506366010495787,4.088206376655546e-05,2685.2011108782226,3.6877780106660794,0.018191656097769737,400,5,0.0001,ledoitwolf
5,0,5,OMPPI(Exhaustive),2688.8888888888887,0.23202291529163466,0.23671285691533464,0.004689941623699984,2.1995552433713638e-05,1.0,0.2334573072227141,0.0032555496926205407,1.0598603801121697e-05,1.0,0.22345614405622424,0.24996956977444504,0.026513425718220796,4.574835863973882e-05,2685.2011108782226,3.6877780106660794,0.01713973842561245,400,5,0.0001,ledoitwolf
5,0,5,VectorPPI++,2688.8888888888887,0.23202291529163466,0.23172213470365463,-0.00030078058798002627,9.046896210561033e-08,1.0,0.2334573072227141,-0.0017351725190594691,3.0108236708991836e-06,1.0,0.21675659591200497,0.2466876734953043,0.029931077583299315,5.8302681813962885e-05,2686.5288199538877,2.3600689350009816,0.008521456271409988,400,5,0.0001,ledoitwolf
5,0,5,Classical,3000.0,0.23202291529163466,0.25264122424826696,0.020618308956632303,0.00042511466423114387,0.0,0.2334573072227141,0.01918391702555286,0.0003680226724432969,0.0,0.2378935410706099,0.267388907425924,0.029495366355314124,5.661759484102693e-05,2997.0,3.0,0.007648037746548653,400,5,0.0001,ledoitwolf
5,0,5,MultiPPI,3000.0,0.23202291529163466,0.23330259815565388,0.0012796828640192215,1.6375882324644374e-06,1.0,0.2334573072227141,-0.00015470906706022136,2.393489543064407e-08,1.0,0.22071475160570198,0.24589044470560578,0.025175693099903793,4.1248361146431434e-05,2999.9729616432614,0.027038356738557923,0.020470688119530678,400,5,0.0001,ledoitwolf
5,0,5,OMPPI(DAG),3000.0,0.23202291529163466,0.2353952024945677,0.003372287202933033,1.13723209790659e-05,1.0,0.2334573072227141,0.0019378952718535902,3.7554380846725003e-06,1.0,0.2228925060268742,0.2478978989622612,0.025005392935386984,4.0692202171004875e-05,2998.035003143995,1.9649968560052002,0.018392367288470268,400,5,0.0001,ledoitwolf
5,0,5,OMPPI(Exhaustive),3000.0,0.23202291529163466,0.2279756356651108,-0.0040472796265238475,1.6380472375275013e-05,1.0,0.2334573072227141,-0.00548167155760329,3.0048723065436885e-05,1.0,0.21550112204674382,0.2404501492834778,0.024949027236733975,4.050895695576014e-05,2998.035003143995,1.9649968560052002,0.017064163461327553,400,5,0.0001,ledoitwolf
5,0,5,VectorPPI++,3000.0,0.23202291529163466,0.24693994583717235,0.014917030545537696,0.00022251780029650467,0.0,0.2334573072227141,0.013482638614458253,0.00018178154400808077,1.0,0.23272594885716083,0.2611539428171839,0.02842799396002307,5.2594006490292195e-05,2997.6889540976736,2.311045902326441,0.008531056344509125,400,5,0.0001,ledoitwolf
6,0,6,Classical,200.0,0.23202291529163466,0.2487127544549103,0.016689839163275655,0.0002785507312960098,1.0,0.22959703602049328,0.019115718434417034,0.0003654106912639112,1.0,0.19235324822342426,0.30507226068639637,0.11271901246297211,0.0008268717929619672,198.0,2.0,0.007912196218967438,400,5,0.0001,ledoitwolf
6,0,6,MultiPPI,200.0,0.23202291529163466,0.22227958441418869,-0.009743330877445971,9.493249658739209e-05,1.0,0.22959703602049328,-0.0073174516063045925,5.354509801060966e-05,1.0,0.17857595697883494,0.26598321184954243,0.08740725487070747,0.0004972087793103242,199.95168727730035,0.0483127226996487,0.316528620198369,400,5,0.0001,ledoitwolf
6,0,6,OMPPI(DAG),200.0,0.23202291529163466,0.24059431148224728,0.008571396190612618,7.346883265644849e-05,1.0,0.22959703602049328,0.010997275461753997,0.00012094006758169659,1.0,0.18943438595740195,0.2917542370070926,0.10231985104969064,0.0006813395904722427,198.03605114231817,1.963948857681828,0.015464000403881073,400,5,0.0001,ledoitwolf
6,0,6,OMPPI(Exhaustive),200.0,0.23202291529163466,0.2646625194884823,0.03263960419684764,0.001065343762126874,1.0,0.22959703602049328,0.03506548346798902,0.001229588130843811,1.0,0.21796944156372294,0.31135559741324165,0.0933861558495187,0.0005675561363153424,198.03605114231817,1.963948857681828,0.015428686514496803,400,5,0.0001,ledoitwolf
6,0,6,VectorPPI++,200.0,0.23202291529163466,0.21525388673864215,-0.016769028552992504,0.0002812003186110779,1.0,0.22959703602049328,-0.014343149281851125,0.00020572593132146645,1.0,0.1612676786473235,0.2692400948299608,0.10797241618263732,0.0007586989214562317,197.83022427164116,2.169775728358843,0.008355202153325081,400,5,0.0001,ledoitwolf
6,0,6,Classical,511.1111111111111,0.23202291529163466,0.21324519016043736,-0.018777725131197298,0.00035260296110279857,1.0,0.22959703602049328,-0.01635184586005592,0.0002673828630310279,1.0,0.1798888916435555,0.2466014886773192,0.06671259703376371,0.0002896406554597109,509.0,2.111111111111086,0.007096940651535988,400,5,0.0001,ledoitwolf
6,0,6,MultiPPI,511.1111111111111,0.23202291529163466,0.22613534638539828,-0.005887568906236373,3.4663467625681365e-05,1.0,0.22959703602049328,-0.0034616896350949944,1.1983295129724115e-05,1.0,0.19368877874524024,0.2585819140255563,0.06489313528031608,0.00027405727895766455,511.08551666317334,0.02559444793774901,0.0171144288033247,400,5,0.0001,ledoitwolf
6,0,6,OMPPI(DAG),511.1111111111111,0.23202291529163466,0.22315027610553725,-0.008872639186097403,7.872372612667119e-05,1.0,0.22959703602049328,-0.006446759914956024,4.15607134010838e-05,1.0,0.19550592983896914,0.25079462237210537,0.05528869253313622,0.00019893741314864097,509.11695661286944,1.9941544982416417,0.015036188066005707,400,5,0.0001,ledoitwolf
6,0,6,OMPPI(Exhaustive),511.1111111111111,0.23202291529163466,0.2180910850894869,-0.01393183020214775,0.0001940958927814762,1.0,0.22959703602049328,-0.01150595093100637,0.00013238690682672636,1.0,0.1865196222414071,0.2496625479375667,0.06314292569615956,0.0002594736304338607,509.11695661286944,1.9941544982416417,0.014572719112038612,400,5,0.0001,ledoitwolf
6,0,6,VectorPPI++,511.1111111111111,0.23202291529163466,0.2376169997053762,0.00559408441374154,3.129378042806603e-05,1.0,0.22959703602049328,0.00801996368488292,6.43198175068408e-05,1.0,0.20281870975532412,0.27241528965542827,0.06959657990010414,0.0003152242520275382,509.2791867533012,1.8319243578098963,0.007124332711100578,400,5,0.0001,ledoitwolf
6,0,6,Classical,822.2222222222222,0.23202291529163466,0.2298028143965014,-0.002220100895133248,4.928847984571449e-06,1.0,0.22959703602049328,0.0002057783760081311,4.234474003254378e-08,1.0,0.202394462168699,0.2572111666243038,0.05481670445560483,0.00019555533637284752,820.0,2.2222222222221717,0.006567353382706642,400,5,0.0001,ledoitwolf
6,0,6,MultiPPI,822.2222222222222,0.23202291529163466,0.22196691486207057,-0.010056000429564088,0.00010112314463939313,1.0,0.22959703602049328,-0.007630121158422709,5.821874889220991e-05,1.0,0.1961065489868684,0.24782728073727273,0.0517207317504043,0.00017408972851581416,822.1994340809053,0.022788141316823385,0.019185934215784073,400,5,0.0001,ledoitwolf
6,0,6,OMPPI(DAG),822.2222222222222,0.23202291529163466,0.20431458431363536,-0.027708330977999296,0.0007677516055863554,0.0,0.22959703602049328,-0.025282451706857917,0.0006392023643096028,0.0,0.17950381408490237,0.22912535454236835,0.04962154045746597,0.0001602449350821761,819.6742821211486,2.54794010107355,0.016309048980474472,400,5,0.0001,ledoitwolf
6,0,6,OMPPI(Exhaustive),822.2222222222222,0.23202291529163466,0.2334379684580292,0.0014150531663945365,2.0023754637232036e-06,1.0,0.22959703602049328,0.0038409324375359155,1.475276198971559e-05,1.0,0.20932478911827643,0.257551147797782,0.04822635867950555,0.00015136057550293276,819.6742821211486,2.54794010107355,0.015132362022995949,400,5,0.0001,ledoitwolf
6,0,6,VectorPPI++,822.2222222222222,0.23202291529163466,0.23088705243934177,-0.0011358628522928904,1.2901844192189405e-06,1.0,0.22959703602049328,0.0012900164188484886,1.664142360898679e-06,1.0,0.20299285134507336,0.25878125353361014,0.05578840218853679,0.00020254973201740302,820.398239362817,1.8239828594051914,0.00766935758292675,400,5,0.0001,ledoitwolf
6,0,6,Classical,1133.3333333333333,0.23202291529163466,0.24570412146132742,0.013681206169692761,0.00018717540225763926,1.0,0.22959703602049328,0.01610708544083414,0.00025943820139833114,1.0,0.22163101467395505,0.2697772282486998,0.048146213574744766,0.00015085791555915208,1130.0,3.3333333333332575,0.006948556751012802,400,5,0.0001,ledoitwolf
6,0,6,MultiPPI,1133.3333333333333,0.23202291529163466,0.22865718851250152,-0.0033657267791331325,1.132811675177389e-05,1.0,0.22959703602049328,-0.0009398475079917534,8.833133382783091e-07,1.0,0.20789053637176733,0.24942384065323572,0.041533304281468376,0.00011226303892965727,1133.289876336198,0.043456997135308484,0.018963610753417015,400,5,0.0001,ledoitwolf
6,0,6,OMPPI(DAG),1133.3333333333333,0.23202291529163466,0.2445380925947714,0.012515177303136754,0.00015662966292894935,1.0,0.22959703602049328,0.014941056574278133,0.00022323517155577982,1.0,0.2234350044221642,0.26564118076737864,0.04220617634521442,0.00011593000243078597,1130.9025361559422,2.430797177391014,0.015806933864951134,400,5,0.0001,ledoitwolf
6,0,6,OMPPI(Exhaustive),1133.3333333333333,0.23202291529163466,0.2355615768840561,0.0035386615924214437,1.2522125865678668e-05,1.0,0.22959703602049328,0.005964540863562823,3.5575747713110744e-05,1.0,0.214607830590687,0.2565153231774252,0.04190749258673823,0.00011429498641548499,1130.9025361559422,2.430797177391014,0.016530347988009453,400,5,0.0001,ledoitwolf
6,0,6,VectorPPI++,1133.3333333333333,0.23202291529163466,0.2500632204962131,0.018040305204578444,0.0003254526118743401,1.0,0.22959703602049328,0.020466184475719823,0.0004188647069941951,1.0,0.22611700694040615,0.27400943405202005,0.047892427111613914,0.00014927171432146174,1132.012156780549,1.321176552784209,0.007740674540400505,400,5,0.0001,ledoitwolf
6,0,6,Classical,1444.4444444444443,0.23202291529163466,0.21021752611410488,-0.021805389177529777,0.0004754749971835327,0.0,0.22959703602049328,-0.019379509906388398,0.0003755654042118061,1.0,0.1903112879640489,0.23012376426416087,0.03981247630011195,0.00010315308214475219,1442.0,2.4444444444443434,0.00706033781170845,400,5,0.0001,ledoitwolf
6,0,6,MultiPPI,1444.4444444444443,0.23202291529163466,0.21534567791185838,-0.016677237379776277,0.00027813024662140713,1.0,0.22959703602049328,-0.014251358108634898,0.00020310120794055366,1.0,0.19696880436541575,0.233722551458301,0.036753747092885244,8.791177964024637e-05,1444.3997065604694,0.044737883974903525,0.017094692215323448,400,5,0.0001,ledoitwolf
6,0,6,OMPPI(DAG),1444.4444444444443,0.23202291529163466,0.232654851814475,0.000631936522840354,3.993437688995572e-07,1.0,0.22959703602049328,0.003057815793981733,9.350237429924136e-06,1.0,0.21492134719298672,0.2503883564359633,0.035467009242976584,8.186400032879247e-05,1442.8822049884718,1.5622394559725308,0.01395404152572155,400,5,0.0001,ledoitwolf
6,0,6,OMPPI(Exhaustive),1444.4444444444443,0.23202291529163466,0.23127580242964027,-0.0007471128619943868,5.581776285574436e-07,1.0,0.22959703602049328,0.0016787664091469923,2.818256656480287e-06,1.0,0.213124957170417,0.24942664768886355,0.03630169051844654,8.576251861649213e-05,1442.8822049884718,1.5622394559725308,0.014378320425748825,400,5,0.0001,ledoitwolf
6,0,6,VectorPPI++,1444.4444444444443,0.23202291529163466,0.23078079899780493,-0.0012421162938297259,1.542852887397294e-06,1.0,0.22959703602049328,0.0011837629773116531,1.4012947864537494e-06,1.0,0.21008359008363614,0.2514780079119737,0.041394417828337554,0.00011151348402567105,1443.2961643261372,1.1482801183071842,0.008148588240146637,400,5,0.0001,ledoitwolf
6,0,6,Classical,1755.5555555555554,0.23202291529163466,0.2431818456171995,0.011158930325564836,0.00012452172601081055,1.0,0.22959703602049328,0.013584809596706215,0.00018454705177876128,1.0,0.2237808978634726,0.2625827933709264,0.03880189550745379,9.798276938833051e-05,1753.0,2.5555555555554292,0.00662403367459774,400,5,0.0001,ledoitwolf
6,0,6,MultiPPI,1755.5555555555554,0.23202291529163466,0.24002947075805248,0.00800655546641782,6.410493043682507e-05,1.0,0.22959703602049328,0.010432434737559199,0.00010883569455343187,1.0,0.22376448804741497,0.25629445346868995,0.03252996542127501,6.886697864680861e-05,1755.5212743659608,0.03428118959459425,0.01689935103058815,400,5,0.0001,ledoitwolf
6,0,6,OMPPI(DAG),1755.5555555555554,0.23202291529163466,0.22278282348876308,-0.00924009180287158,8.537929652549457e-05,1.0,0.22959703602049328,-0.006814212531730202,4.643349242758893e-05,1.0,0.20686478048222046,0.2387008664953057,0.03183608601308525,6.596038249665677e-05,1753.4223433242507,2.1332122313046966,0.013332871720194817,400,5,0.0001,ledoitwolf
6,0,6,OMPPI(Exhaustive),1755.5555555555554,0.23202291529163466,0.2184545259814719,-0.01356838931016277,0.00018410118847213934,1.0,0.22959703602049328,-0.011142510039021392,0.00012415552996969249,1.0,0.2023626685933718,0.23454638336957198,0.0321837147762002,6.740873357902132e-05,1753.4223433242507,2.1332122313046966,0.012801019474864006,400,5,0.0001,ledoitwolf
6,0,6,VectorPPI++,1755.5555555555554,0.23202291529163466,0.23087356088480468,-0.0011493544068299777,1.3210155524994898e-06,1.0,0.22959703602049328,0.0012765248643114013,1.6295157292052416e-06,1.0,0.21230467526344574,0.24944244650616362,0.03713777124271787,8.975848221036168e-05,1753.9100817438691,1.6454738116863155,0.006981739774346352,400,5,0.0001,ledoitwolf
6,0,6,Classical,2066.6666666666665,0.23202291529163466,0.2217475064323777,-0.010275408859256957,0.00010558402722489635,1.0,0.22959703602049328,-0.007849529588115578,6.161511475470191e-05,1.0,0.20459461396651565,0.23890039889823975,0.034305784931724086,7.659114250045847e-05,2064.0,2.666666666666515,0.006106294691562653,400,5,0.0001,ledoitwolf
6,0,6,MultiPPI,2066.6666666666665,0.23202291529163466,0.22991606484337543,-0.0021068504482592287,4.438818811330113e-06,1.0,0.22959703602049328,0.0003190288228821503,1.0177938982957042e-07,1.0,0.21481149533664282,0.24502063435010804,0.030209139013465246,5.939098416327477e-05,2066.632152588556,0.034514078110532864,0.015578089281916618,400,5,0.0001,ledoitwolf
6,0,6,OMPPI(DAG),2066.6666666666665,0.23202291529163466,0.22355294498172165,-0.008469970309913005,7.174039705080781e-05,1.0,0.22959703602049328,-0.006044091038771626,3.6531036484959476e-05,1.0,0.20800205603502814,0.23910383392841517,0.03110177789338702,6.295268498770405e-05,2064.6009222385246,2.0657444281418975,0.012507133185863495,400,5,0.0001,ledoitwolf
6,0,6,OMPPI(Exhaustive),2066.6666666666665,0.23202291529163466,0.22351288867941504,-0.008510026612219612,7.242055294068601e-05,1.0,0.22959703602049328,-0.006084147341078233,3.7016848867949334e-05,1.0,0.20819124998362645,0.23883452737520364,0.030643277391577184,6.111027692387659e-05,2064.6009222385246,2.0657444281418975,0.012633342295885086,400,5,0.0001,ledoitwolf
6,0,6,VectorPPI++,2066.6666666666665,0.23202291529163466,0.2064638914953248,-0.025559023796309865,0.000653263697420334,0.0,0.22959703602049328,-0.023133144525168486,0.0005351423756223327,0.0,0.18945749583183644,0.22347028715881315,0.034012791326976696,7.528845341386627e-05,2064.359044225529,2.3076224411374824,0.006728028878569603,400,5,0.0001,ledoitwolf
6,0,6,Classical,2377.7777777777774,0.23202291529163466,0.2282493071909103,-0.003773608100724357,1.424011809785249e-05,1.0,0.22959703602049328,-0.0013477288295829781,1.816372998089104e-06,1.0,0.21213013971262393,0.24436847466919667,0.03223833495657275,6.763773147673521e-05,2375.0,2.7777777777773736,0.005589485168457031,400,5,0.0001,ledoitwolf
6,0,6,MultiPPI,2377.7777777777774,0.23202291529163466,0.24478409988764033,0.01276118459600567,0.0001628478322933324,1.0,0.22959703602049328,0.01518706386714705,0.00023064690890480349,0.0,0.2304792601309809,0.25908893964429974,0.02860967951331884,5.326841963302083e-05,2377.737162020541,0.04061575723653732,0.017689641565084457,400,5,0.0001,ledoitwolf
6,0,6,OMPPI(DAG),2377.7777777777774,0.23202291529163466,0.23551233069463157,0.0034894154029969093,1.2176019854672084e-05,1.0,0.22959703602049328,0.005915294674138288,3.49907110818888e-05,1.0,0.22151580986381011,0.24950885152545302,0.027993041661642914,5.099692708204555e-05,2375.060574303081,2.717203474696362,0.015552237629890442,400,5,0.0001,ledoitwolf
6,0,6,OMPPI(Exhaustive),2377.7777777777774,0.23202291529163466,0.22998407721012493,-0.0020388380815097307,4.156860722614279e-06,1.0,0.22959703602049328,0.00038704118963164835,1.4980088247148157e-07,1.0,0.21605738473482766,0.2439107696854222,0.02785338495059455,5.048935114354703e-05,2375.060574303081,2.717203474696362,0.014741338789463043,400,5,0.0001,ledoitwolf
6,0,6,VectorPPI++,2377.7777777777774,0.23202291529163466,0.22943682426080508,-0.0025860910308295737,6.687866819737167e-06,1.0,0.22959703602049328,-0.00016021175968819468,2.566780794238784e-08,1.0,0.21324655180940957,0.2456270967122006,0.03238054490279102,6.823577559606697e-05,2375.808006707189,1.9697710705881946,0.00643567182123661,400,5,0.0001,ledoitwolf
6,0,6,Classical,2688.8888888888887,0.23202291529163466,0.23035433874638447,-0.0016685765452501833,2.784147687359037e-06,1.0,0.22959703602049328,0.0007573027258911957,5.735074186422355e-07,1.0,0.2151903134850039,0.24551836400776506,0.03032805052276116,5.9859462995945474e-05,2687.0,1.8888888888886868,0.007255511358380318,400,5,0.0001,ledoitwolf
6,0,6,MultiPPI,2688.8888888888887,0.23202291529163466,0.2358220945679428,0.0037991792763081567,1.443376317352937e-05,1.0,0.22959703602049328,0.006225058547449536,3.875135391917452e-05,1.0,0.222384977447164,0.24925921168872162,0.026874234241557632,4.700196590546867e-05,2688.863655418151,0.025233470737475727,0.01704655960202217,400,5,0.0001,ledoitwolf
6,0,6,OMPPI(DAG),2688.8888888888887,0.23202291529163466,0.2288435299073336,-0.00317938538430107,1.0108491421907262e-05,1.0,0.22959703602049328,-0.000753506113159691,5.67771462569025e-07,1.0,0.21551601622154973,0.24217104359311745,0.026655027371567722,4.6238324900918994e-05,2686.3693146090964,2.519574279792323,0.01521279476583004,400,5,0.0001,ledoitwolf
6,0,6,OMPPI(Exhaustive),2688.8888888888887,0.23202291529163466,0.22065575250720626,-0.011367162784428397,0.00012921238976769395,1.0,0.22959703602049328,-0.008941283513287018,7.994655086497825e-05,1.0,0.20754977015061463,0.2337617348637979,0.026211964713183267,4.471394372522626e-05,2686.3693146090964,2.519574279792323,0.015060404315590858,400,5,0.0001,ledoitwolf
6,0,6,VectorPPI++,2688.8888888888887,0.23202291529163466,0.22707459969157262,-0.0049483156000620365,2.4485827277817312e-05,1.0,0.22959703602049328,-0.0025224363289206575,6.362685033458724e-06,1.0,0.2124210407353642,0.24172815864778105,0.029307117912416854,5.589719950304623e-05,2687.092014252777,1.7968746361116246,0.007930584251880646,400,5,0.0001,ledoitwolf
6,0,6,Classical,3000.0,0.23202291529163466,0.22742089478141297,-0.004602020510221683,2.1178592776501038e-05,1.0,0.22959703602049328,-0.0021761412390803037,4.735590692425959e-06,1.0,0.21310414292763796,0.24173764663518799,0.028633503707549995,5.335717320159462e-05,2997.0,3.0,0.007326165214180946,400,5,0.0001,ledoitwolf
6,0,6,MultiPPI,3000.0,0.23202291529163466,0.2389594324471882,0.006936517155553545,4.811527024928865e-05,1.0,0.22959703602049328,0.009362396426694924,8.76544668505899e-05,1.0,0.2261834144283409,0.2517354504660355,0.0255520360376946,4.249079426248202e-05,2999.9688744498008,0.03112555019924912,0.01905910298228264,400,5,0.0001,ledoitwolf
6,0,6,OMPPI(DAG),3000.0,0.23202291529163466,0.2320821740732616,5.925878162693632e-05,3.5116031999089253e-09,1.0,0.22959703602049328,0.0024851380527683153,6.1759111413170945e-06,1.0,0.21966487998593442,0.24449946816058876,0.02483458817465436,4.013818698785625e-05,2997.450220079648,2.5497799203521936,0.017555197700858116,400,5,0.0001,ledoitwolf
6,0,6,OMPPI(Exhaustive),3000.0,0.23202291529163466,0.21992057870231613,-0.01210233658931853,0.00014646655092115808,1.0,0.22959703602049328,-0.00967645731817715,9.363382623050414e-05,1.0,0.20762542529305336,0.2322157321115789,0.024590306818525545,3.935244510313154e-05,2997.450220079648,2.5497799203521936,0.016519788652658463,400,5,0.0001,ledoitwolf
6,0,6,VectorPPI++,3000.0,0.23202291529163466,0.22329621658734594,-0.008726698704288716,7.615527027543435e-05,1.0,0.22959703602049328,-0.006300819433147337,3.970032552912712e-05,1.0,0.2095216136190027,0.23707081955568918,0.027549205936686458,4.939261249225247e-05,2998.123454202473,1.8765457975268873,0.007911479100584984,400,5,0.0001,ledoitwolf
7,0,7,Classical,200.0,0.23202291529163466,0.22403499278499278,-0.007987922506641876,6.380690597211583e-05,1.0,0.23147412733458583,-0.007439134549593052,5.5340722846949013e-05,1.0,0.16933575395539266,0.2787342316145929,0.10939847765920024,0.0007788725242659241,198.0,2.0,0.007081367075443268,400,5,0.0001,ledoitwolf
7,0,7,MultiPPI,200.0,0.23202291529163466,0.2551778023601083,0.02315488706847363,0.0005361487951537672,1.0,0.23147412733458583,0.023703675025522453,0.0005618642097155769,1.0,0.20352019417422457,0.306835410545992,0.10331521637176745,0.0006946601819889091,199.95923286522742,0.04076713477257954,0.3216586001217365,400,5,0.0001,ledoitwolf
7,0,7,OMPPI(DAG),200.0,0.23202291529163466,0.2859939098299492,0.053970994538314554,0.0029128682514547796,0.0,0.23147412733458583,0.05451978249536338,0.002972406683341731,0.0,0.2370409848023074,0.334946834857591,0.09790585005528366,0.0006238226102678646,197.75916998532804,2.240830014671957,0.016278307884931564,400,5,0.0001,ledoitwolf
7,0,7,OMPPI(Exhaustive),200.0,0.23202291529163466,0.20880537429835894,-0.02321754099327572,0.0005390542097744386,1.0,0.23147412733458583,-0.022668753036226896,0.0005138723642174461,1.0,0.1629189141724873,0.2546918344242306,0.09177292025174327,0.0005481165674718195,197.75916998532804,2.240830014671957,0.015522172674536705,400,5,0.0001,ledoitwolf
7,0,7,VectorPPI++,200.0,0.23202291529163466,0.2917813910058598,0.05975847571422516,0.003571075419687638,1.0,0.23147412733458583,0.06030726367127398,0.0036369660515165624,1.0,0.2313316033320752,0.35223117867964443,0.12089957534756926,0.0009512471694660415,198.5879270593167,1.412072940683288,0.007365569472312927,400,5,0.0001,ledoitwolf
7,0,7,Classical,511.1111111111111,0.23202291529163466,0.25015931671146846,0.018136401419833803,0.0003289290564613496,1.0,0.23147412733458583,0.018685189376882627,0.0003491363020499674,1.0,0.21373648581757654,0.2865821476053604,0.07284566178778386,0.0003453434417098181,508.0,3.111111111111086,0.007705869153141975,400,5,0.0001,ledoitwolf
7,0,7,MultiPPI,511.1111111111111,0.23202291529163466,0.23042572757965898,-0.0015971877119756728,2.5510085872860847e-06,1.0,0.23147412733458583,-0.0010483997549268487,1.0991420461306763e-06,1.0,0.20066299218457273,0.26018846297474524,0.0595254707901725,0.0002305947973269848,511.06738629218194,0.04372481892914948,0.0179847851395607,400,5,0.0001,ledoitwolf
7,0,7,OMPPI(DAG),511.1111111111111,0.23202291529163466,0.2321709288818154,0.00014801359018074,2.1908022878192054e-08,1.0,0.23147412733458583,0.0006968015472295641,4.855323962215145e-07,1.0,0.20287079883297474,0.26147105893065603,0.05860026009768131,0.00022348218761430075,508.2762523579962,2.8348587531148723,0.01573585905134678,400,5,0.0001,ledoitwolf
7,0,7,OMPPI(Exhaustive),511.1111111111111,0.23202291529163466,0.23695341570085388,0.004930500409219218,2.430983428531088e-05,1.0,0.23147412733458583,0.0054792883662680425,3.0022601000720316e-05,1.0,0.20718540621395515,0.2667214251877526,0.05953601897379744,0.0002306765294576225,508.2762523579962,2.8348587531148723,0.014674732461571693,400,5,0.0001,ledoitwolf
7,0,7,VectorPPI++,511.1111111111111,0.23202291529163466,0.23925776535108997,0.007234850059455317,5.2343055382800597e-05,1.0,0.23147412733458583,0.007783638016504141,6.058502077196851e-05,1.0,0.20421780263523132,0.27429772806694863,0.07007992543171732,0.00031961789633525473,509.7172500523999,1.3938610587111953,0.007699362933635712,400,5,0.0001,ledoitwolf
7,0,7,Classical,822.2222222222222,0.23202291529163466,0.22872930894952803,-0.0032936063421066253,1.0847842736764985e-05,1.0,0.23147412733458583,-0.002744818385057801,7.534027966951316e-06,1.0,0.20130649044944324,0.25615212744961285,0.0548456370001696,0.00019576182111792368,821.0,1.2222222222221717,0.007555671036243439,400,5,0.0001,ledoitwolf
7,0,7,MultiPPI,822.2222222222222,0.23202291529163466,0.2246248519692625,-0.007398063322372167,5.4731340921828306e-05,1.0,0.23147412733458583,-0.006849275365323343,4.691257303002521e-05,1.0,0.20152351068579263,0.24772619325273235,0.04620268256693973,0.00013892429777469755,822.1737581219869,0.048464100235264596,0.018032483756542206,400,5,0.0001,ledoitwolf
7,0,7,OMPPI(DAG),822.2222222222222,0.23202291529163466,0.245079867015419,0.013056951723784349,0.00017048398831723507,1.0,0.23147412733458583,0.013605739680833173,0.00018511615226259837,1.0,0.22202423757614687,0.26813549645469115,0.04611125887854427,0.00013837504803578302,819.8258226786838,2.3963995435383367,0.013976693153381348,400,5,0.0001,ledoitwolf
7,0,7,OMPPI(Exhaustive),822.2222222222222,0.23202291529163466,0.23805592130642406,0.006033006014789399,3.639716157448507e-05,1.0,0.23147412733458583,0.0065817939718382235,4.332001188772598e-05,1.0,0.21347497769172286,0.26263686492112526,0.04916188722940242,0.00015728992999590227,819.8258226786838,2.3963995435383367,0.013123562559485435,400,5,0.0001,ledoitwolf
7,0,7,VectorPPI++,822.2222222222222,0.23202291529163466,0.24303548579704515,0.01101257050541049,0.00012127670913663706,1.0,0.23147412733458583,0.011561358462459315,0.00013366500949747961,1.0,0.21577031055765974,0.2703006610364306,0.05453035047877082,0.0001935175711970979,820.099140641375,2.123081580847156,0.008363775908946991,400,5,0.0001,ledoitwolf
7,0,7,Classical,1133.3333333333333,0.23202291529163466,0.2242106397509886,-0.007812275540646063,6.103164912297674e-05,1.0,0.23147412733458583,-0.007263487583597239,5.2758251877071255e-05,1.0,0.20132968265058077,0.24709159685139642,0.04576191420081565,0.00013628629702090714,1131.0,2.3333333333332575,0.0067090317606925964,400,5,0.0001,ledoitwolf
7,0,7,MultiPPI,1133.3333333333333,0.23202291529163466,0.22860320962319497,-0.0034197056684396876,1.169438685875853e-05,1.0,0.23147412733458583,-0.0028709177113908635,8.242168505577754e-06,1.0,0.20979433002920309,0.24741208921718685,0.03761775918798376,9.209364673532012e-05,1133.2818067491091,0.0515265842241206,0.016269521787762642,400,5,0.0001,ledoitwolf
7,0,7,OMPPI(DAG),1133.3333333333333,0.23202291529163466,0.2395709636774328,0.007548048385798145,5.697303443434998e-05,1.0,0.23147412733458583,0.00809683634284697,6.555875876284749e-05,1.0,0.21898811908676996,0.26015380826809564,0.041165689181325654,0.0001102845328345409,1130.1955564871096,3.1377768462236872,0.013666374608874321,400,5,0.0001,ledoitwolf
7,0,7,OMPPI(Exhaustive),1133.3333333333333,0.23202291529163466,0.23786396810275204,0.005841052811117381,3.411789794226226e-05,1.0,0.23147412733458583,0.006389840768166205,4.083006504251888e-05,1.0,0.21811342459055524,0.2576145116149488,0.03950108702439357,0.00010154578956457299,1130.1955564871096,3.1377768462236872,0.013012122362852097,400,5,0.0001,ledoitwolf
7,0,7,VectorPPI++,1133.3333333333333,0.23202291529163466,0.24168916969239815,0.009666254400763491,9.343647414027956e-05,1.0,0.23147412733458583,0.010215042357812315,0.00010434709037189978,1.0,0.21810906009585618,0.2652692792889401,0.047160219193083955,0.0001447422957105816,1131.1408509746384,2.1924823586948605,0.00679394043982029,400,5,0.0001,ledoitwolf
7,0,7,Classical,1444.4444444444443,0.23202291529163466,0.22633135837853713,-0.0056915569130975285,3.239382009502827e-05,1.0,0.23147412733458583,-0.005142768956048704,2.6448072535298282e-05,1.0,0.2056049002182289,0.24705781653884537,0.04145291632061646,0.00011182888791018835,1442.0,2.4444444444443434,0.006427636370062828,400,5,0.0001,ledoitwolf
7,0,7,MultiPPI,1444.4444444444443,0.23202291529163466,0.23130019239813626,-0.0007227228934983954,5.22328380786693e-07,1.0,0.23147412733458583,-0.00017393493644957125,3.025336211771639e-08,1.0,0.21324634792485414,0.24935403687141838,0.036107688946564236,8.484831296631311e-05,1444.399496960805,0.04494748363936196,0.01564197987318039,400,5,0.0001,ledoitwolf
7,0,7,OMPPI(DAG),1444.4444444444443,0.23202291529163466,0.22938492623682474,-0.002637989054809914,6.958986253296903e-06,1.0,0.23147412733458583,-0.0020892010977610898,4.364761226886143e-06,1.0,0.211982528416356,0.24678732405729348,0.034804795640937455,7.883553203028556e-05,1442.825613079019,1.6188313654254216,0.012098997831344604,400,5,0.0001,ledoitwolf
7,0,7,OMPPI(Exhaustive),1444.4444444444443,0.23202291529163466,0.23246531968508324,0.0004424043934485866,1.9572164734261183e-07,1.0,0.23147412733458583,0.0009911923504974107,9.82462275684582e-07,1.0,0.21426648596442974,0.2506641534057367,0.036397667441307006,8.621660786985863e-05,1442.825613079019,1.6188313654254216,0.01252807304263115,400,5,0.0001,ledoitwolf
7,0,7,VectorPPI++,1444.4444444444443,0.23202291529163466,0.2372510700041459,0.005228154712511229,2.7333601697953375e-05,1.0,0.23147412733458583,0.005776942669560053,3.337306660738364e-05,1.0,0.21596337944065916,0.2585387605676326,0.042575381126973455,0.00011796710330084392,1442.2701739677218,2.1742704767225405,0.006876489147543907,400,5,0.0001,ledoitwolf
7,0,7,Classical,1755.5555555555554,0.23202291529163466,0.22768543300591568,-0.00433748228571898,1.8813752578925947e-05,1.0,0.23147412733458583,-0.0037886943286701558,1.4354204716097401e-05,1.0,0.20878931444251406,0.2465815515693173,0.03779223712680324,9.294992174291029e-05,1753.0,2.5555555555554292,0.005519650876522064,400,5,0.0001,ledoitwolf
7,0,7,MultiPPI,1755.5555555555554,0.23202291529163466,0.22715898544641094,-0.004863929845223713,2.3657813539257977e-05,1.0,0.23147412733458583,-0.004315141888174889,1.8620449515081548e-05,1.0,0.21057694148342684,0.24374102940939504,0.0331640879259682,7.157806313296709e-05,1755.5135191783693,0.042036377186150276,0.01832147128880024,400,5,0.0001,ledoitwolf
7,0,7,OMPPI(DAG),1755.5555555555554,0.23202291529163466,0.2506080975326129,0.018585182240978215,0.000345408998930372,0.0,0.23147412733458583,0.01913397019802704,0.0003661088155389869,0.0,0.2339916747197705,0.26722452034545524,0.033232845625684744,7.187517034095345e-05,1752.4439320897088,3.1116234658466055,0.014598896726965904,400,5,0.0001,ledoitwolf
7,0,7,OMPPI(Exhaustive),1755.5555555555554,0.23202291529163466,0.2315578984666865,-0.0004650168249481501,2.162406474848585e-07,1.0,0.23147412733458583,8.3771132100674e-05,7.017602573428573e-09,1.0,0.21517842901326606,0.24793736792010695,0.032758938906840916,6.983987909235384e-05,1752.4439320897088,3.1116234658466055,0.014482365921139717,400,5,0.0001,ledoitwolf
7,0,7,VectorPPI++,1755.5555555555554,0.23202291529163466,0.2289775866940782,-0.0030453285975564626,9.274026267095212e-06,1.0,0.23147412733458583,-0.0024965406405076385,6.23271516970629e-06,1.0,0.2102291057306761,0.2477260676574803,0.03749696192680421,9.150313847996333e-05,1753.399496960805,2.156058594750448,0.0060304924845695496,400,5,0.0001,ledoitwolf
7,0,7,Classical,2066.6666666666665,0.23202291529163466,0.23050475307824705,-0.0015181622133876027,2.304816506157945e-06,1.0,0.23147412733458583,-0.0009693742563387786,9.396864488523601e-07,1.0,0.21314446732784584,0.24786503882864827,0.03472057150080243,7.845444540809271e-05,2064.0,2.666666666666515,0.007139619439840317,400,5,0.0001,ledoitwolf
7,0,7,MultiPPI,2066.6666666666665,0.23202291529163466,0.22510835114038324,-0.006914564151251412,4.7811197401771165e-05,1.0,0.23147412733458583,-0.006365776194202588,4.052310655467639e-05,1.0,0.21004133226753482,0.24017537001323166,0.030134037745696837,5.9096053950085134e-05,2066.616013414379,0.050653252287702344,0.016965707764029503,400,5,0.0001,ledoitwolf
7,0,7,OMPPI(DAG),2066.6666666666665,0.23202291529163466,0.21511361817413677,-0.01690929711749789,0.00028592432900782246,0.0,0.23147412733458583,-0.016360509160449066,0.0002676662599891378,0.0,0.1999860198448146,0.23024121650345894,0.03025519665864434,5.957222031914435e-05,2064.762104380633,1.9045622860335243,0.015980223193764687,400,5,0.0001,ledoitwolf
7,0,7,OMPPI(Exhaustive),2066.6666666666665,0.23202291529163466,0.23656319588463742,0.004540280593002766,2.0614147863197546e-05,1.0,0.23147412733458583,0.00508906855005159,2.589861870712419e-05,1.0,0.22151597609547696,0.2516104156737979,0.03009443957832093,5.8940843557549836e-05,2064.762104380633,1.9045622860335243,0.015288198366761208,400,5,0.0001,ledoitwolf
7,0,7,VectorPPI++,2066.6666666666665,0.23202291529163466,0.22203367831040954,-0.009989236981225114,9.978485546707543e-05,1.0,0.23147412733458583,-0.00944044902417629,8.912207777807106e-05,1.0,0.20479769184618388,0.2392696647746352,0.03447197292845134,7.733500299276679e-05,2065.111297421924,1.555369244742451,0.00808212161064148,400,5,0.0001,ledoitwolf
7,0,7,Classical,2377.7777777777774,0.23202291529163466,0.2404060039544847,0.008383088662850036,7.02761755292048e-05,1.0,0.23147412733458583,0.00893187661989886,7.977841995309588e-05,1.0,0.2237667352035274,0.257045272705442,0.03327853750191455,7.207294871289433e-05,2376.0,1.7777777777773736,0.0076907481998205185,400,5,0.0001,ledoitwolf
7,0,7,MultiPPI,2377.7777777777774,0.23202291529163466,0.2384364543299355,0.006413539038300831,4.113348299580874e-05,1.0,0.23147412733458583,0.006962326995349655,4.847399719017455e-05,1.0,0.22419041039906665,0.25268249826080436,0.02849208786173768,5.283143127473986e-05,2377.73621882205,0.041558955727396096,0.02068265900015831,400,5,0.0001,ledoitwolf
7,0,7,OMPPI(DAG),2377.7777777777774,0.23202291529163466,0.22850057712142957,-0.003522338170205086,1.2406866185283714e-05,1.0,0.23147412733458583,-0.002973550213156262,8.84200087016165e-06,1.0,0.21435762241463935,0.2426435318282198,0.028285909413580456,5.2069585325445995e-05,2374.493397610564,3.284380167213385,0.017498377710580826,400,5,0.0001,ledoitwolf
7,0,7,OMPPI(Exhaustive),2377.7777777777774,0.23202291529163466,0.22506529912020717,-0.006957616171427483,4.840842278890923e-05,1.0,0.23147412733458583,-0.006408828214378659,4.1073079081415954e-05,1.0,0.21127255206352696,0.23885804617688738,0.02758549411336042,4.952281938953222e-05,2374.493397610564,3.284380167213385,0.016327613964676857,400,5,0.0001,ledoitwolf
7,0,7,VectorPPI++,2377.7777777777774,0.23202291529163466,0.254453833959696,0.02243091866806135,0.0005031461122931832,0.0,0.23147412733458583,0.022979706625110174,0.0005280669165761325,0.0,0.23777668983122377,0.2711309780881683,0.03335428825694449,7.240143634588816e-05,2375.8230978830434,1.9546798947339994,0.008117618039250374,400,5,0.0001,ledoitwolf
7,0,7,Classical,2688.8888888888887,0.23202291529163466,0.2293338844072235,-0.0026890308844111643,7.230887097317088e-06,1.0,0.23147412733458583,-0.0021402429273623402,4.5806397881245195e-06,1.0,0.21437231208664073,0.24429545672780625,0.029923144641165536,5.827178078758645e-05,2686.0,2.888888888888687,0.007708461955189705,400,5,0.0001,ledoitwolf
7,0,7,MultiPPI,2688.8888888888887,0.23202291529163466,0.2341599476277949,0.0021370323361602495,4.566907205794533e-06,1.0,0.23147412733458583,0.0026858202932090736,7.213630647413674e-06,1.0,0.2207917734718518,0.247528121783738,0.026736348311886222,4.6520889225967025e-05,2688.833053867114,0.055835021774782945,0.019444258883595467,400,5,0.0001,ledoitwolf
7,0,7,OMPPI(DAG),2688.8888888888887,0.23202291529163466,0.2300270881980089,-0.0019958270936257516,3.9833257876506146e-06,1.0,0.23147412733458583,-0.0014470391365769275,2.0939222627853e-06,1.0,0.2168395468498749,0.24321462954614292,0.026375082696268023,4.527218823012651e-05,2686.8287570739885,2.06013181490016,0.01749071478843689,400,5,0.0001,ledoitwolf
7,0,7,OMPPI(Exhaustive),2688.8888888888887,0.23202291529163466,0.2293930250583826,-0.0026298902332520524,6.9163226389545345e-06,1.0,0.23147412733458583,-0.0020811022762032283,4.330986684018258e-06,1.0,0.21629568582773034,0.24249036428903487,0.02619467846130454,4.465498731853823e-05,2686.8287570739885,2.06013181490016,0.0164067130535841,400,5,0.0001,ledoitwolf
7,0,7,VectorPPI++,2688.8888888888887,0.23202291529163466,0.24405369430165938,0.012030779010024722,0.00014473964358805143,1.0,0.23147412733458583,0.012579566967073547,0.00015824550507908796,1.0,0.22832255565556228,0.25978483294775645,0.03146227729219419,6.442050654548306e-05,2687.1173758121986,1.7715130766900984,0.008630003780126572,400,5,0.0001,ledoitwolf
7,0,7,Classical,3000.0,0.23202291529163466,0.23733100203986385,0.0053080867482291905,2.8175784926726342e-05,1.0,0.23147412733458583,0.005856874705278015,3.430298131332543e-05,1.0,0.2228443960652525,0.2518176080144752,0.028973211949222717,5.463074380313803e-05,2999.0,1.0,0.007748447358608246,400,5,0.0001,ledoitwolf
7,0,7,MultiPPI,3000.0,0.23202291529163466,0.22688569289321125,-0.005137222398423402,2.6391053970863093e-05,1.0,0.23147412733458583,-0.004588434441374578,2.1053730622792437e-05,1.0,0.21454920237721564,0.23922218340920687,0.024672981031991226,3.9617500890911597e-05,2999.966359253825,0.033640746175024105,0.019954226911067963,400,5,0.0001,ledoitwolf
7,0,7,OMPPI(DAG),3000.0,0.23202291529163466,0.22692116153037087,-0.005101753761263789,2.6027891440569216e-05,1.0,0.23147412733458583,-0.0045529658042149646,2.072949761435082e-05,1.0,0.214688081688409,0.23915424137233274,0.024466159683923714,3.895609699462381e-05,2996.5944246489207,3.4055753510792783,0.01765255257487297,400,5,0.0001,ledoitwolf
7,0,7,OMPPI(Exhaustive),3000.0,0.23202291529163466,0.22396611909975708,-0.008056796191877574,6.491196487745299e-05,1.0,0.23147412733458583,-0.00750800823482875,5.637018765425633e-05,1.0,0.2112098091054513,0.23672242909406285,0.02551261998861153,4.235980450817956e-05,2996.5944246489207,3.4055753510792783,0.01645345240831375,400,5,0.0001,ledoitwolf
7,0,7,VectorPPI++,3000.0,0.23202291529163466,0.2163413503151942,-0.015681564976440465,0.00024591148011032424,0.0,0.23147412733458583,-0.015132777019391641,0.00022900094031862777,0.0,0.20240697008674496,0.23027573054364342,0.027868760456898452,5.054510835961846e-05,2997.99413120939,2.0058687906098385,0.00866561010479927,400,5,0.0001,ledoitwolf
